-- ============================================================
-- OracleChat seed data — generated by oracle/generate_seed.py
-- Generated: 2026-03-25 10:07
-- Run as: oraclechat user connected to ORCLPDB
-- ============================================================

-- CUSTOMERS
INSERT INTO customers (customer_id,first_name,last_name,email,phone,city,country,registration_date,status) VALUES (1,'Danielle','Johnson','danielle.johnson.1@yahoo.com','+212685822412','Rabat','Morocco',TO_DATE('2022-01-26','YYYY-MM-DD'),'ACTIVE');
INSERT INTO customers (customer_id,first_name,last_name,email,phone,city,country,registration_date,status) VALUES (2,'John','Taylor','john.taylor.2@gmail.com','+212632868828','Fes','Morocco',TO_DATE('2022-05-23','YYYY-MM-DD'),'ACTIVE');
INSERT INTO customers (customer_id,first_name,last_name,email,phone,city,country,registration_date,status) VALUES (3,'Erica','Mcclain','erica.mcclain.3@gmail.com','+212690825067','Kenitra','Morocco',TO_DATE('2022-03-31','YYYY-MM-DD'),'ACTIVE');
INSERT INTO customers (customer_id,first_name,last_name,email,phone,city,country,registration_date,status) VALUES (4,'Brittany','Johnson','brittany.johnson.4@gmail.com','+212604265799','Casablanca','Morocco',TO_DATE('2022-04-06','YYYY-MM-DD'),'ACTIVE');
INSERT INTO customers (customer_id,first_name,last_name,email,phone,city,country,registration_date,status) VALUES (5,'Jeffery','Wagner','jeffery.wagner.5@gmail.com','+212667827638','Tetouan','Morocco',TO_DATE('2022-01-28','YYYY-MM-DD'),'ACTIVE');
INSERT INTO customers (customer_id,first_name,last_name,email,phone,city,country,registration_date,status) VALUES (6,'Anna','Baldwin','anna.baldwin.6@hotmail.com','+212696102525','Kenitra','Morocco',TO_DATE('2023-03-06','YYYY-MM-DD'),'ACTIVE');
INSERT INTO customers (customer_id,first_name,last_name,email,phone,city,country,registration_date,status) VALUES (7,'Amy','Robinson','amy.robinson.7@hotmail.com','+212679089901','Tangier','Morocco',TO_DATE('2022-01-07','YYYY-MM-DD'),'ACTIVE');
INSERT INTO customers (customer_id,first_name,last_name,email,phone,city,country,registration_date,status) VALUES (8,'Joshua','Booth','joshua.booth.8@gmail.com','+212621429110','Meknes','Morocco',TO_DATE('2022-12-15','YYYY-MM-DD'),'ACTIVE');
INSERT INTO customers (customer_id,first_name,last_name,email,phone,city,country,registration_date,status) VALUES (9,'Helen','Peterson','helen.peterson.9@gmail.com','+212628898923','Agadir','Morocco',TO_DATE('2022-04-15','YYYY-MM-DD'),'ACTIVE');
INSERT INTO customers (customer_id,first_name,last_name,email,phone,city,country,registration_date,status) VALUES (10,'Jason','Gallagher','jason.gallagher.10@gmail.com','+212612981052','Agadir','Morocco',TO_DATE('2022-12-19','YYYY-MM-DD'),'ACTIVE');
INSERT INTO customers (customer_id,first_name,last_name,email,phone,city,country,registration_date,status) VALUES (11,'Christopher','Davis','christopher.davis.11@yahoo.com','+212605831819','Oujda','Morocco',TO_DATE('2023-07-04','YYYY-MM-DD'),'ACTIVE');
INSERT INTO customers (customer_id,first_name,last_name,email,phone,city,country,registration_date,status) VALUES (12,'Cassandra','Roman','cassandra.roman.12@hotmail.com','+212650806024','Rabat','Morocco',TO_DATE('2023-07-20','YYYY-MM-DD'),'ACTIVE');
INSERT INTO customers (customer_id,first_name,last_name,email,phone,city,country,registration_date,status) VALUES (13,'Stephen','Martinez','stephen.martinez.13@yahoo.com','+212684374605','Tetouan','Morocco',TO_DATE('2023-01-06','YYYY-MM-DD'),'ACTIVE');
INSERT INTO customers (customer_id,first_name,last_name,email,phone,city,country,registration_date,status) VALUES (14,'Christian','Carter','christian.carter.14@hotmail.com','+212694566031','Rabat','Morocco',TO_DATE('2022-02-16','YYYY-MM-DD'),'ACTIVE');
INSERT INTO customers (customer_id,first_name,last_name,email,phone,city,country,registration_date,status) VALUES (15,'Christine','Hensley','christine.hensley.15@hotmail.com','+212638840994','Rabat','Morocco',TO_DATE('2022-08-27','YYYY-MM-DD'),'ACTIVE');
INSERT INTO customers (customer_id,first_name,last_name,email,phone,city,country,registration_date,status) VALUES (16,'James','Jones','james.jones.16@hotmail.com','+212651019678','Tangier','Morocco',TO_DATE('2023-04-10','YYYY-MM-DD'),'ACTIVE');
INSERT INTO customers (customer_id,first_name,last_name,email,phone,city,country,registration_date,status) VALUES (17,'Jeremy','Roberts','jeremy.roberts.17@gmail.com','+212648966946','Marrakech','Morocco',TO_DATE('2023-01-15','YYYY-MM-DD'),'ACTIVE');
INSERT INTO customers (customer_id,first_name,last_name,email,phone,city,country,registration_date,status) VALUES (18,'Melissa','Delacruz','melissa.delacruz.18@yahoo.com','+212689949389','Tangier','Morocco',TO_DATE('2023-12-01','YYYY-MM-DD'),'ACTIVE');
INSERT INTO customers (customer_id,first_name,last_name,email,phone,city,country,registration_date,status) VALUES (19,'Joshua','Reid','joshua.reid.19@yahoo.com','+212681756179','Marrakech','Morocco',TO_DATE('2023-07-01','YYYY-MM-DD'),'ACTIVE');
INSERT INTO customers (customer_id,first_name,last_name,email,phone,city,country,registration_date,status) VALUES (20,'Francisco','Kelly','francisco.kelly.20@hotmail.com','+212621931511','Oujda','Morocco',TO_DATE('2023-01-24','YYYY-MM-DD'),'ACTIVE');
INSERT INTO customers (customer_id,first_name,last_name,email,phone,city,country,registration_date,status) VALUES (21,'Joseph','Zuniga','joseph.zuniga.21@hotmail.com','+212685899313','Kenitra','Morocco',TO_DATE('2022-08-13','YYYY-MM-DD'),'ACTIVE');
INSERT INTO customers (customer_id,first_name,last_name,email,phone,city,country,registration_date,status) VALUES (22,'Charles','Reid','charles.reid.22@hotmail.com','+212607507864','Fes','Morocco',TO_DATE('2022-02-02','YYYY-MM-DD'),'ACTIVE');
INSERT INTO customers (customer_id,first_name,last_name,email,phone,city,country,registration_date,status) VALUES (23,'Jessica','Martin','jessica.martin.23@yahoo.com','+212653843426','Tangier','Morocco',TO_DATE('2022-03-09','YYYY-MM-DD'),'ACTIVE');
INSERT INTO customers (customer_id,first_name,last_name,email,phone,city,country,registration_date,status) VALUES (24,'Joseph','Schaefer','joseph.schaefer.24@hotmail.com','+212676125617','Agadir','Morocco',TO_DATE('2022-08-06','YYYY-MM-DD'),'ACTIVE');
INSERT INTO customers (customer_id,first_name,last_name,email,phone,city,country,registration_date,status) VALUES (25,'Angela','Cohen','angela.cohen.25@gmail.com','+212653100814','Oujda','Morocco',TO_DATE('2022-05-27','YYYY-MM-DD'),'ACTIVE');
INSERT INTO customers (customer_id,first_name,last_name,email,phone,city,country,registration_date,status) VALUES (26,'Jeremy','Johnson','jeremy.johnson.26@yahoo.com','+212633101783','Kenitra','Morocco',TO_DATE('2023-07-06','YYYY-MM-DD'),'ACTIVE');
INSERT INTO customers (customer_id,first_name,last_name,email,phone,city,country,registration_date,status) VALUES (27,'Richard','Jones','richard.jones.27@hotmail.com','+212678461803','Meknes','Morocco',TO_DATE('2023-08-21','YYYY-MM-DD'),'ACTIVE');
INSERT INTO customers (customer_id,first_name,last_name,email,phone,city,country,registration_date,status) VALUES (28,'Nancy','Edwards','nancy.edwards.28@hotmail.com','+212629436733','Marrakech','Morocco',TO_DATE('2023-06-06','YYYY-MM-DD'),'ACTIVE');
INSERT INTO customers (customer_id,first_name,last_name,email,phone,city,country,registration_date,status) VALUES (29,'Victor','Wilkerson','victor.wilkerson.29@hotmail.com','+212606323852','Rabat','Morocco',TO_DATE('2022-06-06','YYYY-MM-DD'),'ACTIVE');
INSERT INTO customers (customer_id,first_name,last_name,email,phone,city,country,registration_date,status) VALUES (30,'Stephen','Baker','stephen.baker.30@gmail.com','+212691332642','Meknes','Morocco',TO_DATE('2023-09-03','YYYY-MM-DD'),'ACTIVE');
INSERT INTO customers (customer_id,first_name,last_name,email,phone,city,country,registration_date,status) VALUES (31,'Julie','Ryan','julie.ryan.31@hotmail.com','+212651220073','Tetouan','Morocco',TO_DATE('2023-04-25','YYYY-MM-DD'),'ACTIVE');
INSERT INTO customers (customer_id,first_name,last_name,email,phone,city,country,registration_date,status) VALUES (32,'Brenda','Hurst','brenda.hurst.32@yahoo.com','+212674252722','Casablanca','Morocco',TO_DATE('2023-11-28','YYYY-MM-DD'),'ACTIVE');
INSERT INTO customers (customer_id,first_name,last_name,email,phone,city,country,registration_date,status) VALUES (33,'Michael','Osborn','michael.osborn.33@gmail.com','+212691497616','Kenitra','Morocco',TO_DATE('2022-10-01','YYYY-MM-DD'),'ACTIVE');
INSERT INTO customers (customer_id,first_name,last_name,email,phone,city,country,registration_date,status) VALUES (34,'William','Davis','william.davis.34@gmail.com','+212645657579','Rabat','Morocco',TO_DATE('2022-10-28','YYYY-MM-DD'),'ACTIVE');
INSERT INTO customers (customer_id,first_name,last_name,email,phone,city,country,registration_date,status) VALUES (35,'Michelle','Hernandez','michelle.hernandez.35@gmail.com','+212660897765','Casablanca','Morocco',TO_DATE('2022-09-27','YYYY-MM-DD'),'INACTIVE');
INSERT INTO customers (customer_id,first_name,last_name,email,phone,city,country,registration_date,status) VALUES (36,'Laura','Henderson','laura.henderson.36@gmail.com','+212623978249','Kenitra','Morocco',TO_DATE('2022-04-19','YYYY-MM-DD'),'ACTIVE');
INSERT INTO customers (customer_id,first_name,last_name,email,phone,city,country,registration_date,status) VALUES (37,'Paul','Carlson','paul.carlson.37@yahoo.com','+212640056581','Kenitra','Morocco',TO_DATE('2023-09-16','YYYY-MM-DD'),'ACTIVE');
INSERT INTO customers (customer_id,first_name,last_name,email,phone,city,country,registration_date,status) VALUES (38,'Allison','Maddox','allison.maddox.38@gmail.com','+212650185867','Marrakech','Morocco',TO_DATE('2023-07-07','YYYY-MM-DD'),'INACTIVE');
INSERT INTO customers (customer_id,first_name,last_name,email,phone,city,country,registration_date,status) VALUES (39,'Erin','Wilson','erin.wilson.39@hotmail.com','+212671182864','Casablanca','Morocco',TO_DATE('2023-09-06','YYYY-MM-DD'),'ACTIVE');
INSERT INTO customers (customer_id,first_name,last_name,email,phone,city,country,registration_date,status) VALUES (40,'Karen','Mack','karen.mack.40@yahoo.com','+212602614124','Rabat','Morocco',TO_DATE('2023-01-07','YYYY-MM-DD'),'ACTIVE');
INSERT INTO customers (customer_id,first_name,last_name,email,phone,city,country,registration_date,status) VALUES (41,'Daniel','Graham','daniel.graham.41@yahoo.com','+212641273847','Fes','Morocco',TO_DATE('2022-03-01','YYYY-MM-DD'),'ACTIVE');
INSERT INTO customers (customer_id,first_name,last_name,email,phone,city,country,registration_date,status) VALUES (42,'Aaron','Bowen','aaron.bowen.42@hotmail.com','+212676149359','Rabat','Morocco',TO_DATE('2022-03-29','YYYY-MM-DD'),'ACTIVE');
INSERT INTO customers (customer_id,first_name,last_name,email,phone,city,country,registration_date,status) VALUES (43,'Jose','Mason','jose.mason.43@gmail.com','+212609289546','Kenitra','Morocco',TO_DATE('2022-05-09','YYYY-MM-DD'),'ACTIVE');
INSERT INTO customers (customer_id,first_name,last_name,email,phone,city,country,registration_date,status) VALUES (44,'William','Rodriguez','william.rodriguez.44@hotmail.com','+212663791320','Kenitra','Morocco',TO_DATE('2022-06-19','YYYY-MM-DD'),'ACTIVE');
INSERT INTO customers (customer_id,first_name,last_name,email,phone,city,country,registration_date,status) VALUES (45,'Kenneth','Fowler','kenneth.fowler.45@hotmail.com','+212681415657','Meknes','Morocco',TO_DATE('2022-08-05','YYYY-MM-DD'),'INACTIVE');
INSERT INTO customers (customer_id,first_name,last_name,email,phone,city,country,registration_date,status) VALUES (46,'James','Brooks','james.brooks.46@gmail.com','+212697969689','Fes','Morocco',TO_DATE('2022-11-16','YYYY-MM-DD'),'ACTIVE');
INSERT INTO customers (customer_id,first_name,last_name,email,phone,city,country,registration_date,status) VALUES (47,'Amber','Osborne','amber.osborne.47@hotmail.com','+212690152297','Agadir','Morocco',TO_DATE('2023-03-25','YYYY-MM-DD'),'ACTIVE');
INSERT INTO customers (customer_id,first_name,last_name,email,phone,city,country,registration_date,status) VALUES (48,'Samantha','George','samantha.george.48@yahoo.com','+212660597444','Rabat','Morocco',TO_DATE('2022-09-11','YYYY-MM-DD'),'ACTIVE');
INSERT INTO customers (customer_id,first_name,last_name,email,phone,city,country,registration_date,status) VALUES (49,'Andrew','Hickman','andrew.hickman.49@yahoo.com','+212645377076','Casablanca','Morocco',TO_DATE('2023-08-26','YYYY-MM-DD'),'ACTIVE');
INSERT INTO customers (customer_id,first_name,last_name,email,phone,city,country,registration_date,status) VALUES (50,'John','Allen','john.allen.50@hotmail.com','+212678979095','Fes','Morocco',TO_DATE('2022-01-08','YYYY-MM-DD'),'ACTIVE');
INSERT INTO customers (customer_id,first_name,last_name,email,phone,city,country,registration_date,status) VALUES (51,'Stacey','Miller','stacey.miller.51@yahoo.com','+212684705205','Casablanca','Morocco',TO_DATE('2022-08-23','YYYY-MM-DD'),'ACTIVE');
INSERT INTO customers (customer_id,first_name,last_name,email,phone,city,country,registration_date,status) VALUES (52,'Lisa','Spence','lisa.spence.52@hotmail.com','+212604216175','Agadir','Morocco',TO_DATE('2022-03-14','YYYY-MM-DD'),'ACTIVE');
INSERT INTO customers (customer_id,first_name,last_name,email,phone,city,country,registration_date,status) VALUES (53,'Katie','Anderson','katie.anderson.53@yahoo.com','+212637376585','Oujda','Morocco',TO_DATE('2022-08-08','YYYY-MM-DD'),'ACTIVE');
INSERT INTO customers (customer_id,first_name,last_name,email,phone,city,country,registration_date,status) VALUES (54,'Stacey','Martin','stacey.martin.54@hotmail.com','+212697086737','Tetouan','Morocco',TO_DATE('2023-08-14','YYYY-MM-DD'),'ACTIVE');
INSERT INTO customers (customer_id,first_name,last_name,email,phone,city,country,registration_date,status) VALUES (55,'Monique','Henderson','monique.henderson.55@gmail.com','+212663481353','Meknes','Morocco',TO_DATE('2022-07-14','YYYY-MM-DD'),'ACTIVE');
INSERT INTO customers (customer_id,first_name,last_name,email,phone,city,country,registration_date,status) VALUES (56,'Sarah','Campos','sarah.campos.56@hotmail.com','+212688447167','Meknes','Morocco',TO_DATE('2022-12-29','YYYY-MM-DD'),'ACTIVE');
INSERT INTO customers (customer_id,first_name,last_name,email,phone,city,country,registration_date,status) VALUES (57,'James','Collins','james.collins.57@hotmail.com','+212662682989','Casablanca','Morocco',TO_DATE('2023-11-21','YYYY-MM-DD'),'ACTIVE');
INSERT INTO customers (customer_id,first_name,last_name,email,phone,city,country,registration_date,status) VALUES (58,'Debra','Kim','debra.kim.58@hotmail.com','+212686728778','Rabat','Morocco',TO_DATE('2022-03-04','YYYY-MM-DD'),'ACTIVE');
INSERT INTO customers (customer_id,first_name,last_name,email,phone,city,country,registration_date,status) VALUES (59,'Shannon','Wright','shannon.wright.59@gmail.com','+212645540424','Rabat','Morocco',TO_DATE('2022-09-12','YYYY-MM-DD'),'ACTIVE');
INSERT INTO customers (customer_id,first_name,last_name,email,phone,city,country,registration_date,status) VALUES (60,'Matthew','Chapman','matthew.chapman.60@gmail.com','+212671979055','Oujda','Morocco',TO_DATE('2022-05-24','YYYY-MM-DD'),'ACTIVE');
INSERT INTO customers (customer_id,first_name,last_name,email,phone,city,country,registration_date,status) VALUES (61,'Brianna','Smith','brianna.smith.61@hotmail.com','+212637385696','Oujda','Morocco',TO_DATE('2022-09-13','YYYY-MM-DD'),'ACTIVE');
INSERT INTO customers (customer_id,first_name,last_name,email,phone,city,country,registration_date,status) VALUES (62,'Crystal','Perez','crystal.perez.62@gmail.com','+212610117988','Oujda','Morocco',TO_DATE('2023-07-18','YYYY-MM-DD'),'ACTIVE');
INSERT INTO customers (customer_id,first_name,last_name,email,phone,city,country,registration_date,status) VALUES (63,'Michele','Jones','michele.jones.63@gmail.com','+212687529405','Kenitra','Morocco',TO_DATE('2022-01-16','YYYY-MM-DD'),'INACTIVE');
INSERT INTO customers (customer_id,first_name,last_name,email,phone,city,country,registration_date,status) VALUES (64,'Joshua','Washington','joshua.washington.64@hotmail.com','+212631726318','Marrakech','Morocco',TO_DATE('2023-02-21','YYYY-MM-DD'),'ACTIVE');
INSERT INTO customers (customer_id,first_name,last_name,email,phone,city,country,registration_date,status) VALUES (65,'David','Walls','david.walls.65@hotmail.com','+212628688676','Meknes','Morocco',TO_DATE('2022-03-02','YYYY-MM-DD'),'ACTIVE');
INSERT INTO customers (customer_id,first_name,last_name,email,phone,city,country,registration_date,status) VALUES (66,'Barbara','Sanchez','barbara.sanchez.66@yahoo.com','+212600289289','Meknes','Morocco',TO_DATE('2022-09-29','YYYY-MM-DD'),'INACTIVE');
INSERT INTO customers (customer_id,first_name,last_name,email,phone,city,country,registration_date,status) VALUES (67,'Lindsey','Lee','lindsey.lee.67@gmail.com','+212661070189','Tangier','Morocco',TO_DATE('2023-03-10','YYYY-MM-DD'),'ACTIVE');
INSERT INTO customers (customer_id,first_name,last_name,email,phone,city,country,registration_date,status) VALUES (68,'Donna','Gomez','donna.gomez.68@yahoo.com','+212698046763','Kenitra','Morocco',TO_DATE('2023-11-09','YYYY-MM-DD'),'ACTIVE');
INSERT INTO customers (customer_id,first_name,last_name,email,phone,city,country,registration_date,status) VALUES (69,'Stuart','Daniel','stuart.daniel.69@hotmail.com','+212620776478','Fes','Morocco',TO_DATE('2022-10-31','YYYY-MM-DD'),'ACTIVE');
INSERT INTO customers (customer_id,first_name,last_name,email,phone,city,country,registration_date,status) VALUES (70,'Denise','Lucas','denise.lucas.70@gmail.com','+212607849494','Tetouan','Morocco',TO_DATE('2023-07-10','YYYY-MM-DD'),'ACTIVE');
INSERT INTO customers (customer_id,first_name,last_name,email,phone,city,country,registration_date,status) VALUES (71,'Richard','Morgan','richard.morgan.71@gmail.com','+212642091325','Casablanca','Morocco',TO_DATE('2022-02-21','YYYY-MM-DD'),'ACTIVE');
INSERT INTO customers (customer_id,first_name,last_name,email,phone,city,country,registration_date,status) VALUES (72,'John','Lee','john.lee.72@yahoo.com','+212667491435','Kenitra','Morocco',TO_DATE('2022-06-11','YYYY-MM-DD'),'ACTIVE');
INSERT INTO customers (customer_id,first_name,last_name,email,phone,city,country,registration_date,status) VALUES (73,'Donald','White','donald.white.73@yahoo.com','+212668159587','Rabat','Morocco',TO_DATE('2022-07-10','YYYY-MM-DD'),'ACTIVE');
INSERT INTO customers (customer_id,first_name,last_name,email,phone,city,country,registration_date,status) VALUES (74,'John','Leblanc','john.leblanc.74@yahoo.com','+212609121552','Fes','Morocco',TO_DATE('2023-02-18','YYYY-MM-DD'),'ACTIVE');
INSERT INTO customers (customer_id,first_name,last_name,email,phone,city,country,registration_date,status) VALUES (75,'Lindsey','Chase','lindsey.chase.75@gmail.com','+212676460539','Fes','Morocco',TO_DATE('2023-08-16','YYYY-MM-DD'),'ACTIVE');
INSERT INTO customers (customer_id,first_name,last_name,email,phone,city,country,registration_date,status) VALUES (76,'Brent','Kidd','brent.kidd.76@gmail.com','+212683131979','Rabat','Morocco',TO_DATE('2023-03-06','YYYY-MM-DD'),'ACTIVE');
INSERT INTO customers (customer_id,first_name,last_name,email,phone,city,country,registration_date,status) VALUES (77,'Tanya','House','tanya.house.77@gmail.com','+212675863473','Kenitra','Morocco',TO_DATE('2022-11-20','YYYY-MM-DD'),'INACTIVE');
INSERT INTO customers (customer_id,first_name,last_name,email,phone,city,country,registration_date,status) VALUES (78,'Gabriel','Tucker','gabriel.tucker.78@gmail.com','+212627415205','Agadir','Morocco',TO_DATE('2022-09-02','YYYY-MM-DD'),'ACTIVE');
INSERT INTO customers (customer_id,first_name,last_name,email,phone,city,country,registration_date,status) VALUES (79,'Michelle','Barrera','michelle.barrera.79@gmail.com','+212617566185','Tangier','Morocco',TO_DATE('2023-04-14','YYYY-MM-DD'),'ACTIVE');
INSERT INTO customers (customer_id,first_name,last_name,email,phone,city,country,registration_date,status) VALUES (80,'Nicholas','Galloway','nicholas.galloway.80@yahoo.com','+212609736572','Casablanca','Morocco',TO_DATE('2023-04-15','YYYY-MM-DD'),'ACTIVE');
INSERT INTO customers (customer_id,first_name,last_name,email,phone,city,country,registration_date,status) VALUES (81,'Sara','Glover','sara.glover.81@yahoo.com','+212675563727','Rabat','Morocco',TO_DATE('2022-03-17','YYYY-MM-DD'),'ACTIVE');
INSERT INTO customers (customer_id,first_name,last_name,email,phone,city,country,registration_date,status) VALUES (82,'Rodney','Bernard','rodney.bernard.82@hotmail.com','+212667898694','Tangier','Morocco',TO_DATE('2022-05-16','YYYY-MM-DD'),'INACTIVE');
INSERT INTO customers (customer_id,first_name,last_name,email,phone,city,country,registration_date,status) VALUES (83,'Dorothy','Tucker','dorothy.tucker.83@gmail.com','+212609233013','Fes','Morocco',TO_DATE('2023-01-14','YYYY-MM-DD'),'ACTIVE');
INSERT INTO customers (customer_id,first_name,last_name,email,phone,city,country,registration_date,status) VALUES (84,'Kenneth','Novak','kenneth.novak.84@hotmail.com','+212658812137','Kenitra','Morocco',TO_DATE('2022-11-06','YYYY-MM-DD'),'ACTIVE');
INSERT INTO customers (customer_id,first_name,last_name,email,phone,city,country,registration_date,status) VALUES (85,'Jill','Brown','jill.brown.85@yahoo.com','+212687775215','Kenitra','Morocco',TO_DATE('2022-01-09','YYYY-MM-DD'),'ACTIVE');
INSERT INTO customers (customer_id,first_name,last_name,email,phone,city,country,registration_date,status) VALUES (86,'Brian','Silva','brian.silva.86@hotmail.com','+212674437458','Tangier','Morocco',TO_DATE('2023-11-11','YYYY-MM-DD'),'ACTIVE');
INSERT INTO customers (customer_id,first_name,last_name,email,phone,city,country,registration_date,status) VALUES (87,'Samantha','Schmidt','samantha.schmidt.87@gmail.com','+212618024248','Tangier','Morocco',TO_DATE('2022-04-29','YYYY-MM-DD'),'ACTIVE');
INSERT INTO customers (customer_id,first_name,last_name,email,phone,city,country,registration_date,status) VALUES (88,'Susan','Miller','susan.miller.88@gmail.com','+212699645480','Kenitra','Morocco',TO_DATE('2022-06-09','YYYY-MM-DD'),'ACTIVE');
INSERT INTO customers (customer_id,first_name,last_name,email,phone,city,country,registration_date,status) VALUES (89,'Casey','Jones','casey.jones.89@gmail.com','+212681178885','Fes','Morocco',TO_DATE('2022-12-18','YYYY-MM-DD'),'ACTIVE');
INSERT INTO customers (customer_id,first_name,last_name,email,phone,city,country,registration_date,status) VALUES (90,'Richard','David','richard.david.90@hotmail.com','+212685125977','Tangier','Morocco',TO_DATE('2023-06-02','YYYY-MM-DD'),'ACTIVE');
INSERT INTO customers (customer_id,first_name,last_name,email,phone,city,country,registration_date,status) VALUES (91,'John','Wheeler','john.wheeler.91@hotmail.com','+212606818112','Rabat','Morocco',TO_DATE('2023-10-12','YYYY-MM-DD'),'ACTIVE');
INSERT INTO customers (customer_id,first_name,last_name,email,phone,city,country,registration_date,status) VALUES (92,'Christopher','Sandoval','christopher.sandoval.92@hotmail.com','+212637135391','Casablanca','Morocco',TO_DATE('2022-01-04','YYYY-MM-DD'),'ACTIVE');
INSERT INTO customers (customer_id,first_name,last_name,email,phone,city,country,registration_date,status) VALUES (93,'Alexandra','Donovan','alexandra.donovan.93@gmail.com','+212617558317','Tangier','Morocco',TO_DATE('2022-06-15','YYYY-MM-DD'),'ACTIVE');
INSERT INTO customers (customer_id,first_name,last_name,email,phone,city,country,registration_date,status) VALUES (94,'Elizabeth','Edwards','elizabeth.edwards.94@yahoo.com','+212674045292','Meknes','Morocco',TO_DATE('2023-07-29','YYYY-MM-DD'),'ACTIVE');
INSERT INTO customers (customer_id,first_name,last_name,email,phone,city,country,registration_date,status) VALUES (95,'Randy','Powers','randy.powers.95@yahoo.com','+212610099059','Marrakech','Morocco',TO_DATE('2023-07-13','YYYY-MM-DD'),'ACTIVE');
INSERT INTO customers (customer_id,first_name,last_name,email,phone,city,country,registration_date,status) VALUES (96,'Stephen','Hickman','stephen.hickman.96@gmail.com','+212649555330','Tetouan','Morocco',TO_DATE('2023-07-20','YYYY-MM-DD'),'ACTIVE');
INSERT INTO customers (customer_id,first_name,last_name,email,phone,city,country,registration_date,status) VALUES (97,'Albert','Howell','albert.howell.97@hotmail.com','+212617105448','Casablanca','Morocco',TO_DATE('2022-11-12','YYYY-MM-DD'),'ACTIVE');
INSERT INTO customers (customer_id,first_name,last_name,email,phone,city,country,registration_date,status) VALUES (98,'Wendy','Jones','wendy.jones.98@gmail.com','+212605354599','Agadir','Morocco',TO_DATE('2022-08-04','YYYY-MM-DD'),'ACTIVE');
INSERT INTO customers (customer_id,first_name,last_name,email,phone,city,country,registration_date,status) VALUES (99,'William','Anderson','william.anderson.99@yahoo.com','+212689514287','Rabat','Morocco',TO_DATE('2022-12-29','YYYY-MM-DD'),'ACTIVE');
INSERT INTO customers (customer_id,first_name,last_name,email,phone,city,country,registration_date,status) VALUES (100,'Nicole','Suarez','nicole.suarez.100@yahoo.com','+212654543049','Tetouan','Morocco',TO_DATE('2022-06-08','YYYY-MM-DD'),'INACTIVE');
INSERT INTO customers (customer_id,first_name,last_name,email,phone,city,country,registration_date,status) VALUES (101,'Justin','Kim','justin.kim.101@hotmail.com','+212631774346','Marrakech','Morocco',TO_DATE('2022-07-01','YYYY-MM-DD'),'ACTIVE');
INSERT INTO customers (customer_id,first_name,last_name,email,phone,city,country,registration_date,status) VALUES (102,'Jade','Carr','jade.carr.102@hotmail.com','+212603326769','Marrakech','Morocco',TO_DATE('2022-12-07','YYYY-MM-DD'),'ACTIVE');
INSERT INTO customers (customer_id,first_name,last_name,email,phone,city,country,registration_date,status) VALUES (103,'Allison','Contreras','allison.contreras.103@hotmail.com','+212655259205','Fes','Morocco',TO_DATE('2022-10-01','YYYY-MM-DD'),'ACTIVE');
INSERT INTO customers (customer_id,first_name,last_name,email,phone,city,country,registration_date,status) VALUES (104,'Kevin','Alvarado','kevin.alvarado.104@gmail.com','+212694123965','Rabat','Morocco',TO_DATE('2023-01-27','YYYY-MM-DD'),'ACTIVE');
INSERT INTO customers (customer_id,first_name,last_name,email,phone,city,country,registration_date,status) VALUES (105,'Joseph','Preston','joseph.preston.105@hotmail.com','+212663174945','Fes','Morocco',TO_DATE('2022-07-24','YYYY-MM-DD'),'ACTIVE');
INSERT INTO customers (customer_id,first_name,last_name,email,phone,city,country,registration_date,status) VALUES (106,'Angela','Nelson','angela.nelson.106@hotmail.com','+212661780854','Agadir','Morocco',TO_DATE('2022-11-09','YYYY-MM-DD'),'ACTIVE');
INSERT INTO customers (customer_id,first_name,last_name,email,phone,city,country,registration_date,status) VALUES (107,'Jason','Cooper','jason.cooper.107@hotmail.com','+212630547349','Fes','Morocco',TO_DATE('2022-01-25','YYYY-MM-DD'),'ACTIVE');
INSERT INTO customers (customer_id,first_name,last_name,email,phone,city,country,registration_date,status) VALUES (108,'Cynthia','Baker','cynthia.baker.108@yahoo.com','+212653481198','Agadir','Morocco',TO_DATE('2022-10-13','YYYY-MM-DD'),'ACTIVE');
INSERT INTO customers (customer_id,first_name,last_name,email,phone,city,country,registration_date,status) VALUES (109,'John','Odonnell','john.odonnell.109@gmail.com','+212637463522','Agadir','Morocco',TO_DATE('2023-10-19','YYYY-MM-DD'),'ACTIVE');
INSERT INTO customers (customer_id,first_name,last_name,email,phone,city,country,registration_date,status) VALUES (110,'Christopher','Henderson','christopher.henderson.110@yahoo.com','+212691203377','Kenitra','Morocco',TO_DATE('2022-12-06','YYYY-MM-DD'),'INACTIVE');
INSERT INTO customers (customer_id,first_name,last_name,email,phone,city,country,registration_date,status) VALUES (111,'Bradley','Cook','bradley.cook.111@gmail.com','+212615480907','Tangier','Morocco',TO_DATE('2022-07-02','YYYY-MM-DD'),'ACTIVE');
INSERT INTO customers (customer_id,first_name,last_name,email,phone,city,country,registration_date,status) VALUES (112,'Dana','Green','dana.green.112@hotmail.com','+212635630292','Casablanca','Morocco',TO_DATE('2022-04-22','YYYY-MM-DD'),'ACTIVE');
INSERT INTO customers (customer_id,first_name,last_name,email,phone,city,country,registration_date,status) VALUES (113,'Scott','Thornton','scott.thornton.113@hotmail.com','+212646397338','Agadir','Morocco',TO_DATE('2023-03-23','YYYY-MM-DD'),'ACTIVE');
INSERT INTO customers (customer_id,first_name,last_name,email,phone,city,country,registration_date,status) VALUES (114,'Alec','Jones','alec.jones.114@hotmail.com','+212668642041','Rabat','Morocco',TO_DATE('2023-01-30','YYYY-MM-DD'),'ACTIVE');
INSERT INTO customers (customer_id,first_name,last_name,email,phone,city,country,registration_date,status) VALUES (115,'Rebecca','Gardner','rebecca.gardner.115@yahoo.com','+212625511941','Tangier','Morocco',TO_DATE('2022-02-15','YYYY-MM-DD'),'ACTIVE');
INSERT INTO customers (customer_id,first_name,last_name,email,phone,city,country,registration_date,status) VALUES (116,'Brandi','Hernandez','brandi.hernandez.116@gmail.com','+212600226999','Kenitra','Morocco',TO_DATE('2023-07-06','YYYY-MM-DD'),'ACTIVE');
INSERT INTO customers (customer_id,first_name,last_name,email,phone,city,country,registration_date,status) VALUES (117,'Bobby','Diaz','bobby.diaz.117@gmail.com','+212699582853','Fes','Morocco',TO_DATE('2023-01-08','YYYY-MM-DD'),'ACTIVE');
INSERT INTO customers (customer_id,first_name,last_name,email,phone,city,country,registration_date,status) VALUES (118,'Rachel','Clark','rachel.clark.118@gmail.com','+212689152472','Agadir','Morocco',TO_DATE('2023-10-01','YYYY-MM-DD'),'ACTIVE');
INSERT INTO customers (customer_id,first_name,last_name,email,phone,city,country,registration_date,status) VALUES (119,'Elizabeth','Gomez','elizabeth.gomez.119@hotmail.com','+212616726926','Tangier','Morocco',TO_DATE('2023-06-04','YYYY-MM-DD'),'ACTIVE');
INSERT INTO customers (customer_id,first_name,last_name,email,phone,city,country,registration_date,status) VALUES (120,'Nicole','Russell','nicole.russell.120@hotmail.com','+212654813568','Agadir','Morocco',TO_DATE('2023-02-17','YYYY-MM-DD'),'ACTIVE');
INSERT INTO customers (customer_id,first_name,last_name,email,phone,city,country,registration_date,status) VALUES (121,'Kara','Frost','kara.frost.121@gmail.com','+212674411983','Marrakech','Morocco',TO_DATE('2022-07-16','YYYY-MM-DD'),'ACTIVE');
INSERT INTO customers (customer_id,first_name,last_name,email,phone,city,country,registration_date,status) VALUES (122,'Michelle','Cherry','michelle.cherry.122@gmail.com','+212650888017','Marrakech','Morocco',TO_DATE('2023-09-23','YYYY-MM-DD'),'ACTIVE');
INSERT INTO customers (customer_id,first_name,last_name,email,phone,city,country,registration_date,status) VALUES (123,'Nicole','Johnson','nicole.johnson.123@hotmail.com','+212654502486','Kenitra','Morocco',TO_DATE('2022-01-01','YYYY-MM-DD'),'ACTIVE');
INSERT INTO customers (customer_id,first_name,last_name,email,phone,city,country,registration_date,status) VALUES (124,'Sandra','Patton','sandra.patton.124@yahoo.com','+212628210242','Meknes','Morocco',TO_DATE('2023-08-17','YYYY-MM-DD'),'ACTIVE');
INSERT INTO customers (customer_id,first_name,last_name,email,phone,city,country,registration_date,status) VALUES (125,'Leah','Shields','leah.shields.125@gmail.com','+212643251559','Oujda','Morocco',TO_DATE('2023-03-29','YYYY-MM-DD'),'ACTIVE');
INSERT INTO customers (customer_id,first_name,last_name,email,phone,city,country,registration_date,status) VALUES (126,'Joseph','Cobb','joseph.cobb.126@gmail.com','+212628682516','Kenitra','Morocco',TO_DATE('2023-04-30','YYYY-MM-DD'),'ACTIVE');
INSERT INTO customers (customer_id,first_name,last_name,email,phone,city,country,registration_date,status) VALUES (127,'Patrick','Williams','patrick.williams.127@yahoo.com','+212698779073','Marrakech','Morocco',TO_DATE('2023-11-06','YYYY-MM-DD'),'ACTIVE');
INSERT INTO customers (customer_id,first_name,last_name,email,phone,city,country,registration_date,status) VALUES (128,'Jeffrey','Velasquez','jeffrey.velasquez.128@yahoo.com','+212669182797','Tetouan','Morocco',TO_DATE('2022-12-10','YYYY-MM-DD'),'ACTIVE');
INSERT INTO customers (customer_id,first_name,last_name,email,phone,city,country,registration_date,status) VALUES (129,'Michael','Hoover','michael.hoover.129@gmail.com','+212631523529','Tangier','Morocco',TO_DATE('2022-08-19','YYYY-MM-DD'),'ACTIVE');
INSERT INTO customers (customer_id,first_name,last_name,email,phone,city,country,registration_date,status) VALUES (130,'Jeffrey','Keller','jeffrey.keller.130@yahoo.com','+212619777514','Casablanca','Morocco',TO_DATE('2022-02-17','YYYY-MM-DD'),'ACTIVE');
INSERT INTO customers (customer_id,first_name,last_name,email,phone,city,country,registration_date,status) VALUES (131,'Mark','Lin','mark.lin.131@yahoo.com','+212663771720','Tetouan','Morocco',TO_DATE('2022-03-16','YYYY-MM-DD'),'ACTIVE');
INSERT INTO customers (customer_id,first_name,last_name,email,phone,city,country,registration_date,status) VALUES (132,'Michael','Hicks','michael.hicks.132@hotmail.com','+212684525678','Tetouan','Morocco',TO_DATE('2022-07-19','YYYY-MM-DD'),'ACTIVE');
INSERT INTO customers (customer_id,first_name,last_name,email,phone,city,country,registration_date,status) VALUES (133,'Tina','Herrera','tina.herrera.133@gmail.com','+212651536717','Oujda','Morocco',TO_DATE('2023-02-14','YYYY-MM-DD'),'ACTIVE');
INSERT INTO customers (customer_id,first_name,last_name,email,phone,city,country,registration_date,status) VALUES (134,'Darrell','Waller','darrell.waller.134@gmail.com','+212688054615','Casablanca','Morocco',TO_DATE('2022-04-20','YYYY-MM-DD'),'ACTIVE');
INSERT INTO customers (customer_id,first_name,last_name,email,phone,city,country,registration_date,status) VALUES (135,'Beverly','Terrell','beverly.terrell.135@gmail.com','+212629372360','Marrakech','Morocco',TO_DATE('2023-06-15','YYYY-MM-DD'),'ACTIVE');
INSERT INTO customers (customer_id,first_name,last_name,email,phone,city,country,registration_date,status) VALUES (136,'Daniel','Hamilton','daniel.hamilton.136@hotmail.com','+212674813739','Fes','Morocco',TO_DATE('2022-05-05','YYYY-MM-DD'),'ACTIVE');
INSERT INTO customers (customer_id,first_name,last_name,email,phone,city,country,registration_date,status) VALUES (137,'Kristin','Graham','kristin.graham.137@hotmail.com','+212662363359','Kenitra','Morocco',TO_DATE('2023-07-27','YYYY-MM-DD'),'ACTIVE');
INSERT INTO customers (customer_id,first_name,last_name,email,phone,city,country,registration_date,status) VALUES (138,'Darrell','Lam','darrell.lam.138@gmail.com','+212659401199','Tetouan','Morocco',TO_DATE('2023-06-01','YYYY-MM-DD'),'ACTIVE');
INSERT INTO customers (customer_id,first_name,last_name,email,phone,city,country,registration_date,status) VALUES (139,'Jonathan','Fletcher','jonathan.fletcher.139@gmail.com','+212673534128','Oujda','Morocco',TO_DATE('2022-06-12','YYYY-MM-DD'),'ACTIVE');
INSERT INTO customers (customer_id,first_name,last_name,email,phone,city,country,registration_date,status) VALUES (140,'April','Drake','april.drake.140@hotmail.com','+212663709724','Oujda','Morocco',TO_DATE('2022-09-23','YYYY-MM-DD'),'ACTIVE');
INSERT INTO customers (customer_id,first_name,last_name,email,phone,city,country,registration_date,status) VALUES (141,'Jennifer','Harmon','jennifer.harmon.141@hotmail.com','+212685585469','Tangier','Morocco',TO_DATE('2023-06-18','YYYY-MM-DD'),'ACTIVE');
INSERT INTO customers (customer_id,first_name,last_name,email,phone,city,country,registration_date,status) VALUES (142,'James','Reynolds','james.reynolds.142@hotmail.com','+212632111036','Tangier','Morocco',TO_DATE('2023-03-27','YYYY-MM-DD'),'ACTIVE');
INSERT INTO customers (customer_id,first_name,last_name,email,phone,city,country,registration_date,status) VALUES (143,'Samantha','Hanson','samantha.hanson.143@hotmail.com','+212638349783','Fes','Morocco',TO_DATE('2022-10-06','YYYY-MM-DD'),'ACTIVE');
INSERT INTO customers (customer_id,first_name,last_name,email,phone,city,country,registration_date,status) VALUES (144,'Melanie','Cortez','melanie.cortez.144@yahoo.com','+212672498004','Rabat','Morocco',TO_DATE('2022-05-22','YYYY-MM-DD'),'ACTIVE');
INSERT INTO customers (customer_id,first_name,last_name,email,phone,city,country,registration_date,status) VALUES (145,'William','Estrada','william.estrada.145@yahoo.com','+212651410126','Marrakech','Morocco',TO_DATE('2022-08-08','YYYY-MM-DD'),'ACTIVE');
INSERT INTO customers (customer_id,first_name,last_name,email,phone,city,country,registration_date,status) VALUES (146,'Richard','Phillips','richard.phillips.146@gmail.com','+212654707061','Agadir','Morocco',TO_DATE('2023-07-10','YYYY-MM-DD'),'ACTIVE');
INSERT INTO customers (customer_id,first_name,last_name,email,phone,city,country,registration_date,status) VALUES (147,'James','Ortega','james.ortega.147@yahoo.com','+212608357162','Fes','Morocco',TO_DATE('2023-03-07','YYYY-MM-DD'),'ACTIVE');
INSERT INTO customers (customer_id,first_name,last_name,email,phone,city,country,registration_date,status) VALUES (148,'Erica','Orr','erica.orr.148@hotmail.com','+212678393811','Casablanca','Morocco',TO_DATE('2023-08-13','YYYY-MM-DD'),'ACTIVE');
INSERT INTO customers (customer_id,first_name,last_name,email,phone,city,country,registration_date,status) VALUES (149,'Ashley','Sullivan','ashley.sullivan.149@gmail.com','+212600791358','Agadir','Morocco',TO_DATE('2022-11-02','YYYY-MM-DD'),'ACTIVE');
INSERT INTO customers (customer_id,first_name,last_name,email,phone,city,country,registration_date,status) VALUES (150,'Kevin','Clark','kevin.clark.150@hotmail.com','+212656240084','Kenitra','Morocco',TO_DATE('2023-07-14','YYYY-MM-DD'),'ACTIVE');
INSERT INTO customers (customer_id,first_name,last_name,email,phone,city,country,registration_date,status) VALUES (151,'Catherine','Morris','catherine.morris.151@yahoo.com','+212629600202','Oujda','Morocco',TO_DATE('2022-08-13','YYYY-MM-DD'),'ACTIVE');
INSERT INTO customers (customer_id,first_name,last_name,email,phone,city,country,registration_date,status) VALUES (152,'Scott','Lewis','scott.lewis.152@yahoo.com','+212665181765','Casablanca','Morocco',TO_DATE('2023-02-03','YYYY-MM-DD'),'ACTIVE');
INSERT INTO customers (customer_id,first_name,last_name,email,phone,city,country,registration_date,status) VALUES (153,'Laura','Moyer','laura.moyer.153@hotmail.com','+212691152880','Meknes','Morocco',TO_DATE('2022-06-19','YYYY-MM-DD'),'ACTIVE');
INSERT INTO customers (customer_id,first_name,last_name,email,phone,city,country,registration_date,status) VALUES (154,'Gene','Miller','gene.miller.154@hotmail.com','+212617129912','Tetouan','Morocco',TO_DATE('2023-07-01','YYYY-MM-DD'),'ACTIVE');
INSERT INTO customers (customer_id,first_name,last_name,email,phone,city,country,registration_date,status) VALUES (155,'Elizabeth','Harvey','elizabeth.harvey.155@gmail.com','+212652884503','Tetouan','Morocco',TO_DATE('2023-08-01','YYYY-MM-DD'),'ACTIVE');
INSERT INTO customers (customer_id,first_name,last_name,email,phone,city,country,registration_date,status) VALUES (156,'Loretta','Potter','loretta.potter.156@hotmail.com','+212611267237','Meknes','Morocco',TO_DATE('2022-05-19','YYYY-MM-DD'),'ACTIVE');
INSERT INTO customers (customer_id,first_name,last_name,email,phone,city,country,registration_date,status) VALUES (157,'Lance','Drake','lance.drake.157@gmail.com','+212624391257','Casablanca','Morocco',TO_DATE('2022-09-24','YYYY-MM-DD'),'ACTIVE');
INSERT INTO customers (customer_id,first_name,last_name,email,phone,city,country,registration_date,status) VALUES (158,'Andrew','Sanchez','andrew.sanchez.158@yahoo.com','+212628408562','Oujda','Morocco',TO_DATE('2022-12-01','YYYY-MM-DD'),'ACTIVE');
INSERT INTO customers (customer_id,first_name,last_name,email,phone,city,country,registration_date,status) VALUES (159,'Cheryl','Mack','cheryl.mack.159@yahoo.com','+212650885459','Tangier','Morocco',TO_DATE('2023-03-08','YYYY-MM-DD'),'ACTIVE');
INSERT INTO customers (customer_id,first_name,last_name,email,phone,city,country,registration_date,status) VALUES (160,'Robert','Soto','robert.soto.160@gmail.com','+212610993268','Oujda','Morocco',TO_DATE('2022-01-20','YYYY-MM-DD'),'ACTIVE');
INSERT INTO customers (customer_id,first_name,last_name,email,phone,city,country,registration_date,status) VALUES (161,'Jennifer','Cruz','jennifer.cruz.161@yahoo.com','+212606990811','Agadir','Morocco',TO_DATE('2022-08-18','YYYY-MM-DD'),'ACTIVE');
INSERT INTO customers (customer_id,first_name,last_name,email,phone,city,country,registration_date,status) VALUES (162,'John','Douglas','john.douglas.162@gmail.com','+212687477029','Casablanca','Morocco',TO_DATE('2022-02-01','YYYY-MM-DD'),'INACTIVE');
INSERT INTO customers (customer_id,first_name,last_name,email,phone,city,country,registration_date,status) VALUES (163,'Patricia','Dalton','patricia.dalton.163@gmail.com','+212626757737','Casablanca','Morocco',TO_DATE('2023-09-29','YYYY-MM-DD'),'ACTIVE');
INSERT INTO customers (customer_id,first_name,last_name,email,phone,city,country,registration_date,status) VALUES (164,'Kimberly','Robinson','kimberly.robinson.164@hotmail.com','+212616941092','Oujda','Morocco',TO_DATE('2023-11-17','YYYY-MM-DD'),'ACTIVE');
INSERT INTO customers (customer_id,first_name,last_name,email,phone,city,country,registration_date,status) VALUES (165,'April','Williams','april.williams.165@gmail.com','+212629254705','Oujda','Morocco',TO_DATE('2022-09-20','YYYY-MM-DD'),'ACTIVE');
INSERT INTO customers (customer_id,first_name,last_name,email,phone,city,country,registration_date,status) VALUES (166,'Samantha','Martinez','samantha.martinez.166@gmail.com','+212622520277','Tetouan','Morocco',TO_DATE('2023-09-14','YYYY-MM-DD'),'INACTIVE');
INSERT INTO customers (customer_id,first_name,last_name,email,phone,city,country,registration_date,status) VALUES (167,'Laurie','Contreras','laurie.contreras.167@hotmail.com','+212696416275','Rabat','Morocco',TO_DATE('2022-06-17','YYYY-MM-DD'),'INACTIVE');
INSERT INTO customers (customer_id,first_name,last_name,email,phone,city,country,registration_date,status) VALUES (168,'Caitlin','Dodson','caitlin.dodson.168@yahoo.com','+212614508768','Tetouan','Morocco',TO_DATE('2022-01-27','YYYY-MM-DD'),'INACTIVE');
INSERT INTO customers (customer_id,first_name,last_name,email,phone,city,country,registration_date,status) VALUES (169,'Cheyenne','Ball','cheyenne.ball.169@hotmail.com','+212677282128','Meknes','Morocco',TO_DATE('2023-02-11','YYYY-MM-DD'),'INACTIVE');
INSERT INTO customers (customer_id,first_name,last_name,email,phone,city,country,registration_date,status) VALUES (170,'Ronald','Meadows','ronald.meadows.170@yahoo.com','+212626619372','Rabat','Morocco',TO_DATE('2023-08-30','YYYY-MM-DD'),'ACTIVE');
INSERT INTO customers (customer_id,first_name,last_name,email,phone,city,country,registration_date,status) VALUES (171,'Phyllis','Manning','phyllis.manning.171@yahoo.com','+212684187049','Fes','Morocco',TO_DATE('2022-04-15','YYYY-MM-DD'),'ACTIVE');
INSERT INTO customers (customer_id,first_name,last_name,email,phone,city,country,registration_date,status) VALUES (172,'Shannon','Walton','shannon.walton.172@hotmail.com','+212640477742','Tetouan','Morocco',TO_DATE('2022-05-04','YYYY-MM-DD'),'ACTIVE');
INSERT INTO customers (customer_id,first_name,last_name,email,phone,city,country,registration_date,status) VALUES (173,'Joshua','Strickland','joshua.strickland.173@yahoo.com','+212675958181','Casablanca','Morocco',TO_DATE('2022-12-22','YYYY-MM-DD'),'ACTIVE');
INSERT INTO customers (customer_id,first_name,last_name,email,phone,city,country,registration_date,status) VALUES (174,'Courtney','Hill','courtney.hill.174@gmail.com','+212688787891','Agadir','Morocco',TO_DATE('2022-03-12','YYYY-MM-DD'),'ACTIVE');
INSERT INTO customers (customer_id,first_name,last_name,email,phone,city,country,registration_date,status) VALUES (175,'Jennifer','Young','jennifer.young.175@yahoo.com','+212645799273','Casablanca','Morocco',TO_DATE('2023-03-07','YYYY-MM-DD'),'ACTIVE');
INSERT INTO customers (customer_id,first_name,last_name,email,phone,city,country,registration_date,status) VALUES (176,'Luis','Fernandez','luis.fernandez.176@gmail.com','+212614165187','Meknes','Morocco',TO_DATE('2023-01-06','YYYY-MM-DD'),'ACTIVE');
INSERT INTO customers (customer_id,first_name,last_name,email,phone,city,country,registration_date,status) VALUES (177,'Edward','Reyes','edward.reyes.177@gmail.com','+212661705170','Marrakech','Morocco',TO_DATE('2023-03-22','YYYY-MM-DD'),'ACTIVE');
INSERT INTO customers (customer_id,first_name,last_name,email,phone,city,country,registration_date,status) VALUES (178,'Jasmine','Brown','jasmine.brown.178@yahoo.com','+212670027662','Tangier','Morocco',TO_DATE('2023-09-23','YYYY-MM-DD'),'ACTIVE');
INSERT INTO customers (customer_id,first_name,last_name,email,phone,city,country,registration_date,status) VALUES (179,'Mark','Owens','mark.owens.179@gmail.com','+212672232344','Oujda','Morocco',TO_DATE('2023-04-22','YYYY-MM-DD'),'ACTIVE');
INSERT INTO customers (customer_id,first_name,last_name,email,phone,city,country,registration_date,status) VALUES (180,'Jamie','Fisher','jamie.fisher.180@hotmail.com','+212698116677','Tetouan','Morocco',TO_DATE('2022-10-02','YYYY-MM-DD'),'ACTIVE');
INSERT INTO customers (customer_id,first_name,last_name,email,phone,city,country,registration_date,status) VALUES (181,'Sophia','Smith','sophia.smith.181@hotmail.com','+212632949803','Rabat','Morocco',TO_DATE('2022-10-13','YYYY-MM-DD'),'ACTIVE');
INSERT INTO customers (customer_id,first_name,last_name,email,phone,city,country,registration_date,status) VALUES (182,'Omar','Smith','omar.smith.182@yahoo.com','+212632730796','Oujda','Morocco',TO_DATE('2023-08-07','YYYY-MM-DD'),'ACTIVE');
INSERT INTO customers (customer_id,first_name,last_name,email,phone,city,country,registration_date,status) VALUES (183,'Kenneth','Price','kenneth.price.183@yahoo.com','+212650867083','Agadir','Morocco',TO_DATE('2022-01-30','YYYY-MM-DD'),'ACTIVE');
INSERT INTO customers (customer_id,first_name,last_name,email,phone,city,country,registration_date,status) VALUES (184,'Amanda','Navarro','amanda.navarro.184@hotmail.com','+212643622663','Marrakech','Morocco',TO_DATE('2023-05-15','YYYY-MM-DD'),'ACTIVE');
INSERT INTO customers (customer_id,first_name,last_name,email,phone,city,country,registration_date,status) VALUES (185,'Rachael','Freeman','rachael.freeman.185@yahoo.com','+212634675473','Agadir','Morocco',TO_DATE('2022-10-14','YYYY-MM-DD'),'ACTIVE');
INSERT INTO customers (customer_id,first_name,last_name,email,phone,city,country,registration_date,status) VALUES (186,'Ryan','Johnson','ryan.johnson.186@yahoo.com','+212694111289','Tangier','Morocco',TO_DATE('2023-07-24','YYYY-MM-DD'),'ACTIVE');
INSERT INTO customers (customer_id,first_name,last_name,email,phone,city,country,registration_date,status) VALUES (187,'Elizabeth','Yates','elizabeth.yates.187@hotmail.com','+212625643159','Rabat','Morocco',TO_DATE('2022-09-05','YYYY-MM-DD'),'ACTIVE');
INSERT INTO customers (customer_id,first_name,last_name,email,phone,city,country,registration_date,status) VALUES (188,'Frederick','Mcdonald','frederick.mcdonald.188@gmail.com','+212665575808','Kenitra','Morocco',TO_DATE('2022-09-04','YYYY-MM-DD'),'ACTIVE');
INSERT INTO customers (customer_id,first_name,last_name,email,phone,city,country,registration_date,status) VALUES (189,'Tina','Ferguson','tina.ferguson.189@yahoo.com','+212686691619','Oujda','Morocco',TO_DATE('2023-04-04','YYYY-MM-DD'),'ACTIVE');
INSERT INTO customers (customer_id,first_name,last_name,email,phone,city,country,registration_date,status) VALUES (190,'Brittany','Alvarado','brittany.alvarado.190@gmail.com','+212612489409','Tangier','Morocco',TO_DATE('2022-08-15','YYYY-MM-DD'),'ACTIVE');
INSERT INTO customers (customer_id,first_name,last_name,email,phone,city,country,registration_date,status) VALUES (191,'Dawn','Taylor','dawn.taylor.191@yahoo.com','+212632655866','Tangier','Morocco',TO_DATE('2023-11-11','YYYY-MM-DD'),'ACTIVE');
INSERT INTO customers (customer_id,first_name,last_name,email,phone,city,country,registration_date,status) VALUES (192,'Hunter','Green','hunter.green.192@yahoo.com','+212663519947','Kenitra','Morocco',TO_DATE('2023-06-28','YYYY-MM-DD'),'ACTIVE');
INSERT INTO customers (customer_id,first_name,last_name,email,phone,city,country,registration_date,status) VALUES (193,'Jason','Murphy','jason.murphy.193@yahoo.com','+212673871890','Agadir','Morocco',TO_DATE('2022-12-27','YYYY-MM-DD'),'ACTIVE');
INSERT INTO customers (customer_id,first_name,last_name,email,phone,city,country,registration_date,status) VALUES (194,'Joshua','Bean','joshua.bean.194@yahoo.com','+212636361787','Tangier','Morocco',TO_DATE('2022-09-15','YYYY-MM-DD'),'ACTIVE');
INSERT INTO customers (customer_id,first_name,last_name,email,phone,city,country,registration_date,status) VALUES (195,'Johnny','Miller','johnny.miller.195@gmail.com','+212696809144','Fes','Morocco',TO_DATE('2022-11-20','YYYY-MM-DD'),'ACTIVE');
INSERT INTO customers (customer_id,first_name,last_name,email,phone,city,country,registration_date,status) VALUES (196,'Kaitlyn','Williams','kaitlyn.williams.196@yahoo.com','+212671922443','Marrakech','Morocco',TO_DATE('2022-07-16','YYYY-MM-DD'),'ACTIVE');
INSERT INTO customers (customer_id,first_name,last_name,email,phone,city,country,registration_date,status) VALUES (197,'Jeffrey','Jones','jeffrey.jones.197@hotmail.com','+212664988034','Tangier','Morocco',TO_DATE('2023-08-27','YYYY-MM-DD'),'INACTIVE');
INSERT INTO customers (customer_id,first_name,last_name,email,phone,city,country,registration_date,status) VALUES (198,'Billy','Johnson','billy.johnson.198@gmail.com','+212670415568','Tetouan','Morocco',TO_DATE('2022-10-17','YYYY-MM-DD'),'BANNED');
INSERT INTO customers (customer_id,first_name,last_name,email,phone,city,country,registration_date,status) VALUES (199,'James','Smith','james.smith.199@gmail.com','+212626054020','Tangier','Morocco',TO_DATE('2022-08-21','YYYY-MM-DD'),'ACTIVE');
INSERT INTO customers (customer_id,first_name,last_name,email,phone,city,country,registration_date,status) VALUES (200,'John','Wells','john.wells.200@gmail.com','+212640569669','Casablanca','Morocco',TO_DATE('2023-07-01','YYYY-MM-DD'),'ACTIVE');

-- PRODUCTS
INSERT INTO products (product_id,name,category,unit_price,stock_quantity,status) VALUES (1,'Laptop Pro 15','Electronics',8181.02,13,'ACTIVE');
INSERT INTO products (product_id,name,category,unit_price,stock_quantity,status) VALUES (2,'Wireless Headphones','Electronics',830.55,32,'ACTIVE');
INSERT INTO products (product_id,name,category,unit_price,stock_quantity,status) VALUES (3,'Smartphone X12','Electronics',5777.02,26,'ACTIVE');
INSERT INTO products (product_id,name,category,unit_price,stock_quantity,status) VALUES (4,'USB-C Hub','Electronics',303.43,120,'ACTIVE');
INSERT INTO products (product_id,name,category,unit_price,stock_quantity,status) VALUES (5,'Mechanical Keyboard','Electronics',628.32,13,'ACTIVE');
INSERT INTO products (product_id,name,category,unit_price,stock_quantity,status) VALUES (6,'4K Monitor','Electronics',3537.66,29,'ACTIVE');
INSERT INTO products (product_id,name,category,unit_price,stock_quantity,status) VALUES (7,'Webcam HD','Electronics',440.08,18,'ACTIVE');
INSERT INTO products (product_id,name,category,unit_price,stock_quantity,status) VALUES (8,'External SSD 1TB','Electronics',932.52,38,'ACTIVE');
INSERT INTO products (product_id,name,category,unit_price,stock_quantity,status) VALUES (9,'Smart Watch','Electronics',1315.33,77,'ACTIVE');
INSERT INTO products (product_id,name,category,unit_price,stock_quantity,status) VALUES (10,'Bluetooth Speaker','Electronics',521.35,142,'ACTIVE');
INSERT INTO products (product_id,name,category,unit_price,stock_quantity,status) VALUES (11,'Oracle 19c Complete Guide','Books',305.36,158,'ACTIVE');
INSERT INTO products (product_id,name,category,unit_price,stock_quantity,status) VALUES (12,'Python Crash Course','Books',189.85,115,'ACTIVE');
INSERT INTO products (product_id,name,category,unit_price,stock_quantity,status) VALUES (13,'Clean Code','Books',219.72,150,'ACTIVE');
INSERT INTO products (product_id,name,category,unit_price,stock_quantity,status) VALUES (14,'Designing Data-Intensive Apps','Books',335.42,158,'DISCONTINUED');
INSERT INTO products (product_id,name,category,unit_price,stock_quantity,status) VALUES (15,'The Pragmatic Programmer','Books',239.15,25,'ACTIVE');
INSERT INTO products (product_id,name,category,unit_price,stock_quantity,status) VALUES (16,'Docker Deep Dive','Books',168.54,54,'ACTIVE');
INSERT INTO products (product_id,name,category,unit_price,stock_quantity,status) VALUES (17,'SQL Performance Explained','Books',237.31,61,'ACTIVE');
INSERT INTO products (product_id,name,category,unit_price,stock_quantity,status) VALUES (18,'Linux Bible','Books',291.89,0,'ACTIVE');
INSERT INTO products (product_id,name,category,unit_price,stock_quantity,status) VALUES (19,'Cloud Architecture Patterns','Books',299.95,120,'ACTIVE');
INSERT INTO products (product_id,name,category,unit_price,stock_quantity,status) VALUES (20,'Git Pro','Books',141.0,180,'ACTIVE');
INSERT INTO products (product_id,name,category,unit_price,stock_quantity,status) VALUES (21,'Djellaba Traditional','Clothing',482.36,18,'ACTIVE');
INSERT INTO products (product_id,name,category,unit_price,stock_quantity,status) VALUES (22,'Leather Babouche','Clothing',303.74,160,'ACTIVE');
INSERT INTO products (product_id,name,category,unit_price,stock_quantity,status) VALUES (23,'Cotton T-Shirt','Clothing',94.41,50,'ACTIVE');
INSERT INTO products (product_id,name,category,unit_price,stock_quantity,status) VALUES (24,'Denim Jacket','Clothing',402.56,165,'ACTIVE');
INSERT INTO products (product_id,name,category,unit_price,stock_quantity,status) VALUES (25,'Sports Hoodie','Clothing',218.27,36,'DISCONTINUED');
INSERT INTO products (product_id,name,category,unit_price,stock_quantity,status) VALUES (26,'Formal Shirt','Clothing',185.7,78,'ACTIVE');
INSERT INTO products (product_id,name,category,unit_price,stock_quantity,status) VALUES (27,'Running Shoes','Clothing',744.33,73,'ACTIVE');
INSERT INTO products (product_id,name,category,unit_price,stock_quantity,status) VALUES (28,'Casual Sneakers','Clothing',495.88,77,'ACTIVE');
INSERT INTO products (product_id,name,category,unit_price,stock_quantity,status) VALUES (29,'Winter Coat','Clothing',978.59,128,'ACTIVE');
INSERT INTO products (product_id,name,category,unit_price,stock_quantity,status) VALUES (30,'Silk Scarf','Clothing',186.65,153,'DISCONTINUED');
INSERT INTO products (product_id,name,category,unit_price,stock_quantity,status) VALUES (31,'Tagine Ceramic Set','Home and Kitchen',344.26,82,'ACTIVE');
INSERT INTO products (product_id,name,category,unit_price,stock_quantity,status) VALUES (32,'Argan Oil 500ml','Home and Kitchen',180.13,58,'ACTIVE');
INSERT INTO products (product_id,name,category,unit_price,stock_quantity,status) VALUES (33,'Coffee Maker','Home and Kitchen',639.25,147,'ACTIVE');
INSERT INTO products (product_id,name,category,unit_price,stock_quantity,status) VALUES (34,'Air Fryer XL','Home and Kitchen',812.83,195,'ACTIVE');
INSERT INTO products (product_id,name,category,unit_price,stock_quantity,status) VALUES (35,'Blender Pro','Home and Kitchen',428.3,10,'ACTIVE');
INSERT INTO products (product_id,name,category,unit_price,stock_quantity,status) VALUES (36,'Bedsheet Set King','Home and Kitchen',279.58,132,'ACTIVE');
INSERT INTO products (product_id,name,category,unit_price,stock_quantity,status) VALUES (37,'LED Desk Lamp','Home and Kitchen',193.9,46,'ACTIVE');
INSERT INTO products (product_id,name,category,unit_price,stock_quantity,status) VALUES (38,'Storage Ottoman','Home and Kitchen',541.96,125,'ACTIVE');
INSERT INTO products (product_id,name,category,unit_price,stock_quantity,status) VALUES (39,'Wall Clock Modern','Home and Kitchen',148.11,104,'ACTIVE');
INSERT INTO products (product_id,name,category,unit_price,stock_quantity,status) VALUES (40,'Candle Set Luxury','Home and Kitchen',133.39,41,'ACTIVE');
INSERT INTO products (product_id,name,category,unit_price,stock_quantity,status) VALUES (41,'Yoga Mat Premium','Sports',258.64,73,'ACTIVE');
INSERT INTO products (product_id,name,category,unit_price,stock_quantity,status) VALUES (42,'Resistance Bands Set','Sports',126.43,194,'ACTIVE');
INSERT INTO products (product_id,name,category,unit_price,stock_quantity,status) VALUES (43,'Football Size 5','Sports',187.29,80,'ACTIVE');
INSERT INTO products (product_id,name,category,unit_price,stock_quantity,status) VALUES (44,'Tennis Racket Pro','Sports',552.99,197,'ACTIVE');
INSERT INTO products (product_id,name,category,unit_price,stock_quantity,status) VALUES (45,'Cycling Helmet','Sports',350.02,0,'ACTIVE');
INSERT INTO products (product_id,name,category,unit_price,stock_quantity,status) VALUES (46,'Swimming Goggles','Sports',99.84,105,'DISCONTINUED');
INSERT INTO products (product_id,name,category,unit_price,stock_quantity,status) VALUES (47,'Dumbbell Set 20kg','Sports',801.95,159,'ACTIVE');
INSERT INTO products (product_id,name,category,unit_price,stock_quantity,status) VALUES (48,'Jump Rope Speed','Sports',80.98,194,'DISCONTINUED');
INSERT INTO products (product_id,name,category,unit_price,stock_quantity,status) VALUES (49,'Basketball Indoor','Sports',218.33,33,'ACTIVE');
INSERT INTO products (product_id,name,category,unit_price,stock_quantity,status) VALUES (50,'Badminton Set','Sports',157.03,178,'ACTIVE');
INSERT INTO products (product_id,name,category,unit_price,stock_quantity,status) VALUES (51,'Argan Hair Oil','Beauty',134.96,161,'ACTIVE');
INSERT INTO products (product_id,name,category,unit_price,stock_quantity,status) VALUES (52,'Rose Water Toner','Beauty',84.36,40,'ACTIVE');
INSERT INTO products (product_id,name,category,unit_price,stock_quantity,status) VALUES (53,'Vitamin C Serum','Beauty',179.64,104,'ACTIVE');
INSERT INTO products (product_id,name,category,unit_price,stock_quantity,status) VALUES (54,'Moisturizer SPF50','Beauty',196.62,29,'ACTIVE');
INSERT INTO products (product_id,name,category,unit_price,stock_quantity,status) VALUES (55,'Lipstick Set 6pc','Beauty',119.13,39,'ACTIVE');
INSERT INTO products (product_id,name,category,unit_price,stock_quantity,status) VALUES (56,'Perfume Oud 50ml','Beauty',624.95,130,'ACTIVE');
INSERT INTO products (product_id,name,category,unit_price,stock_quantity,status) VALUES (57,'Micellar Water','Beauty',77.66,123,'ACTIVE');
INSERT INTO products (product_id,name,category,unit_price,stock_quantity,status) VALUES (58,'Eye Cream Premium','Beauty',236.24,141,'ACTIVE');
INSERT INTO products (product_id,name,category,unit_price,stock_quantity,status) VALUES (59,'Sunscreen SPF30','Beauty',92.87,153,'ACTIVE');
INSERT INTO products (product_id,name,category,unit_price,stock_quantity,status) VALUES (60,'Face Mask Clay','Beauty',74.23,17,'ACTIVE');

-- ORDERS, ORDER_ITEMS, PAYMENTS
INSERT INTO orders (order_id,customer_id,order_date,status,total_amount,shipping_address) VALUES (1,107,TO_DATE('2023-12-15','YYYY-MM-DD'),'DELIVERED',1309.78,'73 Steven Glens, Casablanca');
INSERT INTO order_items (item_id,order_id,product_id,quantity,unit_price,line_total) VALUES (1,1,54,2,196.62,393.24);
INSERT INTO order_items (item_id,order_id,product_id,quantity,unit_price,line_total) VALUES (2,1,38,1,541.96,541.96);
INSERT INTO order_items (item_id,order_id,product_id,quantity,unit_price,line_total) VALUES (3,1,43,2,187.29,374.58);
INSERT INTO payments (payment_id,order_id,payment_date,amount,method,status) VALUES (1,1,TO_DATE('2023-12-18','YYYY-MM-DD'),1309.78,'DEBIT_CARD','COMPLETED');

INSERT INTO orders (order_id,customer_id,order_date,status,total_amount,shipping_address) VALUES (2,140,TO_DATE('2024-01-22','YYYY-MM-DD'),'RETURNED',630.44,'49 Jackson Rest, Agadir');
INSERT INTO order_items (item_id,order_id,product_id,quantity,unit_price,line_total) VALUES (4,2,37,1,193.9,193.9);
INSERT INTO order_items (item_id,order_id,product_id,quantity,unit_price,line_total) VALUES (5,2,25,2,218.27,436.54);
INSERT INTO payments (payment_id,order_id,payment_date,amount,method,status) VALUES (2,2,TO_DATE('2024-01-22','YYYY-MM-DD'),630.44,'DEBIT_CARD','REFUNDED');

INSERT INTO orders (order_id,customer_id,order_date,status,total_amount,shipping_address) VALUES (3,122,TO_DATE('2024-01-26','YYYY-MM-DD'),'CANCELLED',3945.99,'127 Kimberly Estates, Marrakech');
INSERT INTO order_items (item_id,order_id,product_id,quantity,unit_price,line_total) VALUES (6,3,9,3,1315.33,3945.99);

INSERT INTO orders (order_id,customer_id,order_date,status,total_amount,shipping_address) VALUES (4,152,TO_DATE('2023-12-06','YYYY-MM-DD'),'CONFIRMED',27355.02,'26 Rodriguez Burg, Oujda');
INSERT INTO order_items (item_id,order_id,product_id,quantity,unit_price,line_total) VALUES (7,4,1,3,8181.02,24543.06);
INSERT INTO order_items (item_id,order_id,product_id,quantity,unit_price,line_total) VALUES (8,4,47,1,801.95,801.95);
INSERT INTO order_items (item_id,order_id,product_id,quantity,unit_price,line_total) VALUES (9,4,10,1,521.35,521.35);
INSERT INTO order_items (item_id,order_id,product_id,quantity,unit_price,line_total) VALUES (10,4,27,2,744.33,1488.66);
INSERT INTO payments (payment_id,order_id,payment_date,amount,method,status) VALUES (3,4,TO_DATE('2023-12-08','YYYY-MM-DD'),27355.02,'DEBIT_CARD','COMPLETED');

INSERT INTO orders (order_id,customer_id,order_date,status,total_amount,shipping_address) VALUES (5,167,TO_DATE('2023-03-24','YYYY-MM-DD'),'DELIVERED',894.46,'98 Johnston Lane, Kenitra');
INSERT INTO order_items (item_id,order_id,product_id,quantity,unit_price,line_total) VALUES (11,5,41,2,258.64,517.28);
INSERT INTO order_items (item_id,order_id,product_id,quantity,unit_price,line_total) VALUES (12,5,46,3,99.84,299.52);
INSERT INTO order_items (item_id,order_id,product_id,quantity,unit_price,line_total) VALUES (13,5,57,1,77.66,77.66);
INSERT INTO payments (payment_id,order_id,payment_date,amount,method,status) VALUES (4,5,TO_DATE('2023-03-24','YYYY-MM-DD'),894.46,'CREDIT_CARD','COMPLETED');

INSERT INTO orders (order_id,customer_id,order_date,status,total_amount,shipping_address) VALUES (6,74,TO_DATE('2023-08-21','YYYY-MM-DD'),'CONFIRMED',978.59,'26 David Flat, Meknes');
INSERT INTO order_items (item_id,order_id,product_id,quantity,unit_price,line_total) VALUES (14,6,29,1,978.59,978.59);
INSERT INTO payments (payment_id,order_id,payment_date,amount,method,status) VALUES (5,6,TO_DATE('2023-08-23','YYYY-MM-DD'),978.59,'MOBILE_PAYMENT','COMPLETED');

INSERT INTO orders (order_id,customer_id,order_date,status,total_amount,shipping_address) VALUES (7,15,TO_DATE('2023-10-28','YYYY-MM-DD'),'DELIVERED',2775.57,'111 Brittany Village, Agadir');
INSERT INTO order_items (item_id,order_id,product_id,quantity,unit_price,line_total) VALUES (15,7,16,2,168.54,337.08);
INSERT INTO order_items (item_id,order_id,product_id,quantity,unit_price,line_total) VALUES (16,7,34,3,812.83,2438.49);
INSERT INTO payments (payment_id,order_id,payment_date,amount,method,status) VALUES (6,7,TO_DATE('2023-10-29','YYYY-MM-DD'),2775.57,'CREDIT_CARD','COMPLETED');

INSERT INTO orders (order_id,customer_id,order_date,status,total_amount,shipping_address) VALUES (8,98,TO_DATE('2023-09-04','YYYY-MM-DD'),'RETURNED',890.58,'37 Curtis Trail, Tetouan');
INSERT INTO order_items (item_id,order_id,product_id,quantity,unit_price,line_total) VALUES (17,8,30,2,186.65,373.3);
INSERT INTO order_items (item_id,order_id,product_id,quantity,unit_price,line_total) VALUES (18,8,41,2,258.64,517.28);
INSERT INTO payments (payment_id,order_id,payment_date,amount,method,status) VALUES (7,8,TO_DATE('2023-09-06','YYYY-MM-DD'),890.58,'BANK_TRANSFER','REFUNDED');

INSERT INTO orders (order_id,customer_id,order_date,status,total_amount,shipping_address) VALUES (9,120,TO_DATE('2023-10-22','YYYY-MM-DD'),'SHIPPED',2024.2,'114 Jefferson Rapid, Rabat');
INSERT INTO order_items (item_id,order_id,product_id,quantity,unit_price,line_total) VALUES (19,9,38,2,541.96,1083.92);
INSERT INTO order_items (item_id,order_id,product_id,quantity,unit_price,line_total) VALUES (20,9,20,3,141.0,423.0);
INSERT INTO order_items (item_id,order_id,product_id,quantity,unit_price,line_total) VALUES (21,9,41,2,258.64,517.28);
INSERT INTO payments (payment_id,order_id,payment_date,amount,method,status) VALUES (8,9,TO_DATE('2023-10-25','YYYY-MM-DD'),2024.2,'CASH_ON_DELIVERY','COMPLETED');

INSERT INTO orders (order_id,customer_id,order_date,status,total_amount,shipping_address) VALUES (10,99,TO_DATE('2024-05-09','YYYY-MM-DD'),'CONFIRMED',1737.81,'98 Laura Port, Fes');
INSERT INTO order_items (item_id,order_id,product_id,quantity,unit_price,line_total) VALUES (22,10,37,2,193.9,387.8);
INSERT INTO order_items (item_id,order_id,product_id,quantity,unit_price,line_total) VALUES (23,10,19,1,299.95,299.95);
INSERT INTO order_items (item_id,order_id,product_id,quantity,unit_price,line_total) VALUES (24,10,45,3,350.02,1050.06);
INSERT INTO payments (payment_id,order_id,payment_date,amount,method,status) VALUES (9,10,TO_DATE('2024-05-12','YYYY-MM-DD'),1737.81,'CREDIT_CARD','COMPLETED');

INSERT INTO orders (order_id,customer_id,order_date,status,total_amount,shipping_address) VALUES (11,176,TO_DATE('2023-02-20','YYYY-MM-DD'),'RETURNED',380.58,'199 Michael Meadow, Tangier');
INSERT INTO order_items (item_id,order_id,product_id,quantity,unit_price,line_total) VALUES (25,11,39,2,148.11,296.22);
INSERT INTO order_items (item_id,order_id,product_id,quantity,unit_price,line_total) VALUES (26,11,52,1,84.36,84.36);
INSERT INTO payments (payment_id,order_id,payment_date,amount,method,status) VALUES (10,11,TO_DATE('2023-02-21','YYYY-MM-DD'),380.58,'BANK_TRANSFER','REFUNDED');

INSERT INTO orders (order_id,customer_id,order_date,status,total_amount,shipping_address) VALUES (12,174,TO_DATE('2023-05-21','YYYY-MM-DD'),'CONFIRMED',8728.0,'80 Jones Rue, Casablanca');
INSERT INTO order_items (item_id,order_id,product_id,quantity,unit_price,line_total) VALUES (27,12,3,1,5777.02,5777.02);
INSERT INTO order_items (item_id,order_id,product_id,quantity,unit_price,line_total) VALUES (28,12,38,1,541.96,541.96);
INSERT INTO order_items (item_id,order_id,product_id,quantity,unit_price,line_total) VALUES (29,12,24,2,402.56,805.12);
INSERT INTO order_items (item_id,order_id,product_id,quantity,unit_price,line_total) VALUES (30,12,47,2,801.95,1603.9);
INSERT INTO payments (payment_id,order_id,payment_date,amount,method,status) VALUES (11,12,TO_DATE('2023-05-24','YYYY-MM-DD'),8728.0,'CREDIT_CARD','COMPLETED');

INSERT INTO orders (order_id,customer_id,order_date,status,total_amount,shipping_address) VALUES (13,139,TO_DATE('2024-01-10','YYYY-MM-DD'),'DELIVERED',1255.58,'66 Smith Manor, Marrakech');
INSERT INTO order_items (item_id,order_id,product_id,quantity,unit_price,line_total) VALUES (31,13,52,2,84.36,168.72);
INSERT INTO order_items (item_id,order_id,product_id,quantity,unit_price,line_total) VALUES (32,13,19,1,299.95,299.95);
INSERT INTO order_items (item_id,order_id,product_id,quantity,unit_price,line_total) VALUES (33,13,48,2,80.98,161.96);
INSERT INTO order_items (item_id,order_id,product_id,quantity,unit_price,line_total) VALUES (34,13,56,1,624.95,624.95);
INSERT INTO payments (payment_id,order_id,payment_date,amount,method,status) VALUES (12,13,TO_DATE('2024-01-11','YYYY-MM-DD'),1255.58,'CASH_ON_DELIVERY','COMPLETED');

INSERT INTO orders (order_id,customer_id,order_date,status,total_amount,shipping_address) VALUES (14,174,TO_DATE('2024-02-11','YYYY-MM-DD'),'DELIVERED',711.93,'102 Garcia Lake, Rabat');
INSERT INTO order_items (item_id,order_id,product_id,quantity,unit_price,line_total) VALUES (35,14,17,3,237.31,711.93);
INSERT INTO payments (payment_id,order_id,payment_date,amount,method,status) VALUES (13,14,TO_DATE('2024-02-11','YYYY-MM-DD'),711.93,'DEBIT_CARD','COMPLETED');

INSERT INTO orders (order_id,customer_id,order_date,status,total_amount,shipping_address) VALUES (15,173,TO_DATE('2023-09-26','YYYY-MM-DD'),'CANCELLED',3524.43,'28 Zimmerman Mews, Agadir');
INSERT INTO order_items (item_id,order_id,product_id,quantity,unit_price,line_total) VALUES (36,15,31,3,344.26,1032.78);
INSERT INTO order_items (item_id,order_id,product_id,quantity,unit_price,line_total) VALUES (37,15,2,3,830.55,2491.65);

INSERT INTO orders (order_id,customer_id,order_date,status,total_amount,shipping_address) VALUES (16,84,TO_DATE('2023-08-15','YYYY-MM-DD'),'CONFIRMED',1803.28,'180 Jessica Run, Oujda');
INSERT INTO order_items (item_id,order_id,product_id,quantity,unit_price,line_total) VALUES (38,16,42,1,126.43,126.43);
INSERT INTO order_items (item_id,order_id,product_id,quantity,unit_price,line_total) VALUES (39,16,27,1,744.33,744.33);
INSERT INTO order_items (item_id,order_id,product_id,quantity,unit_price,line_total) VALUES (40,16,8,1,932.52,932.52);
INSERT INTO payments (payment_id,order_id,payment_date,amount,method,status) VALUES (14,16,TO_DATE('2023-08-17','YYYY-MM-DD'),1803.28,'MOBILE_PAYMENT','COMPLETED');

INSERT INTO orders (order_id,customer_id,order_date,status,total_amount,shipping_address) VALUES (17,61,TO_DATE('2023-05-19','YYYY-MM-DD'),'CANCELLED',3171.51,'95 Gilbert Plain, Oujda');
INSERT INTO order_items (item_id,order_id,product_id,quantity,unit_price,line_total) VALUES (41,17,38,2,541.96,1083.92);
INSERT INTO order_items (item_id,order_id,product_id,quantity,unit_price,line_total) VALUES (42,17,48,3,80.98,242.94);
INSERT INTO order_items (item_id,order_id,product_id,quantity,unit_price,line_total) VALUES (43,17,47,1,801.95,801.95);
INSERT INTO order_items (item_id,order_id,product_id,quantity,unit_price,line_total) VALUES (44,17,10,2,521.35,1042.7);

INSERT INTO orders (order_id,customer_id,order_date,status,total_amount,shipping_address) VALUES (18,158,TO_DATE('2024-02-22','YYYY-MM-DD'),'DELIVERED',2155.05,'177 Marshall Views, Casablanca');
INSERT INTO order_items (item_id,order_id,product_id,quantity,unit_price,line_total) VALUES (45,18,14,2,335.42,670.84);
INSERT INTO order_items (item_id,order_id,product_id,quantity,unit_price,line_total) VALUES (46,18,29,1,978.59,978.59);
INSERT INTO order_items (item_id,order_id,product_id,quantity,unit_price,line_total) VALUES (47,18,16,3,168.54,505.62);
INSERT INTO payments (payment_id,order_id,payment_date,amount,method,status) VALUES (15,18,TO_DATE('2024-02-24','YYYY-MM-DD'),2155.05,'DEBIT_CARD','PENDING');

INSERT INTO orders (order_id,customer_id,order_date,status,total_amount,shipping_address) VALUES (19,92,TO_DATE('2023-03-04','YYYY-MM-DD'),'CANCELLED',238.26,'49 Morris Gardens, Tangier');
INSERT INTO order_items (item_id,order_id,product_id,quantity,unit_price,line_total) VALUES (48,19,55,2,119.13,238.26);

INSERT INTO orders (order_id,customer_id,order_date,status,total_amount,shipping_address) VALUES (20,24,TO_DATE('2023-08-06','YYYY-MM-DD'),'PENDING',4080.95,'86 Joshua Mission, Casablanca');
INSERT INTO order_items (item_id,order_id,product_id,quantity,unit_price,line_total) VALUES (49,20,9,3,1315.33,3945.99);
INSERT INTO order_items (item_id,order_id,product_id,quantity,unit_price,line_total) VALUES (50,20,51,1,134.96,134.96);

INSERT INTO orders (order_id,customer_id,order_date,status,total_amount,shipping_address) VALUES (21,18,TO_DATE('2023-08-01','YYYY-MM-DD'),'DELIVERED',641.12,'85 Karen Port, Fes');
INSERT INTO order_items (item_id,order_id,product_id,quantity,unit_price,line_total) VALUES (51,21,51,3,134.96,404.88);
INSERT INTO order_items (item_id,order_id,product_id,quantity,unit_price,line_total) VALUES (52,21,58,1,236.24,236.24);
INSERT INTO payments (payment_id,order_id,payment_date,amount,method,status) VALUES (16,21,TO_DATE('2023-08-03','YYYY-MM-DD'),641.12,'CASH_ON_DELIVERY','COMPLETED');

INSERT INTO orders (order_id,customer_id,order_date,status,total_amount,shipping_address) VALUES (22,34,TO_DATE('2023-09-14','YYYY-MM-DD'),'SHIPPED',1315.33,'170 Rogers Park, Rabat');
INSERT INTO order_items (item_id,order_id,product_id,quantity,unit_price,line_total) VALUES (53,22,9,1,1315.33,1315.33);
INSERT INTO payments (payment_id,order_id,payment_date,amount,method,status) VALUES (17,22,TO_DATE('2023-09-16','YYYY-MM-DD'),1315.33,'CASH_ON_DELIVERY','COMPLETED');

INSERT INTO orders (order_id,customer_id,order_date,status,total_amount,shipping_address) VALUES (23,83,TO_DATE('2023-01-17','YYYY-MM-DD'),'SHIPPED',987.27,'14 White Forest, Tangier');
INSERT INTO order_items (item_id,order_id,product_id,quantity,unit_price,line_total) VALUES (54,23,48,3,80.98,242.94);
INSERT INTO order_items (item_id,order_id,product_id,quantity,unit_price,line_total) VALUES (55,23,27,1,744.33,744.33);
INSERT INTO payments (payment_id,order_id,payment_date,amount,method,status) VALUES (18,23,TO_DATE('2023-01-17','YYYY-MM-DD'),987.27,'DEBIT_CARD','COMPLETED');

INSERT INTO orders (order_id,customer_id,order_date,status,total_amount,shipping_address) VALUES (24,132,TO_DATE('2023-04-22','YYYY-MM-DD'),'RETURNED',2405.85,'57 Salinas Junctions, Kenitra');
INSERT INTO order_items (item_id,order_id,product_id,quantity,unit_price,line_total) VALUES (56,24,47,3,801.95,2405.85);
INSERT INTO payments (payment_id,order_id,payment_date,amount,method,status) VALUES (19,24,TO_DATE('2023-04-24','YYYY-MM-DD'),2405.85,'DEBIT_CARD','REFUNDED');

INSERT INTO orders (order_id,customer_id,order_date,status,total_amount,shipping_address) VALUES (25,8,TO_DATE('2023-03-04','YYYY-MM-DD'),'RETURNED',540.39,'110 Beard Squares, Meknes');
INSERT INTO order_items (item_id,order_id,product_id,quantity,unit_price,line_total) VALUES (57,25,32,3,180.13,540.39);
INSERT INTO payments (payment_id,order_id,payment_date,amount,method,status) VALUES (20,25,TO_DATE('2023-03-07','YYYY-MM-DD'),540.39,'CREDIT_CARD','REFUNDED');

INSERT INTO orders (order_id,customer_id,order_date,status,total_amount,shipping_address) VALUES (26,21,TO_DATE('2023-11-26','YYYY-MM-DD'),'SHIPPED',2260.01,'33 Peters Path, Rabat');
INSERT INTO order_items (item_id,order_id,product_id,quantity,unit_price,line_total) VALUES (58,26,40,3,133.39,400.17);
INSERT INTO order_items (item_id,order_id,product_id,quantity,unit_price,line_total) VALUES (59,26,41,3,258.64,775.92);
INSERT INTO order_items (item_id,order_id,product_id,quantity,unit_price,line_total) VALUES (60,26,38,2,541.96,1083.92);
INSERT INTO payments (payment_id,order_id,payment_date,amount,method,status) VALUES (21,26,TO_DATE('2023-11-29','YYYY-MM-DD'),2260.01,'MOBILE_PAYMENT','COMPLETED');

INSERT INTO orders (order_id,customer_id,order_date,status,total_amount,shipping_address) VALUES (27,117,TO_DATE('2024-06-01','YYYY-MM-DD'),'CANCELLED',357.39,'180 Christopher Stravenue, Rabat');
INSERT INTO order_items (item_id,order_id,product_id,quantity,unit_price,line_total) VALUES (61,27,55,3,119.13,357.39);

INSERT INTO orders (order_id,customer_id,order_date,status,total_amount,shipping_address) VALUES (28,167,TO_DATE('2023-08-09','YYYY-MM-DD'),'CANCELLED',1704.45,'59 Freeman Trace, Oujda');
INSERT INTO order_items (item_id,order_id,product_id,quantity,unit_price,line_total) VALUES (62,28,22,2,303.74,607.48);
INSERT INTO order_items (item_id,order_id,product_id,quantity,unit_price,line_total) VALUES (63,28,53,3,179.64,538.92);
INSERT INTO order_items (item_id,order_id,product_id,quantity,unit_price,line_total) VALUES (64,28,30,1,186.65,186.65);
INSERT INTO order_items (item_id,order_id,product_id,quantity,unit_price,line_total) VALUES (65,28,26,2,185.7,371.4);

INSERT INTO orders (order_id,customer_id,order_date,status,total_amount,shipping_address) VALUES (29,110,TO_DATE('2023-11-17','YYYY-MM-DD'),'DELIVERED',12822.92,'40 Hannah Rue, Agadir');
INSERT INTO order_items (item_id,order_id,product_id,quantity,unit_price,line_total) VALUES (66,29,5,1,628.32,628.32);
INSERT INTO order_items (item_id,order_id,product_id,quantity,unit_price,line_total) VALUES (67,29,6,3,3537.66,10612.98);
INSERT INTO order_items (item_id,order_id,product_id,quantity,unit_price,line_total) VALUES (68,29,54,3,196.62,589.86);
INSERT INTO order_items (item_id,order_id,product_id,quantity,unit_price,line_total) VALUES (69,29,28,2,495.88,991.76);
INSERT INTO payments (payment_id,order_id,payment_date,amount,method,status) VALUES (22,29,TO_DATE('2023-11-18','YYYY-MM-DD'),12822.92,'BANK_TRANSFER','COMPLETED');

INSERT INTO orders (order_id,customer_id,order_date,status,total_amount,shipping_address) VALUES (30,144,TO_DATE('2023-12-04','YYYY-MM-DD'),'CONFIRMED',3739.27,'91 West Brook, Meknes');
INSERT INTO order_items (item_id,order_id,product_id,quantity,unit_price,line_total) VALUES (70,30,56,2,624.95,1249.9);
INSERT INTO order_items (item_id,order_id,product_id,quantity,unit_price,line_total) VALUES (71,30,59,3,92.87,278.61);
INSERT INTO order_items (item_id,order_id,product_id,quantity,unit_price,line_total) VALUES (72,30,47,2,801.95,1603.9);
INSERT INTO order_items (item_id,order_id,product_id,quantity,unit_price,line_total) VALUES (73,30,4,2,303.43,606.86);
INSERT INTO payments (payment_id,order_id,payment_date,amount,method,status) VALUES (23,30,TO_DATE('2023-12-04','YYYY-MM-DD'),3739.27,'BANK_TRANSFER','COMPLETED');

INSERT INTO orders (order_id,customer_id,order_date,status,total_amount,shipping_address) VALUES (31,169,TO_DATE('2024-05-08','YYYY-MM-DD'),'DELIVERED',3599.67,'90 Kelly Lodge, Rabat');
INSERT INTO order_items (item_id,order_id,product_id,quantity,unit_price,line_total) VALUES (74,31,8,3,932.52,2797.56);
INSERT INTO order_items (item_id,order_id,product_id,quantity,unit_price,line_total) VALUES (75,31,49,1,218.33,218.33);
INSERT INTO order_items (item_id,order_id,product_id,quantity,unit_price,line_total) VALUES (76,31,18,2,291.89,583.78);
INSERT INTO payments (payment_id,order_id,payment_date,amount,method,status) VALUES (24,31,TO_DATE('2024-05-08','YYYY-MM-DD'),3599.67,'BANK_TRANSFER','COMPLETED');

INSERT INTO orders (order_id,customer_id,order_date,status,total_amount,shipping_address) VALUES (32,178,TO_DATE('2023-10-01','YYYY-MM-DD'),'PENDING',491.02,'70 Kevin Prairie, Marrakech');
INSERT INTO order_items (item_id,order_id,product_id,quantity,unit_price,line_total) VALUES (77,32,59,1,92.87,92.87);
INSERT INTO order_items (item_id,order_id,product_id,quantity,unit_price,line_total) VALUES (78,32,22,1,303.74,303.74);
INSERT INTO order_items (item_id,order_id,product_id,quantity,unit_price,line_total) VALUES (79,32,23,1,94.41,94.41);

INSERT INTO orders (order_id,customer_id,order_date,status,total_amount,shipping_address) VALUES (33,145,TO_DATE('2024-02-15','YYYY-MM-DD'),'CONFIRMED',10612.98,'190 Kennedy Pines, Marrakech');
INSERT INTO order_items (item_id,order_id,product_id,quantity,unit_price,line_total) VALUES (80,33,6,3,3537.66,10612.98);
INSERT INTO payments (payment_id,order_id,payment_date,amount,method,status) VALUES (25,33,TO_DATE('2024-02-16','YYYY-MM-DD'),10612.98,'DEBIT_CARD','COMPLETED');

INSERT INTO orders (order_id,customer_id,order_date,status,total_amount,shipping_address) VALUES (34,41,TO_DATE('2024-01-14','YYYY-MM-DD'),'DELIVERED',77.66,'199 Coleman Summit, Agadir');
INSERT INTO order_items (item_id,order_id,product_id,quantity,unit_price,line_total) VALUES (81,34,57,1,77.66,77.66);
INSERT INTO payments (payment_id,order_id,payment_date,amount,method,status) VALUES (26,34,TO_DATE('2024-01-15','YYYY-MM-DD'),77.66,'CREDIT_CARD','COMPLETED');

INSERT INTO orders (order_id,customer_id,order_date,status,total_amount,shipping_address) VALUES (35,173,TO_DATE('2023-03-25','YYYY-MM-DD'),'DELIVERED',4188.47,'170 Bell Motorway, Oujda');
INSERT INTO order_items (item_id,order_id,product_id,quantity,unit_price,line_total) VALUES (82,35,32,2,180.13,360.26);
INSERT INTO order_items (item_id,order_id,product_id,quantity,unit_price,line_total) VALUES (83,35,39,1,148.11,148.11);
INSERT INTO order_items (item_id,order_id,product_id,quantity,unit_price,line_total) VALUES (84,35,29,3,978.59,2935.77);
INSERT INTO order_items (item_id,order_id,product_id,quantity,unit_price,line_total) VALUES (85,35,27,1,744.33,744.33);
INSERT INTO payments (payment_id,order_id,payment_date,amount,method,status) VALUES (27,35,TO_DATE('2023-03-27','YYYY-MM-DD'),4188.47,'DEBIT_CARD','COMPLETED');

INSERT INTO orders (order_id,customer_id,order_date,status,total_amount,shipping_address) VALUES (36,174,TO_DATE('2024-05-13','YYYY-MM-DD'),'DELIVERED',9451.51,'57 Parker Fort, Casablanca');
INSERT INTO order_items (item_id,order_id,product_id,quantity,unit_price,line_total) VALUES (86,36,39,2,148.11,296.22);
INSERT INTO order_items (item_id,order_id,product_id,quantity,unit_price,line_total) VALUES (87,36,4,1,303.43,303.43);
INSERT INTO order_items (item_id,order_id,product_id,quantity,unit_price,line_total) VALUES (88,36,1,1,8181.02,8181.02);
INSERT INTO order_items (item_id,order_id,product_id,quantity,unit_price,line_total) VALUES (89,36,14,2,335.42,670.84);
INSERT INTO payments (payment_id,order_id,payment_date,amount,method,status) VALUES (28,36,TO_DATE('2024-05-15','YYYY-MM-DD'),9451.51,'DEBIT_CARD','COMPLETED');

INSERT INTO orders (order_id,customer_id,order_date,status,total_amount,shipping_address) VALUES (37,192,TO_DATE('2024-03-16','YYYY-MM-DD'),'SHIPPED',2476.91,'98 Jennifer Island, Marrakech');
INSERT INTO order_items (item_id,order_id,product_id,quantity,unit_price,line_total) VALUES (90,37,33,3,639.25,1917.75);
INSERT INTO order_items (item_id,order_id,product_id,quantity,unit_price,line_total) VALUES (91,37,36,2,279.58,559.16);
INSERT INTO payments (payment_id,order_id,payment_date,amount,method,status) VALUES (29,37,TO_DATE('2024-03-16','YYYY-MM-DD'),2476.91,'DEBIT_CARD','COMPLETED');

INSERT INTO orders (order_id,customer_id,order_date,status,total_amount,shipping_address) VALUES (38,112,TO_DATE('2023-01-20','YYYY-MM-DD'),'RETURNED',1376.32,'81 Julia Track, Rabat');
INSERT INTO order_items (item_id,order_id,product_id,quantity,unit_price,line_total) VALUES (92,38,37,2,193.9,387.8);
INSERT INTO order_items (item_id,order_id,product_id,quantity,unit_price,line_total) VALUES (93,38,26,2,185.7,371.4);
INSERT INTO order_items (item_id,order_id,product_id,quantity,unit_price,line_total) VALUES (94,38,46,1,99.84,99.84);
INSERT INTO order_items (item_id,order_id,product_id,quantity,unit_price,line_total) VALUES (95,38,41,2,258.64,517.28);
INSERT INTO payments (payment_id,order_id,payment_date,amount,method,status) VALUES (30,38,TO_DATE('2023-01-20','YYYY-MM-DD'),1376.32,'MOBILE_PAYMENT','REFUNDED');

INSERT INTO orders (order_id,customer_id,order_date,status,total_amount,shipping_address) VALUES (39,44,TO_DATE('2024-04-16','YYYY-MM-DD'),'DELIVERED',337.08,'112 James Streets, Rabat');
INSERT INTO order_items (item_id,order_id,product_id,quantity,unit_price,line_total) VALUES (96,39,16,2,168.54,337.08);
INSERT INTO payments (payment_id,order_id,payment_date,amount,method,status) VALUES (31,39,TO_DATE('2024-04-19','YYYY-MM-DD'),337.08,'DEBIT_CARD','COMPLETED');

INSERT INTO orders (order_id,customer_id,order_date,status,total_amount,shipping_address) VALUES (40,80,TO_DATE('2023-12-14','YYYY-MM-DD'),'DELIVERED',2524.21,'200 Hill Radial, Agadir');
INSERT INTO order_items (item_id,order_id,product_id,quantity,unit_price,line_total) VALUES (97,40,5,3,628.32,1884.96);
INSERT INTO order_items (item_id,order_id,product_id,quantity,unit_price,line_total) VALUES (98,40,33,1,639.25,639.25);
INSERT INTO payments (payment_id,order_id,payment_date,amount,method,status) VALUES (32,40,TO_DATE('2023-12-15','YYYY-MM-DD'),2524.21,'MOBILE_PAYMENT','COMPLETED');

INSERT INTO orders (order_id,customer_id,order_date,status,total_amount,shipping_address) VALUES (41,187,TO_DATE('2023-06-01','YYYY-MM-DD'),'DELIVERED',937.38,'38 Hooper Village, Rabat');
INSERT INTO order_items (item_id,order_id,product_id,quantity,unit_price,line_total) VALUES (99,41,13,1,219.72,219.72);
INSERT INTO order_items (item_id,order_id,product_id,quantity,unit_price,line_total) VALUES (100,41,12,3,189.85,569.55);
INSERT INTO order_items (item_id,order_id,product_id,quantity,unit_price,line_total) VALUES (101,41,39,1,148.11,148.11);
INSERT INTO payments (payment_id,order_id,payment_date,amount,method,status) VALUES (33,41,TO_DATE('2023-06-02','YYYY-MM-DD'),937.38,'MOBILE_PAYMENT','COMPLETED');

INSERT INTO orders (order_id,customer_id,order_date,status,total_amount,shipping_address) VALUES (42,119,TO_DATE('2024-04-04','YYYY-MM-DD'),'DELIVERED',5139.57,'39 Kenneth Lake, Agadir');
INSERT INTO order_items (item_id,order_id,product_id,quantity,unit_price,line_total) VALUES (102,42,5,2,628.32,1256.64);
INSERT INTO order_items (item_id,order_id,product_id,quantity,unit_price,line_total) VALUES (103,42,31,2,344.26,688.52);
INSERT INTO order_items (item_id,order_id,product_id,quantity,unit_price,line_total) VALUES (104,42,29,3,978.59,2935.77);
INSERT INTO order_items (item_id,order_id,product_id,quantity,unit_price,line_total) VALUES (105,42,41,1,258.64,258.64);
INSERT INTO payments (payment_id,order_id,payment_date,amount,method,status) VALUES (34,42,TO_DATE('2024-04-06','YYYY-MM-DD'),5139.57,'DEBIT_CARD','COMPLETED');

INSERT INTO orders (order_id,customer_id,order_date,status,total_amount,shipping_address) VALUES (43,116,TO_DATE('2023-02-08','YYYY-MM-DD'),'PENDING',126.43,'74 Kevin Station, Agadir');
INSERT INTO order_items (item_id,order_id,product_id,quantity,unit_price,line_total) VALUES (106,43,42,1,126.43,126.43);

INSERT INTO orders (order_id,customer_id,order_date,status,total_amount,shipping_address) VALUES (44,158,TO_DATE('2024-06-03','YYYY-MM-DD'),'CANCELLED',2935.77,'149 Joshua Center, Oujda');
INSERT INTO order_items (item_id,order_id,product_id,quantity,unit_price,line_total) VALUES (107,44,29,3,978.59,2935.77);

INSERT INTO orders (order_id,customer_id,order_date,status,total_amount,shipping_address) VALUES (45,167,TO_DATE('2023-07-12','YYYY-MM-DD'),'DELIVERED',2260.61,'122 Terry Crossroad, Tetouan');
INSERT INTO order_items (item_id,order_id,product_id,quantity,unit_price,line_total) VALUES (108,45,4,1,303.43,303.43);
INSERT INTO order_items (item_id,order_id,product_id,quantity,unit_price,line_total) VALUES (109,45,29,2,978.59,1957.18);
INSERT INTO payments (payment_id,order_id,payment_date,amount,method,status) VALUES (35,45,TO_DATE('2023-07-12','YYYY-MM-DD'),2260.61,'DEBIT_CARD','COMPLETED');

INSERT INTO orders (order_id,customer_id,order_date,status,total_amount,shipping_address) VALUES (46,64,TO_DATE('2024-03-24','YYYY-MM-DD'),'RETURNED',990.86,'134 Garcia Bridge, Kenitra');
INSERT INTO order_items (item_id,order_id,product_id,quantity,unit_price,line_total) VALUES (110,46,24,2,402.56,805.12);
INSERT INTO order_items (item_id,order_id,product_id,quantity,unit_price,line_total) VALUES (111,46,59,2,92.87,185.74);
INSERT INTO payments (payment_id,order_id,payment_date,amount,method,status) VALUES (36,46,TO_DATE('2024-03-27','YYYY-MM-DD'),990.86,'CASH_ON_DELIVERY','REFUNDED');

INSERT INTO orders (order_id,customer_id,order_date,status,total_amount,shipping_address) VALUES (47,174,TO_DATE('2023-02-23','YYYY-MM-DD'),'DELIVERED',838.74,'85 Harrison Mill, Rabat');
INSERT INTO order_items (item_id,order_id,product_id,quantity,unit_price,line_total) VALUES (112,47,36,3,279.58,838.74);
INSERT INTO payments (payment_id,order_id,payment_date,amount,method,status) VALUES (37,47,TO_DATE('2023-02-26','YYYY-MM-DD'),838.74,'CREDIT_CARD','COMPLETED');

INSERT INTO orders (order_id,customer_id,order_date,status,total_amount,shipping_address) VALUES (48,169,TO_DATE('2023-06-03','YYYY-MM-DD'),'DELIVERED',468.97,'150 Lopez Center, Rabat');
INSERT INTO order_items (item_id,order_id,product_id,quantity,unit_price,line_total) VALUES (113,48,59,2,92.87,185.74);
INSERT INTO order_items (item_id,order_id,product_id,quantity,unit_price,line_total) VALUES (114,48,23,3,94.41,283.23);
INSERT INTO payments (payment_id,order_id,payment_date,amount,method,status) VALUES (38,48,TO_DATE('2023-06-06','YYYY-MM-DD'),468.97,'CREDIT_CARD','COMPLETED');

INSERT INTO orders (order_id,customer_id,order_date,status,total_amount,shipping_address) VALUES (49,22,TO_DATE('2023-11-14','YYYY-MM-DD'),'CANCELLED',379.29,'33 Everett Neck, Agadir');
INSERT INTO order_items (item_id,order_id,product_id,quantity,unit_price,line_total) VALUES (115,49,42,3,126.43,379.29);

INSERT INTO orders (order_id,customer_id,order_date,status,total_amount,shipping_address) VALUES (50,109,TO_DATE('2024-06-04','YYYY-MM-DD'),'DELIVERED',1018.86,'93 Lynn Locks, Casablanca');
INSERT INTO order_items (item_id,order_id,product_id,quantity,unit_price,line_total) VALUES (116,50,12,2,189.85,379.7);
INSERT INTO order_items (item_id,order_id,product_id,quantity,unit_price,line_total) VALUES (117,50,14,1,335.42,335.42);
INSERT INTO order_items (item_id,order_id,product_id,quantity,unit_price,line_total) VALUES (118,50,22,1,303.74,303.74);
INSERT INTO payments (payment_id,order_id,payment_date,amount,method,status) VALUES (39,50,TO_DATE('2024-06-05','YYYY-MM-DD'),1018.86,'CREDIT_CARD','COMPLETED');

INSERT INTO orders (order_id,customer_id,order_date,status,total_amount,shipping_address) VALUES (51,26,TO_DATE('2024-06-03','YYYY-MM-DD'),'PENDING',366.38,'197 Jones Roads, Agadir');
INSERT INTO order_items (item_id,order_id,product_id,quantity,unit_price,line_total) VALUES (119,51,39,1,148.11,148.11);
INSERT INTO order_items (item_id,order_id,product_id,quantity,unit_price,line_total) VALUES (120,51,25,1,218.27,218.27);

INSERT INTO orders (order_id,customer_id,order_date,status,total_amount,shipping_address) VALUES (52,47,TO_DATE('2023-06-19','YYYY-MM-DD'),'RETURNED',3848.91,'106 Edward Valleys, Casablanca');
INSERT INTO order_items (item_id,order_id,product_id,quantity,unit_price,line_total) VALUES (121,52,44,2,552.99,1105.98);
INSERT INTO order_items (item_id,order_id,product_id,quantity,unit_price,line_total) VALUES (122,52,47,3,801.95,2405.85);
INSERT INTO order_items (item_id,order_id,product_id,quantity,unit_price,line_total) VALUES (123,52,16,2,168.54,337.08);
INSERT INTO payments (payment_id,order_id,payment_date,amount,method,status) VALUES (40,52,TO_DATE('2023-06-22','YYYY-MM-DD'),3848.91,'CREDIT_CARD','REFUNDED');

INSERT INTO orders (order_id,customer_id,order_date,status,total_amount,shipping_address) VALUES (53,62,TO_DATE('2023-11-13','YYYY-MM-DD'),'RETURNED',1849.21,'95 Miller Gateway, Fes');
INSERT INTO order_items (item_id,order_id,product_id,quantity,unit_price,line_total) VALUES (124,53,30,3,186.65,559.95);
INSERT INTO order_items (item_id,order_id,product_id,quantity,unit_price,line_total) VALUES (125,53,50,3,157.03,471.09);
INSERT INTO order_items (item_id,order_id,product_id,quantity,unit_price,line_total) VALUES (126,53,19,2,299.95,599.9);
INSERT INTO order_items (item_id,order_id,product_id,quantity,unit_price,line_total) VALUES (127,53,25,1,218.27,218.27);
INSERT INTO payments (payment_id,order_id,payment_date,amount,method,status) VALUES (41,53,TO_DATE('2023-11-14','YYYY-MM-DD'),1849.21,'CASH_ON_DELIVERY','REFUNDED');

INSERT INTO orders (order_id,customer_id,order_date,status,total_amount,shipping_address) VALUES (54,36,TO_DATE('2023-09-14','YYYY-MM-DD'),'PENDING',299.52,'96 Angela Mall, Oujda');
INSERT INTO order_items (item_id,order_id,product_id,quantity,unit_price,line_total) VALUES (128,54,46,3,99.84,299.52);

INSERT INTO orders (order_id,customer_id,order_date,status,total_amount,shipping_address) VALUES (55,32,TO_DATE('2023-10-19','YYYY-MM-DD'),'CONFIRMED',2026.32,'70 Kimberly Light, Marrakech');
INSERT INTO order_items (item_id,order_id,product_id,quantity,unit_price,line_total) VALUES (129,55,58,2,236.24,472.48);
INSERT INTO order_items (item_id,order_id,product_id,quantity,unit_price,line_total) VALUES (130,55,33,1,639.25,639.25);
INSERT INTO order_items (item_id,order_id,product_id,quantity,unit_price,line_total) VALUES (131,55,10,1,521.35,521.35);
INSERT INTO order_items (item_id,order_id,product_id,quantity,unit_price,line_total) VALUES (132,55,54,2,196.62,393.24);
INSERT INTO payments (payment_id,order_id,payment_date,amount,method,status) VALUES (42,55,TO_DATE('2023-10-21','YYYY-MM-DD'),2026.32,'MOBILE_PAYMENT','COMPLETED');

INSERT INTO orders (order_id,customer_id,order_date,status,total_amount,shipping_address) VALUES (56,102,TO_DATE('2024-05-29','YYYY-MM-DD'),'DELIVERED',402.56,'99 Kerr Hills, Fes');
INSERT INTO order_items (item_id,order_id,product_id,quantity,unit_price,line_total) VALUES (133,56,24,1,402.56,402.56);
INSERT INTO payments (payment_id,order_id,payment_date,amount,method,status) VALUES (43,56,TO_DATE('2024-05-29','YYYY-MM-DD'),402.56,'DEBIT_CARD','COMPLETED');

INSERT INTO orders (order_id,customer_id,order_date,status,total_amount,shipping_address) VALUES (57,183,TO_DATE('2023-12-10','YYYY-MM-DD'),'SHIPPED',1508.01,'10 Torres River, Marrakech');
INSERT INTO order_items (item_id,order_id,product_id,quantity,unit_price,line_total) VALUES (134,57,59,3,92.87,278.61);
INSERT INTO order_items (item_id,order_id,product_id,quantity,unit_price,line_total) VALUES (135,57,54,1,196.62,196.62);
INSERT INTO order_items (item_id,order_id,product_id,quantity,unit_price,line_total) VALUES (136,57,31,3,344.26,1032.78);
INSERT INTO payments (payment_id,order_id,payment_date,amount,method,status) VALUES (44,57,TO_DATE('2023-12-13','YYYY-MM-DD'),1508.01,'DEBIT_CARD','COMPLETED');

INSERT INTO orders (order_id,customer_id,order_date,status,total_amount,shipping_address) VALUES (58,21,TO_DATE('2023-01-20','YYYY-MM-DD'),'DELIVERED',2490.56,'39 Chelsea Streets, Fes');
INSERT INTO order_items (item_id,order_id,product_id,quantity,unit_price,line_total) VALUES (137,58,8,2,932.52,1865.04);
INSERT INTO order_items (item_id,order_id,product_id,quantity,unit_price,line_total) VALUES (138,58,50,1,157.03,157.03);
INSERT INTO order_items (item_id,order_id,product_id,quantity,unit_price,line_total) VALUES (139,58,19,1,299.95,299.95);
INSERT INTO order_items (item_id,order_id,product_id,quantity,unit_price,line_total) VALUES (140,58,16,1,168.54,168.54);
INSERT INTO payments (payment_id,order_id,payment_date,amount,method,status) VALUES (45,58,TO_DATE('2023-01-23','YYYY-MM-DD'),2490.56,'BANK_TRANSFER','COMPLETED');

INSERT INTO orders (order_id,customer_id,order_date,status,total_amount,shipping_address) VALUES (59,17,TO_DATE('2023-04-24','YYYY-MM-DD'),'RETURNED',775.92,'138 Stacey Fords, Tetouan');
INSERT INTO order_items (item_id,order_id,product_id,quantity,unit_price,line_total) VALUES (141,59,41,3,258.64,775.92);
INSERT INTO payments (payment_id,order_id,payment_date,amount,method,status) VALUES (46,59,TO_DATE('2023-04-25','YYYY-MM-DD'),775.92,'BANK_TRANSFER','REFUNDED');

INSERT INTO orders (order_id,customer_id,order_date,status,total_amount,shipping_address) VALUES (60,75,TO_DATE('2024-03-15','YYYY-MM-DD'),'PENDING',2426.89,'91 Joseph Common, Tetouan');
INSERT INTO order_items (item_id,order_id,product_id,quantity,unit_price,line_total) VALUES (142,60,37,1,193.9,193.9);
INSERT INTO order_items (item_id,order_id,product_id,quantity,unit_price,line_total) VALUES (143,60,27,3,744.33,2232.99);

INSERT INTO orders (order_id,customer_id,order_date,status,total_amount,shipping_address) VALUES (61,172,TO_DATE('2023-03-29','YYYY-MM-DD'),'DELIVERED',436.54,'135 John Plaza, Rabat');
INSERT INTO order_items (item_id,order_id,product_id,quantity,unit_price,line_total) VALUES (144,61,25,2,218.27,436.54);
INSERT INTO payments (payment_id,order_id,payment_date,amount,method,status) VALUES (47,61,TO_DATE('2023-03-29','YYYY-MM-DD'),436.54,'BANK_TRANSFER','PENDING');

INSERT INTO orders (order_id,customer_id,order_date,status,total_amount,shipping_address) VALUES (62,65,TO_DATE('2023-01-17','YYYY-MM-DD'),'DELIVERED',2593.14,'89 Eric Lodge, Rabat');
INSERT INTO order_items (item_id,order_id,product_id,quantity,unit_price,line_total) VALUES (145,62,47,3,801.95,2405.85);
INSERT INTO order_items (item_id,order_id,product_id,quantity,unit_price,line_total) VALUES (146,62,43,1,187.29,187.29);
INSERT INTO payments (payment_id,order_id,payment_date,amount,method,status) VALUES (48,62,TO_DATE('2023-01-19','YYYY-MM-DD'),2593.14,'CREDIT_CARD','COMPLETED');

INSERT INTO orders (order_id,customer_id,order_date,status,total_amount,shipping_address) VALUES (63,87,TO_DATE('2023-06-29','YYYY-MM-DD'),'RETURNED',4030.35,'162 Norris Mountains, Oujda');
INSERT INTO order_items (item_id,order_id,product_id,quantity,unit_price,line_total) VALUES (147,63,52,1,84.36,84.36);
INSERT INTO order_items (item_id,order_id,product_id,quantity,unit_price,line_total) VALUES (148,63,9,3,1315.33,3945.99);
INSERT INTO payments (payment_id,order_id,payment_date,amount,method,status) VALUES (49,63,TO_DATE('2023-07-02','YYYY-MM-DD'),4030.35,'CREDIT_CARD','REFUNDED');

INSERT INTO orders (order_id,customer_id,order_date,status,total_amount,shipping_address) VALUES (64,52,TO_DATE('2023-02-14','YYYY-MM-DD'),'DELIVERED',2648.43,'81 Johnson Heights, Casablanca');
INSERT INTO order_items (item_id,order_id,product_id,quantity,unit_price,line_total) VALUES (149,64,33,3,639.25,1917.75);
INSERT INTO order_items (item_id,order_id,product_id,quantity,unit_price,line_total) VALUES (150,64,26,2,185.7,371.4);
INSERT INTO order_items (item_id,order_id,product_id,quantity,unit_price,line_total) VALUES (151,64,53,2,179.64,359.28);
INSERT INTO payments (payment_id,order_id,payment_date,amount,method,status) VALUES (50,64,TO_DATE('2023-02-14','YYYY-MM-DD'),2648.43,'CASH_ON_DELIVERY','COMPLETED');

INSERT INTO orders (order_id,customer_id,order_date,status,total_amount,shipping_address) VALUES (65,92,TO_DATE('2023-02-18','YYYY-MM-DD'),'DELIVERED',2014.36,'32 Warner Motorway, Tangier');
INSERT INTO order_items (item_id,order_id,product_id,quantity,unit_price,line_total) VALUES (152,65,28,3,495.88,1487.64);
INSERT INTO order_items (item_id,order_id,product_id,quantity,unit_price,line_total) VALUES (153,65,57,2,77.66,155.32);
INSERT INTO order_items (item_id,order_id,product_id,quantity,unit_price,line_total) VALUES (154,65,26,2,185.7,371.4);
INSERT INTO payments (payment_id,order_id,payment_date,amount,method,status) VALUES (51,65,TO_DATE('2023-02-20','YYYY-MM-DD'),2014.36,'MOBILE_PAYMENT','COMPLETED');

INSERT INTO orders (order_id,customer_id,order_date,status,total_amount,shipping_address) VALUES (66,128,TO_DATE('2024-01-12','YYYY-MM-DD'),'DELIVERED',5680.8,'187 Grace Greens, Rabat');
INSERT INTO order_items (item_id,order_id,product_id,quantity,unit_price,line_total) VALUES (155,66,6,1,3537.66,3537.66);
INSERT INTO order_items (item_id,order_id,product_id,quantity,unit_price,line_total) VALUES (156,66,28,3,495.88,1487.64);
INSERT INTO order_items (item_id,order_id,product_id,quantity,unit_price,line_total) VALUES (157,66,39,2,148.11,296.22);
INSERT INTO order_items (item_id,order_id,product_id,quantity,unit_price,line_total) VALUES (158,66,53,2,179.64,359.28);
INSERT INTO payments (payment_id,order_id,payment_date,amount,method,status) VALUES (52,66,TO_DATE('2024-01-12','YYYY-MM-DD'),5680.8,'CREDIT_CARD','COMPLETED');

INSERT INTO orders (order_id,customer_id,order_date,status,total_amount,shipping_address) VALUES (67,79,TO_DATE('2024-04-01','YYYY-MM-DD'),'CANCELLED',16282.53,'177 Ronald Plains, Marrakech');
INSERT INTO order_items (item_id,order_id,product_id,quantity,unit_price,line_total) VALUES (159,67,23,2,94.41,188.82);
INSERT INTO order_items (item_id,order_id,product_id,quantity,unit_price,line_total) VALUES (160,67,29,3,978.59,2935.77);
INSERT INTO order_items (item_id,order_id,product_id,quantity,unit_price,line_total) VALUES (161,67,3,2,5777.02,11554.04);
INSERT INTO order_items (item_id,order_id,product_id,quantity,unit_price,line_total) VALUES (162,67,47,2,801.95,1603.9);

INSERT INTO orders (order_id,customer_id,order_date,status,total_amount,shipping_address) VALUES (68,164,TO_DATE('2023-02-28','YYYY-MM-DD'),'CONFIRMED',4055.7,'94 Deborah Grove, Meknes');
INSERT INTO order_items (item_id,order_id,product_id,quantity,unit_price,line_total) VALUES (163,68,2,3,830.55,2491.65);
INSERT INTO order_items (item_id,order_id,product_id,quantity,unit_price,line_total) VALUES (164,68,10,3,521.35,1564.05);
INSERT INTO payments (payment_id,order_id,payment_date,amount,method,status) VALUES (53,68,TO_DATE('2023-03-03','YYYY-MM-DD'),4055.7,'CREDIT_CARD','COMPLETED');

INSERT INTO orders (order_id,customer_id,order_date,status,total_amount,shipping_address) VALUES (69,200,TO_DATE('2024-01-11','YYYY-MM-DD'),'DELIVERED',148.11,'146 Charles Expressway, Meknes');
INSERT INTO order_items (item_id,order_id,product_id,quantity,unit_price,line_total) VALUES (165,69,39,1,148.11,148.11);
INSERT INTO payments (payment_id,order_id,payment_date,amount,method,status) VALUES (54,69,TO_DATE('2024-01-14','YYYY-MM-DD'),148.11,'MOBILE_PAYMENT','COMPLETED');

INSERT INTO orders (order_id,customer_id,order_date,status,total_amount,shipping_address) VALUES (70,196,TO_DATE('2023-03-20','YYYY-MM-DD'),'SHIPPED',1653.0,'94 Larson Views, Kenitra');
INSERT INTO order_items (item_id,order_id,product_id,quantity,unit_price,line_total) VALUES (166,70,21,1,482.36,482.36);
INSERT INTO order_items (item_id,order_id,product_id,quantity,unit_price,line_total) VALUES (167,70,42,1,126.43,126.43);
INSERT INTO order_items (item_id,order_id,product_id,quantity,unit_price,line_total) VALUES (168,70,18,3,291.89,875.67);
INSERT INTO order_items (item_id,order_id,product_id,quantity,unit_price,line_total) VALUES (169,70,16,1,168.54,168.54);
INSERT INTO payments (payment_id,order_id,payment_date,amount,method,status) VALUES (55,70,TO_DATE('2023-03-23','YYYY-MM-DD'),1653.0,'DEBIT_CARD','COMPLETED');

INSERT INTO orders (order_id,customer_id,order_date,status,total_amount,shipping_address) VALUES (71,31,TO_DATE('2023-09-26','YYYY-MM-DD'),'DELIVERED',623.02,'55 Gonzales Mountain, Oujda');
INSERT INTO order_items (item_id,order_id,product_id,quantity,unit_price,line_total) VALUES (170,71,45,1,350.02,350.02);
INSERT INTO order_items (item_id,order_id,product_id,quantity,unit_price,line_total) VALUES (171,71,59,1,92.87,92.87);
INSERT INTO order_items (item_id,order_id,product_id,quantity,unit_price,line_total) VALUES (172,71,32,1,180.13,180.13);
INSERT INTO payments (payment_id,order_id,payment_date,amount,method,status) VALUES (56,71,TO_DATE('2023-09-26','YYYY-MM-DD'),623.02,'DEBIT_CARD','COMPLETED');

INSERT INTO orders (order_id,customer_id,order_date,status,total_amount,shipping_address) VALUES (72,114,TO_DATE('2023-03-31','YYYY-MM-DD'),'DELIVERED',838.74,'182 Lyons Groves, Agadir');
INSERT INTO order_items (item_id,order_id,product_id,quantity,unit_price,line_total) VALUES (173,72,36,3,279.58,838.74);
INSERT INTO payments (payment_id,order_id,payment_date,amount,method,status) VALUES (57,72,TO_DATE('2023-04-02','YYYY-MM-DD'),838.74,'CASH_ON_DELIVERY','COMPLETED');

INSERT INTO orders (order_id,customer_id,order_date,status,total_amount,shipping_address) VALUES (73,183,TO_DATE('2023-06-28','YYYY-MM-DD'),'DELIVERED',219.72,'58 Kim Rapid, Kenitra');
INSERT INTO order_items (item_id,order_id,product_id,quantity,unit_price,line_total) VALUES (174,73,13,1,219.72,219.72);
INSERT INTO payments (payment_id,order_id,payment_date,amount,method,status) VALUES (58,73,TO_DATE('2023-06-29','YYYY-MM-DD'),219.72,'CASH_ON_DELIVERY','COMPLETED');

INSERT INTO orders (order_id,customer_id,order_date,status,total_amount,shipping_address) VALUES (74,142,TO_DATE('2024-01-13','YYYY-MM-DD'),'RETURNED',1256.64,'34 Pamela Street, Kenitra');
INSERT INTO order_items (item_id,order_id,product_id,quantity,unit_price,line_total) VALUES (175,74,5,2,628.32,1256.64);
INSERT INTO payments (payment_id,order_id,payment_date,amount,method,status) VALUES (59,74,TO_DATE('2024-01-16','YYYY-MM-DD'),1256.64,'MOBILE_PAYMENT','REFUNDED');

INSERT INTO orders (order_id,customer_id,order_date,status,total_amount,shipping_address) VALUES (75,185,TO_DATE('2024-05-05','YYYY-MM-DD'),'CANCELLED',2630.66,'148 Munoz Burg, Meknes');
INSERT INTO order_items (item_id,order_id,product_id,quantity,unit_price,line_total) VALUES (176,75,9,2,1315.33,2630.66);

INSERT INTO orders (order_id,customer_id,order_date,status,total_amount,shipping_address) VALUES (76,165,TO_DATE('2023-03-17','YYYY-MM-DD'),'RETURNED',4768.83,'175 Jeremy Spring, Oujda');
INSERT INTO order_items (item_id,order_id,product_id,quantity,unit_price,line_total) VALUES (177,76,9,3,1315.33,3945.99);
INSERT INTO order_items (item_id,order_id,product_id,quantity,unit_price,line_total) VALUES (178,76,57,3,77.66,232.98);
INSERT INTO order_items (item_id,order_id,product_id,quantity,unit_price,line_total) VALUES (179,76,54,3,196.62,589.86);
INSERT INTO payments (payment_id,order_id,payment_date,amount,method,status) VALUES (60,76,TO_DATE('2023-03-18','YYYY-MM-DD'),4768.83,'CASH_ON_DELIVERY','REFUNDED');

INSERT INTO orders (order_id,customer_id,order_date,status,total_amount,shipping_address) VALUES (77,34,TO_DATE('2024-03-19','YYYY-MM-DD'),'PENDING',751.72,'133 Yvonne Spring, Rabat');
INSERT INTO order_items (item_id,order_id,product_id,quantity,unit_price,line_total) VALUES (180,77,20,1,141.0,141.0);
INSERT INTO order_items (item_id,order_id,product_id,quantity,unit_price,line_total) VALUES (181,77,11,2,305.36,610.72);

INSERT INTO orders (order_id,customer_id,order_date,status,total_amount,shipping_address) VALUES (78,182,TO_DATE('2023-08-19','YYYY-MM-DD'),'DELIVERED',237.31,'73 Johnston Track, Kenitra');
INSERT INTO order_items (item_id,order_id,product_id,quantity,unit_price,line_total) VALUES (182,78,17,1,237.31,237.31);
INSERT INTO payments (payment_id,order_id,payment_date,amount,method,status) VALUES (61,78,TO_DATE('2023-08-21','YYYY-MM-DD'),237.31,'CREDIT_CARD','COMPLETED');

INSERT INTO orders (order_id,customer_id,order_date,status,total_amount,shipping_address) VALUES (79,137,TO_DATE('2023-04-06','YYYY-MM-DD'),'SHIPPED',1477.95,'149 Thomas Run, Tetouan');
INSERT INTO order_items (item_id,order_id,product_id,quantity,unit_price,line_total) VALUES (183,79,11,3,305.36,916.08);
INSERT INTO order_items (item_id,order_id,product_id,quantity,unit_price,line_total) VALUES (184,79,43,3,187.29,561.87);
INSERT INTO payments (payment_id,order_id,payment_date,amount,method,status) VALUES (62,79,TO_DATE('2023-04-08','YYYY-MM-DD'),1477.95,'CASH_ON_DELIVERY','COMPLETED');

INSERT INTO orders (order_id,customer_id,order_date,status,total_amount,shipping_address) VALUES (80,8,TO_DATE('2023-03-25','YYYY-MM-DD'),'PENDING',895.76,'68 Moon Falls, Tetouan');
INSERT INTO order_items (item_id,order_id,product_id,quantity,unit_price,line_total) VALUES (185,80,50,2,157.03,314.06);
INSERT INTO order_items (item_id,order_id,product_id,quantity,unit_price,line_total) VALUES (186,80,37,3,193.9,581.7);

INSERT INTO orders (order_id,customer_id,order_date,status,total_amount,shipping_address) VALUES (81,164,TO_DATE('2023-02-01','YYYY-MM-DD'),'RETURNED',1538.58,'75 Walters Overpass, Kenitra');
INSERT INTO order_items (item_id,order_id,product_id,quantity,unit_price,line_total) VALUES (187,81,31,3,344.26,1032.78);
INSERT INTO order_items (item_id,order_id,product_id,quantity,unit_price,line_total) VALUES (188,81,16,2,168.54,337.08);
INSERT INTO order_items (item_id,order_id,product_id,quantity,unit_price,line_total) VALUES (189,81,52,2,84.36,168.72);
INSERT INTO payments (payment_id,order_id,payment_date,amount,method,status) VALUES (63,81,TO_DATE('2023-02-04','YYYY-MM-DD'),1538.58,'CREDIT_CARD','REFUNDED');

INSERT INTO orders (order_id,customer_id,order_date,status,total_amount,shipping_address) VALUES (82,16,TO_DATE('2023-06-11','YYYY-MM-DD'),'RETURNED',3442.33,'124 Theodore Lodge, Meknes');
INSERT INTO order_items (item_id,order_id,product_id,quantity,unit_price,line_total) VALUES (190,82,14,2,335.42,670.84);
INSERT INTO order_items (item_id,order_id,product_id,quantity,unit_price,line_total) VALUES (191,82,22,3,303.74,911.22);
INSERT INTO order_items (item_id,order_id,product_id,quantity,unit_price,line_total) VALUES (192,82,39,2,148.11,296.22);
INSERT INTO order_items (item_id,order_id,product_id,quantity,unit_price,line_total) VALUES (193,82,10,3,521.35,1564.05);
INSERT INTO payments (payment_id,order_id,payment_date,amount,method,status) VALUES (64,82,TO_DATE('2023-06-13','YYYY-MM-DD'),3442.33,'MOBILE_PAYMENT','REFUNDED');

INSERT INTO orders (order_id,customer_id,order_date,status,total_amount,shipping_address) VALUES (83,34,TO_DATE('2024-01-15','YYYY-MM-DD'),'CONFIRMED',2540.08,'62 Morris Cove, Agadir');
INSERT INTO order_items (item_id,order_id,product_id,quantity,unit_price,line_total) VALUES (194,83,8,1,932.52,932.52);
INSERT INTO order_items (item_id,order_id,product_id,quantity,unit_price,line_total) VALUES (195,83,18,1,291.89,291.89);
INSERT INTO order_items (item_id,order_id,product_id,quantity,unit_price,line_total) VALUES (196,83,29,1,978.59,978.59);
INSERT INTO order_items (item_id,order_id,product_id,quantity,unit_price,line_total) VALUES (197,83,16,2,168.54,337.08);
INSERT INTO payments (payment_id,order_id,payment_date,amount,method,status) VALUES (65,83,TO_DATE('2024-01-18','YYYY-MM-DD'),2540.08,'CASH_ON_DELIVERY','COMPLETED');

INSERT INTO orders (order_id,customer_id,order_date,status,total_amount,shipping_address) VALUES (84,41,TO_DATE('2023-12-02','YYYY-MM-DD'),'DELIVERED',1638.76,'196 Mark Square, Fes');
INSERT INTO order_items (item_id,order_id,product_id,quantity,unit_price,line_total) VALUES (198,84,32,2,180.13,360.26);
INSERT INTO order_items (item_id,order_id,product_id,quantity,unit_price,line_total) VALUES (199,84,33,2,639.25,1278.5);
INSERT INTO payments (payment_id,order_id,payment_date,amount,method,status) VALUES (66,84,TO_DATE('2023-12-04','YYYY-MM-DD'),1638.76,'DEBIT_CARD','COMPLETED');

INSERT INTO orders (order_id,customer_id,order_date,status,total_amount,shipping_address) VALUES (85,101,TO_DATE('2024-06-01','YYYY-MM-DD'),'RETURNED',2350.53,'56 Roberts Locks, Fes');
INSERT INTO order_items (item_id,order_id,product_id,quantity,unit_price,line_total) VALUES (200,85,4,3,303.43,910.29);
INSERT INTO order_items (item_id,order_id,product_id,quantity,unit_price,line_total) VALUES (201,85,19,3,299.95,899.85);
INSERT INTO order_items (item_id,order_id,product_id,quantity,unit_price,line_total) VALUES (202,85,32,3,180.13,540.39);
INSERT INTO payments (payment_id,order_id,payment_date,amount,method,status) VALUES (67,85,TO_DATE('2024-06-04','YYYY-MM-DD'),2350.53,'CREDIT_CARD','REFUNDED');

INSERT INTO orders (order_id,customer_id,order_date,status,total_amount,shipping_address) VALUES (86,3,TO_DATE('2023-04-21','YYYY-MM-DD'),'CANCELLED',992.29,'68 Shawn Island, Marrakech');
INSERT INTO order_items (item_id,order_id,product_id,quantity,unit_price,line_total) VALUES (203,86,49,1,218.33,218.33);
INSERT INTO order_items (item_id,order_id,product_id,quantity,unit_price,line_total) VALUES (204,86,26,2,185.7,371.4);
INSERT INTO order_items (item_id,order_id,product_id,quantity,unit_price,line_total) VALUES (205,86,24,1,402.56,402.56);

INSERT INTO orders (order_id,customer_id,order_date,status,total_amount,shipping_address) VALUES (87,146,TO_DATE('2023-07-19','YYYY-MM-DD'),'DELIVERED',654.81,'74 Morris Trail, Kenitra');
INSERT INTO order_items (item_id,order_id,product_id,quantity,unit_price,line_total) VALUES (206,87,25,3,218.27,654.81);
INSERT INTO payments (payment_id,order_id,payment_date,amount,method,status) VALUES (68,87,TO_DATE('2023-07-22','YYYY-MM-DD'),654.81,'CASH_ON_DELIVERY','COMPLETED');

INSERT INTO orders (order_id,customer_id,order_date,status,total_amount,shipping_address) VALUES (88,160,TO_DATE('2023-05-02','YYYY-MM-DD'),'SHIPPED',853.24,'101 Hancock Views, Rabat');
INSERT INTO order_items (item_id,order_id,product_id,quantity,unit_price,line_total) VALUES (207,88,51,2,134.96,269.92);
INSERT INTO order_items (item_id,order_id,product_id,quantity,unit_price,line_total) VALUES (208,88,22,1,303.74,303.74);
INSERT INTO order_items (item_id,order_id,product_id,quantity,unit_price,line_total) VALUES (209,88,36,1,279.58,279.58);
INSERT INTO payments (payment_id,order_id,payment_date,amount,method,status) VALUES (69,88,TO_DATE('2023-05-05','YYYY-MM-DD'),853.24,'DEBIT_CARD','COMPLETED');

INSERT INTO orders (order_id,customer_id,order_date,status,total_amount,shipping_address) VALUES (89,36,TO_DATE('2023-12-08','YYYY-MM-DD'),'RETURNED',680.57,'117 Diane Plains, Kenitra');
INSERT INTO order_items (item_id,order_id,product_id,quantity,unit_price,line_total) VALUES (210,89,39,3,148.11,444.33);
INSERT INTO order_items (item_id,order_id,product_id,quantity,unit_price,line_total) VALUES (211,89,58,1,236.24,236.24);
INSERT INTO payments (payment_id,order_id,payment_date,amount,method,status) VALUES (70,89,TO_DATE('2023-12-10','YYYY-MM-DD'),680.57,'MOBILE_PAYMENT','REFUNDED');

INSERT INTO orders (order_id,customer_id,order_date,status,total_amount,shipping_address) VALUES (90,82,TO_DATE('2023-06-16','YYYY-MM-DD'),'CANCELLED',3815.6,'190 Gutierrez Field, Tetouan');
INSERT INTO order_items (item_id,order_id,product_id,quantity,unit_price,line_total) VALUES (212,90,38,3,541.96,1625.88);
INSERT INTO order_items (item_id,order_id,product_id,quantity,unit_price,line_total) VALUES (213,90,22,3,303.74,911.22);
INSERT INTO order_items (item_id,order_id,product_id,quantity,unit_price,line_total) VALUES (214,90,33,2,639.25,1278.5);

INSERT INTO orders (order_id,customer_id,order_date,status,total_amount,shipping_address) VALUES (91,182,TO_DATE('2023-11-03','YYYY-MM-DD'),'RETURNED',5757.0,'95 Dean Parks, Casablanca');
INSERT INTO order_items (item_id,order_id,product_id,quantity,unit_price,line_total) VALUES (215,91,44,3,552.99,1658.97);
INSERT INTO order_items (item_id,order_id,product_id,quantity,unit_price,line_total) VALUES (216,91,8,2,932.52,1865.04);
INSERT INTO order_items (item_id,order_id,product_id,quantity,unit_price,line_total) VALUES (217,91,27,3,744.33,2232.99);
INSERT INTO payments (payment_id,order_id,payment_date,amount,method,status) VALUES (71,91,TO_DATE('2023-11-03','YYYY-MM-DD'),5757.0,'BANK_TRANSFER','REFUNDED');

INSERT INTO orders (order_id,customer_id,order_date,status,total_amount,shipping_address) VALUES (92,68,TO_DATE('2023-08-22','YYYY-MM-DD'),'PENDING',3214.41,'123 Wolf Ford, Tetouan');
INSERT INTO order_items (item_id,order_id,product_id,quantity,unit_price,line_total) VALUES (218,92,34,3,812.83,2438.49);
INSERT INTO order_items (item_id,order_id,product_id,quantity,unit_price,line_total) VALUES (219,92,41,3,258.64,775.92);

INSERT INTO orders (order_id,customer_id,order_date,status,total_amount,shipping_address) VALUES (93,199,TO_DATE('2024-01-25','YYYY-MM-DD'),'SHIPPED',219.72,'9 Dunn Heights, Fes');
INSERT INTO order_items (item_id,order_id,product_id,quantity,unit_price,line_total) VALUES (220,93,13,1,219.72,219.72);
INSERT INTO payments (payment_id,order_id,payment_date,amount,method,status) VALUES (72,93,TO_DATE('2024-01-28','YYYY-MM-DD'),219.72,'DEBIT_CARD','COMPLETED');

INSERT INTO orders (order_id,customer_id,order_date,status,total_amount,shipping_address) VALUES (94,177,TO_DATE('2023-07-28','YYYY-MM-DD'),'CANCELLED',3469.17,'199 Gilmore Oval, Kenitra');
INSERT INTO order_items (item_id,order_id,product_id,quantity,unit_price,line_total) VALUES (221,94,56,1,624.95,624.95);
INSERT INTO order_items (item_id,order_id,product_id,quantity,unit_price,line_total) VALUES (222,94,55,3,119.13,357.39);
INSERT INTO order_items (item_id,order_id,product_id,quantity,unit_price,line_total) VALUES (223,94,48,1,80.98,80.98);
INSERT INTO order_items (item_id,order_id,product_id,quantity,unit_price,line_total) VALUES (224,94,47,3,801.95,2405.85);

INSERT INTO orders (order_id,customer_id,order_date,status,total_amount,shipping_address) VALUES (95,54,TO_DATE('2023-11-29','YYYY-MM-DD'),'RETURNED',1221.46,'97 Anthony Roads, Kenitra');
INSERT INTO order_items (item_id,order_id,product_id,quantity,unit_price,line_total) VALUES (225,95,12,3,189.85,569.55);
INSERT INTO order_items (item_id,order_id,product_id,quantity,unit_price,line_total) VALUES (226,95,30,2,186.65,373.3);
INSERT INTO order_items (item_id,order_id,product_id,quantity,unit_price,line_total) VALUES (227,95,59,3,92.87,278.61);
INSERT INTO payments (payment_id,order_id,payment_date,amount,method,status) VALUES (73,95,TO_DATE('2023-12-01','YYYY-MM-DD'),1221.46,'BANK_TRANSFER','REFUNDED');

INSERT INTO orders (order_id,customer_id,order_date,status,total_amount,shipping_address) VALUES (96,185,TO_DATE('2023-09-28','YYYY-MM-DD'),'RETURNED',1558.61,'64 Jennifer Inlet, Fes');
INSERT INTO order_items (item_id,order_id,product_id,quantity,unit_price,line_total) VALUES (228,96,36,2,279.58,559.16);
INSERT INTO order_items (item_id,order_id,product_id,quantity,unit_price,line_total) VALUES (229,96,20,2,141.0,282.0);
INSERT INTO order_items (item_id,order_id,product_id,quantity,unit_price,line_total) VALUES (230,96,15,3,239.15,717.45);
INSERT INTO payments (payment_id,order_id,payment_date,amount,method,status) VALUES (74,96,TO_DATE('2023-09-29','YYYY-MM-DD'),1558.61,'BANK_TRANSFER','REFUNDED');

INSERT INTO orders (order_id,customer_id,order_date,status,total_amount,shipping_address) VALUES (97,126,TO_DATE('2023-11-21','YYYY-MM-DD'),'RETURNED',4085.21,'144 Andrea Course, Agadir');
INSERT INTO order_items (item_id,order_id,product_id,quantity,unit_price,line_total) VALUES (231,97,19,3,299.95,899.85);
INSERT INTO order_items (item_id,order_id,product_id,quantity,unit_price,line_total) VALUES (232,97,8,3,932.52,2797.56);
INSERT INTO order_items (item_id,order_id,product_id,quantity,unit_price,line_total) VALUES (233,97,37,2,193.9,387.8);
INSERT INTO payments (payment_id,order_id,payment_date,amount,method,status) VALUES (75,97,TO_DATE('2023-11-24','YYYY-MM-DD'),4085.21,'CASH_ON_DELIVERY','REFUNDED');

INSERT INTO orders (order_id,customer_id,order_date,status,total_amount,shipping_address) VALUES (98,198,TO_DATE('2023-05-30','YYYY-MM-DD'),'DELIVERED',188.82,'74 Victoria Crescent, Casablanca');
INSERT INTO order_items (item_id,order_id,product_id,quantity,unit_price,line_total) VALUES (234,98,23,2,94.41,188.82);
INSERT INTO payments (payment_id,order_id,payment_date,amount,method,status) VALUES (76,98,TO_DATE('2023-06-01','YYYY-MM-DD'),188.82,'BANK_TRANSFER','COMPLETED');

INSERT INTO orders (order_id,customer_id,order_date,status,total_amount,shipping_address) VALUES (99,138,TO_DATE('2023-10-05','YYYY-MM-DD'),'DELIVERED',1415.91,'28 Valentine Rue, Marrakech');
INSERT INTO order_items (item_id,order_id,product_id,quantity,unit_price,line_total) VALUES (235,99,16,3,168.54,505.62);
INSERT INTO order_items (item_id,order_id,product_id,quantity,unit_price,line_total) VALUES (236,99,4,3,303.43,910.29);
INSERT INTO payments (payment_id,order_id,payment_date,amount,method,status) VALUES (77,99,TO_DATE('2023-10-06','YYYY-MM-DD'),1415.91,'BANK_TRANSFER','COMPLETED');

INSERT INTO orders (order_id,customer_id,order_date,status,total_amount,shipping_address) VALUES (100,106,TO_DATE('2023-12-05','YYYY-MM-DD'),'RETURNED',8740.18,'175 Tyrone Stravenue, Rabat');
INSERT INTO order_items (item_id,order_id,product_id,quantity,unit_price,line_total) VALUES (237,100,1,1,8181.02,8181.02);
INSERT INTO order_items (item_id,order_id,product_id,quantity,unit_price,line_total) VALUES (238,100,36,2,279.58,559.16);
INSERT INTO payments (payment_id,order_id,payment_date,amount,method,status) VALUES (78,100,TO_DATE('2023-12-08','YYYY-MM-DD'),8740.18,'DEBIT_CARD','REFUNDED');

INSERT INTO orders (order_id,customer_id,order_date,status,total_amount,shipping_address) VALUES (101,52,TO_DATE('2023-10-22','YYYY-MM-DD'),'DELIVERED',92.87,'166 Hicks Groves, Tangier');
INSERT INTO order_items (item_id,order_id,product_id,quantity,unit_price,line_total) VALUES (239,101,59,1,92.87,92.87);
INSERT INTO payments (payment_id,order_id,payment_date,amount,method,status) VALUES (79,101,TO_DATE('2023-10-23','YYYY-MM-DD'),92.87,'DEBIT_CARD','COMPLETED');

INSERT INTO orders (order_id,customer_id,order_date,status,total_amount,shipping_address) VALUES (102,10,TO_DATE('2023-06-29','YYYY-MM-DD'),'CANCELLED',1029.22,'10 Davenport Mountains, Marrakech');
INSERT INTO order_items (item_id,order_id,product_id,quantity,unit_price,line_total) VALUES (240,102,51,3,134.96,404.88);
INSERT INTO order_items (item_id,order_id,product_id,quantity,unit_price,line_total) VALUES (241,102,32,2,180.13,360.26);
INSERT INTO order_items (item_id,order_id,product_id,quantity,unit_price,line_total) VALUES (242,102,12,1,189.85,189.85);
INSERT INTO order_items (item_id,order_id,product_id,quantity,unit_price,line_total) VALUES (243,102,60,1,74.23,74.23);

INSERT INTO orders (order_id,customer_id,order_date,status,total_amount,shipping_address) VALUES (103,77,TO_DATE('2023-04-20','YYYY-MM-DD'),'DELIVERED',3544.36,'117 Stephen Drive, Tangier');
INSERT INTO order_items (item_id,order_id,product_id,quantity,unit_price,line_total) VALUES (244,103,57,2,77.66,155.32);
INSERT INTO order_items (item_id,order_id,product_id,quantity,unit_price,line_total) VALUES (245,103,9,2,1315.33,2630.66);
INSERT INTO order_items (item_id,order_id,product_id,quantity,unit_price,line_total) VALUES (246,103,55,1,119.13,119.13);
INSERT INTO order_items (item_id,order_id,product_id,quantity,unit_price,line_total) VALUES (247,103,33,1,639.25,639.25);
INSERT INTO payments (payment_id,order_id,payment_date,amount,method,status) VALUES (80,103,TO_DATE('2023-04-22','YYYY-MM-DD'),3544.36,'CREDIT_CARD','COMPLETED');

INSERT INTO orders (order_id,customer_id,order_date,status,total_amount,shipping_address) VALUES (104,66,TO_DATE('2023-07-10','YYYY-MM-DD'),'PENDING',836.33,'76 Lee Rapid, Agadir');
INSERT INTO order_items (item_id,order_id,product_id,quantity,unit_price,line_total) VALUES (248,104,12,3,189.85,569.55);
INSERT INTO order_items (item_id,order_id,product_id,quantity,unit_price,line_total) VALUES (249,104,40,2,133.39,266.78);

INSERT INTO orders (order_id,customer_id,order_date,status,total_amount,shipping_address) VALUES (105,110,TO_DATE('2024-06-11','YYYY-MM-DD'),'DELIVERED',189.85,'103 Michelle Harbor, Rabat');
INSERT INTO order_items (item_id,order_id,product_id,quantity,unit_price,line_total) VALUES (250,105,12,1,189.85,189.85);
INSERT INTO payments (payment_id,order_id,payment_date,amount,method,status) VALUES (81,105,TO_DATE('2024-06-14','YYYY-MM-DD'),189.85,'DEBIT_CARD','COMPLETED');

INSERT INTO orders (order_id,customer_id,order_date,status,total_amount,shipping_address) VALUES (106,67,TO_DATE('2024-01-28','YYYY-MM-DD'),'DELIVERED',1876.18,'193 Morgan Turnpike, Oujda');
INSERT INTO order_items (item_id,order_id,product_id,quantity,unit_price,line_total) VALUES (251,106,22,3,303.74,911.22);
INSERT INTO order_items (item_id,order_id,product_id,quantity,unit_price,line_total) VALUES (252,106,20,3,141.0,423.0);
INSERT INTO order_items (item_id,order_id,product_id,quantity,unit_price,line_total) VALUES (253,106,38,1,541.96,541.96);
INSERT INTO payments (payment_id,order_id,payment_date,amount,method,status) VALUES (82,106,TO_DATE('2024-01-30','YYYY-MM-DD'),1876.18,'BANK_TRANSFER','COMPLETED');

INSERT INTO orders (order_id,customer_id,order_date,status,total_amount,shipping_address) VALUES (107,16,TO_DATE('2023-05-02','YYYY-MM-DD'),'RETURNED',3396.4,'41 Hoover Haven, Tangier');
INSERT INTO order_items (item_id,order_id,product_id,quantity,unit_price,line_total) VALUES (254,107,44,3,552.99,1658.97);
INSERT INTO order_items (item_id,order_id,product_id,quantity,unit_price,line_total) VALUES (255,107,33,2,639.25,1278.5);
INSERT INTO order_items (item_id,order_id,product_id,quantity,unit_price,line_total) VALUES (256,107,60,3,74.23,222.69);
INSERT INTO order_items (item_id,order_id,product_id,quantity,unit_price,line_total) VALUES (257,107,58,1,236.24,236.24);
INSERT INTO payments (payment_id,order_id,payment_date,amount,method,status) VALUES (83,107,TO_DATE('2023-05-04','YYYY-MM-DD'),3396.4,'DEBIT_CARD','REFUNDED');

INSERT INTO orders (order_id,customer_id,order_date,status,total_amount,shipping_address) VALUES (108,57,TO_DATE('2023-08-13','YYYY-MM-DD'),'SHIPPED',3725.38,'40 Monroe Prairie, Oujda');
INSERT INTO order_items (item_id,order_id,product_id,quantity,unit_price,line_total) VALUES (258,108,48,3,80.98,242.94);
INSERT INTO order_items (item_id,order_id,product_id,quantity,unit_price,line_total) VALUES (259,108,39,3,148.11,444.33);
INSERT INTO order_items (item_id,order_id,product_id,quantity,unit_price,line_total) VALUES (260,108,24,2,402.56,805.12);
INSERT INTO order_items (item_id,order_id,product_id,quantity,unit_price,line_total) VALUES (261,108,27,3,744.33,2232.99);
INSERT INTO payments (payment_id,order_id,payment_date,amount,method,status) VALUES (84,108,TO_DATE('2023-08-14','YYYY-MM-DD'),3725.38,'CASH_ON_DELIVERY','COMPLETED');

INSERT INTO orders (order_id,customer_id,order_date,status,total_amount,shipping_address) VALUES (109,153,TO_DATE('2023-03-25','YYYY-MM-DD'),'RETURNED',1302.89,'181 Grimes Mission, Kenitra');
INSERT INTO order_items (item_id,order_id,product_id,quantity,unit_price,line_total) VALUES (262,109,5,1,628.32,628.32);
INSERT INTO order_items (item_id,order_id,product_id,quantity,unit_price,line_total) VALUES (263,109,59,1,92.87,92.87);
INSERT INTO order_items (item_id,order_id,product_id,quantity,unit_price,line_total) VALUES (264,109,37,3,193.9,581.7);
INSERT INTO payments (payment_id,order_id,payment_date,amount,method,status) VALUES (85,109,TO_DATE('2023-03-26','YYYY-MM-DD'),1302.89,'BANK_TRANSFER','REFUNDED');

INSERT INTO orders (order_id,customer_id,order_date,status,total_amount,shipping_address) VALUES (110,39,TO_DATE('2023-06-18','YYYY-MM-DD'),'DELIVERED',552.99,'114 Reed Plaza, Kenitra');
INSERT INTO order_items (item_id,order_id,product_id,quantity,unit_price,line_total) VALUES (265,110,44,1,552.99,552.99);
INSERT INTO payments (payment_id,order_id,payment_date,amount,method,status) VALUES (86,110,TO_DATE('2023-06-21','YYYY-MM-DD'),552.99,'CREDIT_CARD','COMPLETED');

INSERT INTO orders (order_id,customer_id,order_date,status,total_amount,shipping_address) VALUES (111,15,TO_DATE('2024-04-09','YYYY-MM-DD'),'SHIPPED',2213.95,'107 Gibson Islands, Kenitra');
INSERT INTO order_items (item_id,order_id,product_id,quantity,unit_price,line_total) VALUES (266,111,37,3,193.9,581.7);
INSERT INTO order_items (item_id,order_id,product_id,quantity,unit_price,line_total) VALUES (267,111,4,2,303.43,606.86);
INSERT INTO order_items (item_id,order_id,product_id,quantity,unit_price,line_total) VALUES (268,111,36,3,279.58,838.74);
INSERT INTO order_items (item_id,order_id,product_id,quantity,unit_price,line_total) VALUES (269,111,30,1,186.65,186.65);
INSERT INTO payments (payment_id,order_id,payment_date,amount,method,status) VALUES (87,111,TO_DATE('2024-04-12','YYYY-MM-DD'),2213.95,'CREDIT_CARD','COMPLETED');

INSERT INTO orders (order_id,customer_id,order_date,status,total_amount,shipping_address) VALUES (112,56,TO_DATE('2023-03-16','YYYY-MM-DD'),'PENDING',428.3,'89 Tina Garden, Meknes');
INSERT INTO order_items (item_id,order_id,product_id,quantity,unit_price,line_total) VALUES (270,112,35,1,428.3,428.3);

INSERT INTO orders (order_id,customer_id,order_date,status,total_amount,shipping_address) VALUES (113,18,TO_DATE('2024-04-28','YYYY-MM-DD'),'PENDING',4417.08,'105 Hall Trail, Tangier');
INSERT INTO order_items (item_id,order_id,product_id,quantity,unit_price,line_total) VALUES (271,113,50,3,157.03,471.09);
INSERT INTO order_items (item_id,order_id,product_id,quantity,unit_price,line_total) VALUES (272,113,9,3,1315.33,3945.99);

INSERT INTO orders (order_id,customer_id,order_date,status,total_amount,shipping_address) VALUES (114,166,TO_DATE('2024-03-06','YYYY-MM-DD'),'DELIVERED',6226.02,'115 Williams Summit, Meknes');
INSERT INTO order_items (item_id,order_id,product_id,quantity,unit_price,line_total) VALUES (273,114,25,3,218.27,654.81);
INSERT INTO order_items (item_id,order_id,product_id,quantity,unit_price,line_total) VALUES (274,114,6,1,3537.66,3537.66);
INSERT INTO order_items (item_id,order_id,product_id,quantity,unit_price,line_total) VALUES (275,114,44,3,552.99,1658.97);
INSERT INTO order_items (item_id,order_id,product_id,quantity,unit_price,line_total) VALUES (276,114,43,2,187.29,374.58);
INSERT INTO payments (payment_id,order_id,payment_date,amount,method,status) VALUES (88,114,TO_DATE('2024-03-06','YYYY-MM-DD'),6226.02,'CREDIT_CARD','COMPLETED');

INSERT INTO orders (order_id,customer_id,order_date,status,total_amount,shipping_address) VALUES (115,136,TO_DATE('2023-05-11','YYYY-MM-DD'),'DELIVERED',282.0,'194 Thornton Valleys, Casablanca');
INSERT INTO order_items (item_id,order_id,product_id,quantity,unit_price,line_total) VALUES (277,115,20,2,141.0,282.0);
INSERT INTO payments (payment_id,order_id,payment_date,amount,method,status) VALUES (89,115,TO_DATE('2023-05-14','YYYY-MM-DD'),282.0,'DEBIT_CARD','COMPLETED');

INSERT INTO orders (order_id,customer_id,order_date,status,total_amount,shipping_address) VALUES (116,64,TO_DATE('2024-04-16','YYYY-MM-DD'),'DELIVERED',300.35,'71 Hughes Shore, Marrakech');
INSERT INTO order_items (item_id,order_id,product_id,quantity,unit_price,line_total) VALUES (278,116,60,3,74.23,222.69);
INSERT INTO order_items (item_id,order_id,product_id,quantity,unit_price,line_total) VALUES (279,116,57,1,77.66,77.66);
INSERT INTO payments (payment_id,order_id,payment_date,amount,method,status) VALUES (90,116,TO_DATE('2024-04-16','YYYY-MM-DD'),300.35,'CASH_ON_DELIVERY','COMPLETED');

INSERT INTO orders (order_id,customer_id,order_date,status,total_amount,shipping_address) VALUES (117,197,TO_DATE('2023-01-17','YYYY-MM-DD'),'DELIVERED',148.11,'18 Tyler Camp, Fes');
INSERT INTO order_items (item_id,order_id,product_id,quantity,unit_price,line_total) VALUES (280,117,39,1,148.11,148.11);
INSERT INTO payments (payment_id,order_id,payment_date,amount,method,status) VALUES (91,117,TO_DATE('2023-01-20','YYYY-MM-DD'),148.11,'BANK_TRANSFER','COMPLETED');

INSERT INTO orders (order_id,customer_id,order_date,status,total_amount,shipping_address) VALUES (118,13,TO_DATE('2023-09-08','YYYY-MM-DD'),'PENDING',763.72,'113 Wayne Ramp, Meknes');
INSERT INTO order_items (item_id,order_id,product_id,quantity,unit_price,line_total) VALUES (281,118,35,1,428.3,428.3);
INSERT INTO order_items (item_id,order_id,product_id,quantity,unit_price,line_total) VALUES (282,118,14,1,335.42,335.42);

INSERT INTO orders (order_id,customer_id,order_date,status,total_amount,shipping_address) VALUES (119,129,TO_DATE('2023-10-24','YYYY-MM-DD'),'DELIVERED',824.52,'82 Kane Well, Tetouan');
INSERT INTO order_items (item_id,order_id,product_id,quantity,unit_price,line_total) VALUES (283,119,16,1,168.54,168.54);
INSERT INTO order_items (item_id,order_id,product_id,quantity,unit_price,line_total) VALUES (284,119,20,3,141.0,423.0);
INSERT INTO order_items (item_id,order_id,product_id,quantity,unit_price,line_total) VALUES (285,119,57,3,77.66,232.98);
INSERT INTO payments (payment_id,order_id,payment_date,amount,method,status) VALUES (92,119,TO_DATE('2023-10-25','YYYY-MM-DD'),824.52,'DEBIT_CARD','COMPLETED');

INSERT INTO orders (order_id,customer_id,order_date,status,total_amount,shipping_address) VALUES (120,143,TO_DATE('2023-06-29','YYYY-MM-DD'),'CANCELLED',283.23,'127 Garcia Motorway, Kenitra');
INSERT INTO order_items (item_id,order_id,product_id,quantity,unit_price,line_total) VALUES (286,120,23,3,94.41,283.23);

INSERT INTO orders (order_id,customer_id,order_date,status,total_amount,shipping_address) VALUES (121,172,TO_DATE('2024-01-26','YYYY-MM-DD'),'DELIVERED',795.81,'105 Jennifer Lodge, Meknes');
INSERT INTO order_items (item_id,order_id,product_id,quantity,unit_price,line_total) VALUES (287,121,20,1,141.0,141.0);
INSERT INTO order_items (item_id,order_id,product_id,quantity,unit_price,line_total) VALUES (288,121,25,3,218.27,654.81);
INSERT INTO payments (payment_id,order_id,payment_date,amount,method,status) VALUES (93,121,TO_DATE('2024-01-29','YYYY-MM-DD'),795.81,'CREDIT_CARD','COMPLETED');

INSERT INTO orders (order_id,customer_id,order_date,status,total_amount,shipping_address) VALUES (122,182,TO_DATE('2023-05-28','YYYY-MM-DD'),'RETURNED',4709.23,'144 Charles Tunnel, Casablanca');
INSERT INTO order_items (item_id,order_id,product_id,quantity,unit_price,line_total) VALUES (289,122,27,2,744.33,1488.66);
INSERT INTO order_items (item_id,order_id,product_id,quantity,unit_price,line_total) VALUES (290,122,36,1,279.58,279.58);
INSERT INTO order_items (item_id,order_id,product_id,quantity,unit_price,line_total) VALUES (291,122,34,2,812.83,1625.66);
INSERT INTO order_items (item_id,order_id,product_id,quantity,unit_price,line_total) VALUES (292,122,9,1,1315.33,1315.33);
INSERT INTO payments (payment_id,order_id,payment_date,amount,method,status) VALUES (94,122,TO_DATE('2023-05-30','YYYY-MM-DD'),4709.23,'BANK_TRANSFER','REFUNDED');

INSERT INTO orders (order_id,customer_id,order_date,status,total_amount,shipping_address) VALUES (123,116,TO_DATE('2024-01-15','YYYY-MM-DD'),'CONFIRMED',1482.53,'186 Morgan Square, Kenitra');
INSERT INTO order_items (item_id,order_id,product_id,quantity,unit_price,line_total) VALUES (293,123,4,2,303.43,606.86);
INSERT INTO order_items (item_id,order_id,product_id,quantity,unit_price,line_total) VALUES (294,123,18,3,291.89,875.67);
INSERT INTO payments (payment_id,order_id,payment_date,amount,method,status) VALUES (95,123,TO_DATE('2024-01-15','YYYY-MM-DD'),1482.53,'CASH_ON_DELIVERY','COMPLETED');

INSERT INTO orders (order_id,customer_id,order_date,status,total_amount,shipping_address) VALUES (124,195,TO_DATE('2023-08-11','YYYY-MM-DD'),'RETURNED',24971.35,'86 Santos Walk, Fes');
INSERT INTO order_items (item_id,order_id,product_id,quantity,unit_price,line_total) VALUES (295,124,59,1,92.87,92.87);
INSERT INTO order_items (item_id,order_id,product_id,quantity,unit_price,line_total) VALUES (296,124,1,3,8181.02,24543.06);
INSERT INTO order_items (item_id,order_id,product_id,quantity,unit_price,line_total) VALUES (297,124,14,1,335.42,335.42);
INSERT INTO payments (payment_id,order_id,payment_date,amount,method,status) VALUES (96,124,TO_DATE('2023-08-14','YYYY-MM-DD'),24971.35,'MOBILE_PAYMENT','REFUNDED');

INSERT INTO orders (order_id,customer_id,order_date,status,total_amount,shipping_address) VALUES (125,179,TO_DATE('2023-07-29','YYYY-MM-DD'),'CANCELLED',1868.72,'142 Phelps Walks, Fes');
INSERT INTO order_items (item_id,order_id,product_id,quantity,unit_price,line_total) VALUES (298,125,50,2,157.03,314.06);
INSERT INTO order_items (item_id,order_id,product_id,quantity,unit_price,line_total) VALUES (299,125,19,3,299.95,899.85);
INSERT INTO order_items (item_id,order_id,product_id,quantity,unit_price,line_total) VALUES (300,125,25,3,218.27,654.81);

INSERT INTO orders (order_id,customer_id,order_date,status,total_amount,shipping_address) VALUES (126,92,TO_DATE('2023-11-12','YYYY-MM-DD'),'DELIVERED',2941.72,'132 Finley Road, Agadir');
INSERT INTO order_items (item_id,order_id,product_id,quantity,unit_price,line_total) VALUES (301,126,30,2,186.65,373.3);
INSERT INTO order_items (item_id,order_id,product_id,quantity,unit_price,line_total) VALUES (302,126,7,2,440.08,880.16);
INSERT INTO order_items (item_id,order_id,product_id,quantity,unit_price,line_total) VALUES (303,126,52,1,84.36,84.36);
INSERT INTO order_items (item_id,order_id,product_id,quantity,unit_price,line_total) VALUES (304,126,47,2,801.95,1603.9);
INSERT INTO payments (payment_id,order_id,payment_date,amount,method,status) VALUES (97,126,TO_DATE('2023-11-14','YYYY-MM-DD'),2941.72,'DEBIT_CARD','COMPLETED');

INSERT INTO orders (order_id,customer_id,order_date,status,total_amount,shipping_address) VALUES (127,57,TO_DATE('2023-05-30','YYYY-MM-DD'),'PENDING',2305.55,'142 Brennan Camp, Tangier');
INSERT INTO order_items (item_id,order_id,product_id,quantity,unit_price,line_total) VALUES (305,127,19,1,299.95,299.95);
INSERT INTO order_items (item_id,order_id,product_id,quantity,unit_price,line_total) VALUES (306,127,10,2,521.35,1042.7);
INSERT INTO order_items (item_id,order_id,product_id,quantity,unit_price,line_total) VALUES (307,127,13,3,219.72,659.16);
INSERT INTO order_items (item_id,order_id,product_id,quantity,unit_price,line_total) VALUES (308,127,22,1,303.74,303.74);

INSERT INTO orders (order_id,customer_id,order_date,status,total_amount,shipping_address) VALUES (128,128,TO_DATE('2023-12-12','YYYY-MM-DD'),'DELIVERED',1885.49,'186 Jimmy Spur, Oujda');
INSERT INTO order_items (item_id,order_id,product_id,quantity,unit_price,line_total) VALUES (309,128,30,2,186.65,373.3);
INSERT INTO order_items (item_id,order_id,product_id,quantity,unit_price,line_total) VALUES (310,128,11,1,305.36,305.36);
INSERT INTO order_items (item_id,order_id,product_id,quantity,unit_price,line_total) VALUES (311,128,47,1,801.95,801.95);
INSERT INTO order_items (item_id,order_id,product_id,quantity,unit_price,line_total) VALUES (312,128,51,3,134.96,404.88);
INSERT INTO payments (payment_id,order_id,payment_date,amount,method,status) VALUES (98,128,TO_DATE('2023-12-15','YYYY-MM-DD'),1885.49,'CREDIT_CARD','COMPLETED');

INSERT INTO orders (order_id,customer_id,order_date,status,total_amount,shipping_address) VALUES (129,165,TO_DATE('2023-03-02','YYYY-MM-DD'),'PENDING',218.33,'172 Bright Summit, Rabat');
INSERT INTO order_items (item_id,order_id,product_id,quantity,unit_price,line_total) VALUES (313,129,49,1,218.33,218.33);

INSERT INTO orders (order_id,customer_id,order_date,status,total_amount,shipping_address) VALUES (130,106,TO_DATE('2023-05-21','YYYY-MM-DD'),'DELIVERED',25213.9,'182 Ryan Courts, Rabat');
INSERT INTO order_items (item_id,order_id,product_id,quantity,unit_price,line_total) VALUES (314,130,1,3,8181.02,24543.06);
INSERT INTO order_items (item_id,order_id,product_id,quantity,unit_price,line_total) VALUES (315,130,14,2,335.42,670.84);
INSERT INTO payments (payment_id,order_id,payment_date,amount,method,status) VALUES (99,130,TO_DATE('2023-05-23','YYYY-MM-DD'),25213.9,'CREDIT_CARD','COMPLETED');

INSERT INTO orders (order_id,customer_id,order_date,status,total_amount,shipping_address) VALUES (131,158,TO_DATE('2024-05-09','YYYY-MM-DD'),'RETURNED',21281.3,'2 Scott Square, Casablanca');
INSERT INTO order_items (item_id,order_id,product_id,quantity,unit_price,line_total) VALUES (316,131,1,2,8181.02,16362.04);
INSERT INTO order_items (item_id,order_id,product_id,quantity,unit_price,line_total) VALUES (317,131,2,3,830.55,2491.65);
INSERT INTO order_items (item_id,order_id,product_id,quantity,unit_price,line_total) VALUES (318,131,34,2,812.83,1625.66);
INSERT INTO order_items (item_id,order_id,product_id,quantity,unit_price,line_total) VALUES (319,131,47,1,801.95,801.95);
INSERT INTO payments (payment_id,order_id,payment_date,amount,method,status) VALUES (100,131,TO_DATE('2024-05-12','YYYY-MM-DD'),21281.3,'CASH_ON_DELIVERY','REFUNDED');

INSERT INTO orders (order_id,customer_id,order_date,status,total_amount,shipping_address) VALUES (132,46,TO_DATE('2023-04-20','YYYY-MM-DD'),'CONFIRMED',925.94,'39 Berger Cape, Kenitra');
INSERT INTO order_items (item_id,order_id,product_id,quantity,unit_price,line_total) VALUES (320,132,13,3,219.72,659.16);
INSERT INTO order_items (item_id,order_id,product_id,quantity,unit_price,line_total) VALUES (321,132,40,2,133.39,266.78);
INSERT INTO payments (payment_id,order_id,payment_date,amount,method,status) VALUES (101,132,TO_DATE('2023-04-22','YYYY-MM-DD'),925.94,'CREDIT_CARD','COMPLETED');

INSERT INTO orders (order_id,customer_id,order_date,status,total_amount,shipping_address) VALUES (133,96,TO_DATE('2024-02-20','YYYY-MM-DD'),'RETURNED',1799.97,'63 Flynn Hill, Tetouan');
INSERT INTO order_items (item_id,order_id,product_id,quantity,unit_price,line_total) VALUES (322,133,20,1,141.0,141.0);
INSERT INTO order_items (item_id,order_id,product_id,quantity,unit_price,line_total) VALUES (323,133,44,3,552.99,1658.97);
INSERT INTO payments (payment_id,order_id,payment_date,amount,method,status) VALUES (102,133,TO_DATE('2024-02-20','YYYY-MM-DD'),1799.97,'CREDIT_CARD','REFUNDED');

INSERT INTO orders (order_id,customer_id,order_date,status,total_amount,shipping_address) VALUES (134,98,TO_DATE('2024-01-22','YYYY-MM-DD'),'RETURNED',350.02,'164 Brooks Drive, Casablanca');
INSERT INTO order_items (item_id,order_id,product_id,quantity,unit_price,line_total) VALUES (324,134,45,1,350.02,350.02);
INSERT INTO payments (payment_id,order_id,payment_date,amount,method,status) VALUES (103,134,TO_DATE('2024-01-22','YYYY-MM-DD'),350.02,'DEBIT_CARD','REFUNDED');

INSERT INTO orders (order_id,customer_id,order_date,status,total_amount,shipping_address) VALUES (135,112,TO_DATE('2023-12-06','YYYY-MM-DD'),'CONFIRMED',1714.98,'11 Amanda Port, Kenitra');
INSERT INTO order_items (item_id,order_id,product_id,quantity,unit_price,line_total) VALUES (325,135,14,3,335.42,1006.26);
INSERT INTO order_items (item_id,order_id,product_id,quantity,unit_price,line_total) VALUES (326,135,58,3,236.24,708.72);
INSERT INTO payments (payment_id,order_id,payment_date,amount,method,status) VALUES (104,135,TO_DATE('2023-12-09','YYYY-MM-DD'),1714.98,'CREDIT_CARD','COMPLETED');

INSERT INTO orders (order_id,customer_id,order_date,status,total_amount,shipping_address) VALUES (136,176,TO_DATE('2023-10-15','YYYY-MM-DD'),'PENDING',1006.26,'81 George Common, Marrakech');
INSERT INTO order_items (item_id,order_id,product_id,quantity,unit_price,line_total) VALUES (327,136,14,3,335.42,1006.26);

INSERT INTO orders (order_id,customer_id,order_date,status,total_amount,shipping_address) VALUES (137,37,TO_DATE('2024-02-12','YYYY-MM-DD'),'CONFIRMED',977.66,'42 Harvey Garden, Tangier');
INSERT INTO order_items (item_id,order_id,product_id,quantity,unit_price,line_total) VALUES (328,137,37,2,193.9,387.8);
INSERT INTO order_items (item_id,order_id,product_id,quantity,unit_price,line_total) VALUES (329,137,54,3,196.62,589.86);
INSERT INTO payments (payment_id,order_id,payment_date,amount,method,status) VALUES (105,137,TO_DATE('2024-02-14','YYYY-MM-DD'),977.66,'DEBIT_CARD','COMPLETED');

INSERT INTO orders (order_id,customer_id,order_date,status,total_amount,shipping_address) VALUES (138,177,TO_DATE('2023-03-22','YYYY-MM-DD'),'DELIVERED',3799.75,'26 Durham Divide, Casablanca');
INSERT INTO order_items (item_id,order_id,product_id,quantity,unit_price,line_total) VALUES (330,138,15,3,239.15,717.45);
INSERT INTO order_items (item_id,order_id,product_id,quantity,unit_price,line_total) VALUES (331,138,54,3,196.62,589.86);
INSERT INTO order_items (item_id,order_id,product_id,quantity,unit_price,line_total) VALUES (332,138,5,3,628.32,1884.96);
INSERT INTO order_items (item_id,order_id,product_id,quantity,unit_price,line_total) VALUES (333,138,22,2,303.74,607.48);
INSERT INTO payments (payment_id,order_id,payment_date,amount,method,status) VALUES (106,138,TO_DATE('2023-03-24','YYYY-MM-DD'),3799.75,'CREDIT_CARD','COMPLETED');

INSERT INTO orders (order_id,customer_id,order_date,status,total_amount,shipping_address) VALUES (139,116,TO_DATE('2024-05-17','YYYY-MM-DD'),'DELIVERED',4046.21,'142 Steven Glens, Agadir');
INSERT INTO order_items (item_id,order_id,product_id,quantity,unit_price,line_total) VALUES (334,139,28,3,495.88,1487.64);
INSERT INTO order_items (item_id,order_id,product_id,quantity,unit_price,line_total) VALUES (335,139,12,2,189.85,379.7);
INSERT INTO order_items (item_id,order_id,product_id,quantity,unit_price,line_total) VALUES (336,139,44,1,552.99,552.99);
INSERT INTO order_items (item_id,order_id,product_id,quantity,unit_price,line_total) VALUES (337,139,38,3,541.96,1625.88);
INSERT INTO payments (payment_id,order_id,payment_date,amount,method,status) VALUES (107,139,TO_DATE('2024-05-19','YYYY-MM-DD'),4046.21,'CASH_ON_DELIVERY','COMPLETED');

INSERT INTO orders (order_id,customer_id,order_date,status,total_amount,shipping_address) VALUES (140,22,TO_DATE('2023-10-02','YYYY-MM-DD'),'SHIPPED',598.5,'183 Scott Branch, Meknes');
INSERT INTO order_items (item_id,order_id,product_id,quantity,unit_price,line_total) VALUES (338,140,48,2,80.98,161.96);
INSERT INTO order_items (item_id,order_id,product_id,quantity,unit_price,line_total) VALUES (339,140,25,2,218.27,436.54);
INSERT INTO payments (payment_id,order_id,payment_date,amount,method,status) VALUES (108,140,TO_DATE('2023-10-02','YYYY-MM-DD'),598.5,'CREDIT_CARD','COMPLETED');

INSERT INTO orders (order_id,customer_id,order_date,status,total_amount,shipping_address) VALUES (141,114,TO_DATE('2024-01-04','YYYY-MM-DD'),'DELIVERED',379.7,'34 Santana Springs, Rabat');
INSERT INTO order_items (item_id,order_id,product_id,quantity,unit_price,line_total) VALUES (340,141,12,2,189.85,379.7);
INSERT INTO payments (payment_id,order_id,payment_date,amount,method,status) VALUES (109,141,TO_DATE('2024-01-07','YYYY-MM-DD'),379.7,'BANK_TRANSFER','COMPLETED');

INSERT INTO orders (order_id,customer_id,order_date,status,total_amount,shipping_address) VALUES (142,27,TO_DATE('2023-01-27','YYYY-MM-DD'),'CONFIRMED',444.33,'142 Charles Key, Agadir');
INSERT INTO order_items (item_id,order_id,product_id,quantity,unit_price,line_total) VALUES (341,142,39,3,148.11,444.33);
INSERT INTO payments (payment_id,order_id,payment_date,amount,method,status) VALUES (110,142,TO_DATE('2023-01-29','YYYY-MM-DD'),444.33,'CASH_ON_DELIVERY','COMPLETED');

INSERT INTO orders (order_id,customer_id,order_date,status,total_amount,shipping_address) VALUES (143,106,TO_DATE('2024-02-02','YYYY-MM-DD'),'CONFIRMED',771.26,'63 Fowler Manors, Kenitra');
INSERT INTO order_items (item_id,order_id,product_id,quantity,unit_price,line_total) VALUES (342,143,44,1,552.99,552.99);
INSERT INTO order_items (item_id,order_id,product_id,quantity,unit_price,line_total) VALUES (343,143,25,1,218.27,218.27);
INSERT INTO payments (payment_id,order_id,payment_date,amount,method,status) VALUES (111,143,TO_DATE('2024-02-04','YYYY-MM-DD'),771.26,'DEBIT_CARD','COMPLETED');

INSERT INTO orders (order_id,customer_id,order_date,status,total_amount,shipping_address) VALUES (144,17,TO_DATE('2023-06-21','YYYY-MM-DD'),'CANCELLED',1586.76,'108 Bryant Hollow, Tangier');
INSERT INTO order_items (item_id,order_id,product_id,quantity,unit_price,line_total) VALUES (344,144,31,2,344.26,688.52);
INSERT INTO order_items (item_id,order_id,product_id,quantity,unit_price,line_total) VALUES (345,144,51,2,134.96,269.92);
INSERT INTO order_items (item_id,order_id,product_id,quantity,unit_price,line_total) VALUES (346,144,5,1,628.32,628.32);

INSERT INTO orders (order_id,customer_id,order_date,status,total_amount,shipping_address) VALUES (145,185,TO_DATE('2024-05-22','YYYY-MM-DD'),'DELIVERED',16644.04,'28 Yvonne Walk, Oujda');
INSERT INTO order_items (item_id,order_id,product_id,quantity,unit_price,line_total) VALUES (347,145,20,2,141.0,282.0);
INSERT INTO order_items (item_id,order_id,product_id,quantity,unit_price,line_total) VALUES (348,145,1,2,8181.02,16362.04);
INSERT INTO payments (payment_id,order_id,payment_date,amount,method,status) VALUES (112,145,TO_DATE('2024-05-25','YYYY-MM-DD'),16644.04,'CASH_ON_DELIVERY','COMPLETED');

INSERT INTO orders (order_id,customer_id,order_date,status,total_amount,shipping_address) VALUES (146,86,TO_DATE('2024-03-16','YYYY-MM-DD'),'SHIPPED',1308.98,'83 Rodriguez Light, Tangier');
INSERT INTO order_items (item_id,order_id,product_id,quantity,unit_price,line_total) VALUES (349,146,31,1,344.26,344.26);
INSERT INTO order_items (item_id,order_id,product_id,quantity,unit_price,line_total) VALUES (350,146,21,2,482.36,964.72);
INSERT INTO payments (payment_id,order_id,payment_date,amount,method,status) VALUES (113,146,TO_DATE('2024-03-18','YYYY-MM-DD'),1308.98,'CREDIT_CARD','COMPLETED');

INSERT INTO orders (order_id,customer_id,order_date,status,total_amount,shipping_address) VALUES (147,126,TO_DATE('2023-09-06','YYYY-MM-DD'),'DELIVERED',3616.71,'72 Andrews Squares, Meknes');
INSERT INTO order_items (item_id,order_id,product_id,quantity,unit_price,line_total) VALUES (351,147,24,1,402.56,402.56);
INSERT INTO order_items (item_id,order_id,product_id,quantity,unit_price,line_total) VALUES (352,147,8,3,932.52,2797.56);
INSERT INTO order_items (item_id,order_id,product_id,quantity,unit_price,line_total) VALUES (353,147,60,3,74.23,222.69);
INSERT INTO order_items (item_id,order_id,product_id,quantity,unit_price,line_total) VALUES (354,147,37,1,193.9,193.9);
INSERT INTO payments (payment_id,order_id,payment_date,amount,method,status) VALUES (114,147,TO_DATE('2023-09-06','YYYY-MM-DD'),3616.71,'MOBILE_PAYMENT','COMPLETED');

INSERT INTO orders (order_id,customer_id,order_date,status,total_amount,shipping_address) VALUES (148,182,TO_DATE('2023-08-03','YYYY-MM-DD'),'RETURNED',359.28,'178 Johnson Village, Tangier');
INSERT INTO order_items (item_id,order_id,product_id,quantity,unit_price,line_total) VALUES (355,148,53,2,179.64,359.28);
INSERT INTO payments (payment_id,order_id,payment_date,amount,method,status) VALUES (115,148,TO_DATE('2023-08-06','YYYY-MM-DD'),359.28,'CREDIT_CARD','REFUNDED');

INSERT INTO orders (order_id,customer_id,order_date,status,total_amount,shipping_address) VALUES (149,78,TO_DATE('2023-09-05','YYYY-MM-DD'),'DELIVERED',4683.56,'184 Hill Port, Marrakech');
INSERT INTO order_items (item_id,order_id,product_id,quantity,unit_price,line_total) VALUES (356,149,51,3,134.96,404.88);
INSERT INTO order_items (item_id,order_id,product_id,quantity,unit_price,line_total) VALUES (357,149,25,2,218.27,436.54);
INSERT INTO order_items (item_id,order_id,product_id,quantity,unit_price,line_total) VALUES (358,149,5,3,628.32,1884.96);
INSERT INTO order_items (item_id,order_id,product_id,quantity,unit_price,line_total) VALUES (359,149,29,2,978.59,1957.18);
INSERT INTO payments (payment_id,order_id,payment_date,amount,method,status) VALUES (116,149,TO_DATE('2023-09-08','YYYY-MM-DD'),4683.56,'DEBIT_CARD','COMPLETED');

INSERT INTO orders (order_id,customer_id,order_date,status,total_amount,shipping_address) VALUES (150,93,TO_DATE('2023-03-29','YYYY-MM-DD'),'CONFIRMED',1084.82,'169 Renee Summit, Fes');
INSERT INTO order_items (item_id,order_id,product_id,quantity,unit_price,line_total) VALUES (360,150,11,1,305.36,305.36);
INSERT INTO order_items (item_id,order_id,product_id,quantity,unit_price,line_total) VALUES (361,150,42,3,126.43,379.29);
INSERT INTO order_items (item_id,order_id,product_id,quantity,unit_price,line_total) VALUES (362,150,40,3,133.39,400.17);
INSERT INTO payments (payment_id,order_id,payment_date,amount,method,status) VALUES (117,150,TO_DATE('2023-04-01','YYYY-MM-DD'),1084.82,'MOBILE_PAYMENT','COMPLETED');

INSERT INTO orders (order_id,customer_id,order_date,status,total_amount,shipping_address) VALUES (151,111,TO_DATE('2023-04-19','YYYY-MM-DD'),'PENDING',2160.69,'67 Wall Heights, Rabat');
INSERT INTO order_items (item_id,order_id,product_id,quantity,unit_price,line_total) VALUES (363,151,33,3,639.25,1917.75);
INSERT INTO order_items (item_id,order_id,product_id,quantity,unit_price,line_total) VALUES (364,151,48,3,80.98,242.94);

INSERT INTO orders (order_id,customer_id,order_date,status,total_amount,shipping_address) VALUES (152,149,TO_DATE('2023-08-15','YYYY-MM-DD'),'RETURNED',2458.02,'101 Catherine Knoll, Agadir');
INSERT INTO order_items (item_id,order_id,product_id,quantity,unit_price,line_total) VALUES (365,152,50,3,157.03,471.09);
INSERT INTO order_items (item_id,order_id,product_id,quantity,unit_price,line_total) VALUES (366,152,44,1,552.99,552.99);
INSERT INTO order_items (item_id,order_id,product_id,quantity,unit_price,line_total) VALUES (367,152,38,2,541.96,1083.92);
INSERT INTO order_items (item_id,order_id,product_id,quantity,unit_price,line_total) VALUES (368,152,45,1,350.02,350.02);
INSERT INTO payments (payment_id,order_id,payment_date,amount,method,status) VALUES (118,152,TO_DATE('2023-08-18','YYYY-MM-DD'),2458.02,'CREDIT_CARD','REFUNDED');

INSERT INTO orders (order_id,customer_id,order_date,status,total_amount,shipping_address) VALUES (153,107,TO_DATE('2023-03-29','YYYY-MM-DD'),'CONFIRMED',1133.61,'90 Dana River, Marrakech');
INSERT INTO order_items (item_id,order_id,product_id,quantity,unit_price,line_total) VALUES (369,153,22,1,303.74,303.74);
INSERT INTO order_items (item_id,order_id,product_id,quantity,unit_price,line_total) VALUES (370,153,30,3,186.65,559.95);
INSERT INTO order_items (item_id,order_id,product_id,quantity,unit_price,line_total) VALUES (371,153,51,2,134.96,269.92);
INSERT INTO payments (payment_id,order_id,payment_date,amount,method,status) VALUES (119,153,TO_DATE('2023-03-31','YYYY-MM-DD'),1133.61,'DEBIT_CARD','COMPLETED');

INSERT INTO orders (order_id,customer_id,order_date,status,total_amount,shipping_address) VALUES (154,179,TO_DATE('2024-04-08','YYYY-MM-DD'),'DELIVERED',253.08,'77 Byrd Stravenue, Rabat');
INSERT INTO order_items (item_id,order_id,product_id,quantity,unit_price,line_total) VALUES (372,154,52,3,84.36,253.08);
INSERT INTO payments (payment_id,order_id,payment_date,amount,method,status) VALUES (120,154,TO_DATE('2024-04-08','YYYY-MM-DD'),253.08,'CREDIT_CARD','COMPLETED');

INSERT INTO orders (order_id,customer_id,order_date,status,total_amount,shipping_address) VALUES (155,28,TO_DATE('2023-06-18','YYYY-MM-DD'),'DELIVERED',1166.64,'45 Courtney Road, Kenitra');
INSERT INTO order_items (item_id,order_id,product_id,quantity,unit_price,line_total) VALUES (373,155,22,2,303.74,607.48);
INSERT INTO order_items (item_id,order_id,product_id,quantity,unit_price,line_total) VALUES (374,155,36,2,279.58,559.16);
INSERT INTO payments (payment_id,order_id,payment_date,amount,method,status) VALUES (121,155,TO_DATE('2023-06-19','YYYY-MM-DD'),1166.64,'CASH_ON_DELIVERY','COMPLETED');

INSERT INTO orders (order_id,customer_id,order_date,status,total_amount,shipping_address) VALUES (156,48,TO_DATE('2024-03-18','YYYY-MM-DD'),'CANCELLED',3041.1,'189 Kyle Mill, Casablanca');
INSERT INTO order_items (item_id,order_id,product_id,quantity,unit_price,line_total) VALUES (375,156,29,2,978.59,1957.18);
INSERT INTO order_items (item_id,order_id,product_id,quantity,unit_price,line_total) VALUES (376,156,38,2,541.96,1083.92);

INSERT INTO orders (order_id,customer_id,order_date,status,total_amount,shipping_address) VALUES (157,2,TO_DATE('2023-08-08','YYYY-MM-DD'),'DELIVERED',193.9,'193 Bethany Street, Tangier');
INSERT INTO order_items (item_id,order_id,product_id,quantity,unit_price,line_total) VALUES (377,157,37,1,193.9,193.9);
INSERT INTO payments (payment_id,order_id,payment_date,amount,method,status) VALUES (122,157,TO_DATE('2023-08-09','YYYY-MM-DD'),193.9,'DEBIT_CARD','COMPLETED');

INSERT INTO orders (order_id,customer_id,order_date,status,total_amount,shipping_address) VALUES (158,30,TO_DATE('2023-09-26','YYYY-MM-DD'),'RETURNED',1084.42,'164 Christopher Hill, Kenitra');
INSERT INTO order_items (item_id,order_id,product_id,quantity,unit_price,line_total) VALUES (378,158,39,2,148.11,296.22);
INSERT INTO order_items (item_id,order_id,product_id,quantity,unit_price,line_total) VALUES (379,158,25,3,218.27,654.81);
INSERT INTO order_items (item_id,order_id,product_id,quantity,unit_price,line_total) VALUES (380,158,40,1,133.39,133.39);
INSERT INTO payments (payment_id,order_id,payment_date,amount,method,status) VALUES (123,158,TO_DATE('2023-09-28','YYYY-MM-DD'),1084.42,'DEBIT_CARD','REFUNDED');

INSERT INTO orders (order_id,customer_id,order_date,status,total_amount,shipping_address) VALUES (159,118,TO_DATE('2023-06-26','YYYY-MM-DD'),'DELIVERED',552.99,'152 Burgess Extensions, Tetouan');
INSERT INTO order_items (item_id,order_id,product_id,quantity,unit_price,line_total) VALUES (381,159,44,1,552.99,552.99);
INSERT INTO payments (payment_id,order_id,payment_date,amount,method,status) VALUES (124,159,TO_DATE('2023-06-28','YYYY-MM-DD'),552.99,'CREDIT_CARD','COMPLETED');

INSERT INTO orders (order_id,customer_id,order_date,status,total_amount,shipping_address) VALUES (160,47,TO_DATE('2024-01-18','YYYY-MM-DD'),'SHIPPED',2654.16,'100 David Plains, Kenitra');
INSERT INTO order_items (item_id,order_id,product_id,quantity,unit_price,line_total) VALUES (382,160,39,2,148.11,296.22);
INSERT INTO order_items (item_id,order_id,product_id,quantity,unit_price,line_total) VALUES (383,160,9,1,1315.33,1315.33);
INSERT INTO order_items (item_id,order_id,product_id,quantity,unit_price,line_total) VALUES (384,160,37,2,193.9,387.8);
INSERT INTO order_items (item_id,order_id,product_id,quantity,unit_price,line_total) VALUES (385,160,25,3,218.27,654.81);
INSERT INTO payments (payment_id,order_id,payment_date,amount,method,status) VALUES (125,160,TO_DATE('2024-01-19','YYYY-MM-DD'),2654.16,'BANK_TRANSFER','COMPLETED');

INSERT INTO orders (order_id,customer_id,order_date,status,total_amount,shipping_address) VALUES (161,36,TO_DATE('2023-07-11','YYYY-MM-DD'),'DELIVERED',1249.9,'159 Schmidt Groves, Oujda');
INSERT INTO order_items (item_id,order_id,product_id,quantity,unit_price,line_total) VALUES (386,161,56,2,624.95,1249.9);
INSERT INTO payments (payment_id,order_id,payment_date,amount,method,status) VALUES (126,161,TO_DATE('2023-07-11','YYYY-MM-DD'),1249.9,'DEBIT_CARD','COMPLETED');

INSERT INTO orders (order_id,customer_id,order_date,status,total_amount,shipping_address) VALUES (162,99,TO_DATE('2024-06-01','YYYY-MM-DD'),'RETURNED',4720.89,'176 Jonathan Views, Meknes');
INSERT INTO order_items (item_id,order_id,product_id,quantity,unit_price,line_total) VALUES (387,162,27,2,744.33,1488.66);
INSERT INTO order_items (item_id,order_id,product_id,quantity,unit_price,line_total) VALUES (388,162,46,1,99.84,99.84);
INSERT INTO order_items (item_id,order_id,product_id,quantity,unit_price,line_total) VALUES (389,162,54,1,196.62,196.62);
INSERT INTO order_items (item_id,order_id,product_id,quantity,unit_price,line_total) VALUES (390,162,29,3,978.59,2935.77);
INSERT INTO payments (payment_id,order_id,payment_date,amount,method,status) VALUES (127,162,TO_DATE('2024-06-01','YYYY-MM-DD'),4720.89,'CASH_ON_DELIVERY','REFUNDED');

INSERT INTO orders (order_id,customer_id,order_date,status,total_amount,shipping_address) VALUES (163,57,TO_DATE('2023-10-27','YYYY-MM-DD'),'PENDING',1760.47,'58 Coffey Hill, Tangier');
INSERT INTO order_items (item_id,order_id,product_id,quantity,unit_price,line_total) VALUES (391,163,11,3,305.36,916.08);
INSERT INTO order_items (item_id,order_id,product_id,quantity,unit_price,line_total) VALUES (392,163,50,3,157.03,471.09);
INSERT INTO order_items (item_id,order_id,product_id,quantity,unit_price,line_total) VALUES (393,163,30,2,186.65,373.3);

INSERT INTO orders (order_id,customer_id,order_date,status,total_amount,shipping_address) VALUES (164,141,TO_DATE('2024-06-07','YYYY-MM-DD'),'CONFIRMED',1778.6,'30 Brock Mountain, Tetouan');
INSERT INTO order_items (item_id,order_id,product_id,quantity,unit_price,line_total) VALUES (394,164,50,2,157.03,314.06);
INSERT INTO order_items (item_id,order_id,product_id,quantity,unit_price,line_total) VALUES (395,164,35,3,428.3,1284.9);
INSERT INTO order_items (item_id,order_id,product_id,quantity,unit_price,line_total) VALUES (396,164,53,1,179.64,179.64);
INSERT INTO payments (payment_id,order_id,payment_date,amount,method,status) VALUES (128,164,TO_DATE('2024-06-10','YYYY-MM-DD'),1778.6,'DEBIT_CARD','PENDING');

INSERT INTO orders (order_id,customer_id,order_date,status,total_amount,shipping_address) VALUES (165,27,TO_DATE('2023-09-11','YYYY-MM-DD'),'DELIVERED',1523.95,'116 Donald Fork, Casablanca');
INSERT INTO order_items (item_id,order_id,product_id,quantity,unit_price,line_total) VALUES (397,165,23,1,94.41,94.41);
INSERT INTO order_items (item_id,order_id,product_id,quantity,unit_price,line_total) VALUES (398,165,56,2,624.95,1249.9);
INSERT INTO order_items (item_id,order_id,product_id,quantity,unit_price,line_total) VALUES (399,165,53,1,179.64,179.64);
INSERT INTO payments (payment_id,order_id,payment_date,amount,method,status) VALUES (129,165,TO_DATE('2023-09-12','YYYY-MM-DD'),1523.95,'CREDIT_CARD','COMPLETED');

INSERT INTO orders (order_id,customer_id,order_date,status,total_amount,shipping_address) VALUES (166,177,TO_DATE('2023-12-26','YYYY-MM-DD'),'CANCELLED',470.38,'158 Coffey Unions, Marrakech');
INSERT INTO order_items (item_id,order_id,product_id,quantity,unit_price,line_total) VALUES (400,166,51,1,134.96,134.96);
INSERT INTO order_items (item_id,order_id,product_id,quantity,unit_price,line_total) VALUES (401,166,14,1,335.42,335.42);

INSERT INTO orders (order_id,customer_id,order_date,status,total_amount,shipping_address) VALUES (167,146,TO_DATE('2023-12-26','YYYY-MM-DD'),'DELIVERED',1164.4,'138 Davis Locks, Tetouan');
INSERT INTO order_items (item_id,order_id,product_id,quantity,unit_price,line_total) VALUES (402,167,21,2,482.36,964.72);
INSERT INTO order_items (item_id,order_id,product_id,quantity,unit_price,line_total) VALUES (403,167,46,2,99.84,199.68);
INSERT INTO payments (payment_id,order_id,payment_date,amount,method,status) VALUES (130,167,TO_DATE('2023-12-28','YYYY-MM-DD'),1164.4,'MOBILE_PAYMENT','COMPLETED');

INSERT INTO orders (order_id,customer_id,order_date,status,total_amount,shipping_address) VALUES (168,174,TO_DATE('2023-04-08','YYYY-MM-DD'),'SHIPPED',3316.61,'16 Joseph Crossing, Meknes');
INSERT INTO order_items (item_id,order_id,product_id,quantity,unit_price,line_total) VALUES (404,168,56,3,624.95,1874.85);
INSERT INTO order_items (item_id,order_id,product_id,quantity,unit_price,line_total) VALUES (405,168,42,1,126.43,126.43);
INSERT INTO order_items (item_id,order_id,product_id,quantity,unit_price,line_total) VALUES (406,168,9,1,1315.33,1315.33);
INSERT INTO payments (payment_id,order_id,payment_date,amount,method,status) VALUES (131,168,TO_DATE('2023-04-09','YYYY-MM-DD'),3316.61,'BANK_TRANSFER','COMPLETED');

INSERT INTO orders (order_id,customer_id,order_date,status,total_amount,shipping_address) VALUES (169,195,TO_DATE('2024-02-07','YYYY-MM-DD'),'RETURNED',1916.42,'148 Richardson Summit, Marrakech');
INSERT INTO order_items (item_id,order_id,product_id,quantity,unit_price,line_total) VALUES (407,169,41,2,258.64,517.28);
INSERT INTO order_items (item_id,order_id,product_id,quantity,unit_price,line_total) VALUES (408,169,27,1,744.33,744.33);
INSERT INTO order_items (item_id,order_id,product_id,quantity,unit_price,line_total) VALUES (409,169,25,3,218.27,654.81);
INSERT INTO payments (payment_id,order_id,payment_date,amount,method,status) VALUES (132,169,TO_DATE('2024-02-07','YYYY-MM-DD'),1916.42,'DEBIT_CARD','REFUNDED');

INSERT INTO orders (order_id,customer_id,order_date,status,total_amount,shipping_address) VALUES (170,192,TO_DATE('2023-10-12','YYYY-MM-DD'),'DELIVERED',11681.75,'125 Richards View, Oujda');
INSERT INTO order_items (item_id,order_id,product_id,quantity,unit_price,line_total) VALUES (410,170,38,3,541.96,1625.88);
INSERT INTO order_items (item_id,order_id,product_id,quantity,unit_price,line_total) VALUES (411,170,1,1,8181.02,8181.02);
INSERT INTO order_items (item_id,order_id,product_id,quantity,unit_price,line_total) VALUES (412,170,56,3,624.95,1874.85);
INSERT INTO payments (payment_id,order_id,payment_date,amount,method,status) VALUES (133,170,TO_DATE('2023-10-15','YYYY-MM-DD'),11681.75,'BANK_TRANSFER','COMPLETED');

INSERT INTO orders (order_id,customer_id,order_date,status,total_amount,shipping_address) VALUES (171,17,TO_DATE('2024-02-12','YYYY-MM-DD'),'DELIVERED',2920.67,'55 Rodriguez Fort, Meknes');
INSERT INTO order_items (item_id,order_id,product_id,quantity,unit_price,line_total) VALUES (413,171,18,2,291.89,583.78);
INSERT INTO order_items (item_id,order_id,product_id,quantity,unit_price,line_total) VALUES (414,171,21,3,482.36,1447.08);
INSERT INTO order_items (item_id,order_id,product_id,quantity,unit_price,line_total) VALUES (415,171,54,3,196.62,589.86);
INSERT INTO order_items (item_id,order_id,product_id,quantity,unit_price,line_total) VALUES (416,171,19,1,299.95,299.95);
INSERT INTO payments (payment_id,order_id,payment_date,amount,method,status) VALUES (134,171,TO_DATE('2024-02-15','YYYY-MM-DD'),2920.67,'CASH_ON_DELIVERY','COMPLETED');

INSERT INTO orders (order_id,customer_id,order_date,status,total_amount,shipping_address) VALUES (172,196,TO_DATE('2023-02-19','YYYY-MM-DD'),'PENDING',2963.18,'161 Johnson Points, Rabat');
INSERT INTO order_items (item_id,order_id,product_id,quantity,unit_price,line_total) VALUES (417,172,2,1,830.55,830.55);
INSERT INTO order_items (item_id,order_id,product_id,quantity,unit_price,line_total) VALUES (418,172,8,2,932.52,1865.04);
INSERT INTO order_items (item_id,order_id,product_id,quantity,unit_price,line_total) VALUES (419,172,60,2,74.23,148.46);
INSERT INTO order_items (item_id,order_id,product_id,quantity,unit_price,line_total) VALUES (420,172,55,1,119.13,119.13);

INSERT INTO orders (order_id,customer_id,order_date,status,total_amount,shipping_address) VALUES (173,110,TO_DATE('2023-07-27','YYYY-MM-DD'),'SHIPPED',8006.87,'41 Herman Forges, Tangier');
INSERT INTO order_items (item_id,order_id,product_id,quantity,unit_price,line_total) VALUES (421,173,6,2,3537.66,7075.32);
INSERT INTO order_items (item_id,order_id,product_id,quantity,unit_price,line_total) VALUES (422,173,42,1,126.43,126.43);
INSERT INTO order_items (item_id,order_id,product_id,quantity,unit_price,line_total) VALUES (423,173,24,2,402.56,805.12);
INSERT INTO payments (payment_id,order_id,payment_date,amount,method,status) VALUES (135,173,TO_DATE('2023-07-28','YYYY-MM-DD'),8006.87,'CREDIT_CARD','COMPLETED');

INSERT INTO orders (order_id,customer_id,order_date,status,total_amount,shipping_address) VALUES (174,186,TO_DATE('2023-08-28','YYYY-MM-DD'),'CANCELLED',8181.02,'181 Cynthia Mountain, Rabat');
INSERT INTO order_items (item_id,order_id,product_id,quantity,unit_price,line_total) VALUES (424,174,1,1,8181.02,8181.02);

INSERT INTO orders (order_id,customer_id,order_date,status,total_amount,shipping_address) VALUES (175,123,TO_DATE('2023-03-21','YYYY-MM-DD'),'SHIPPED',9971.92,'58 Banks Crescent, Tetouan');
INSERT INTO order_items (item_id,order_id,product_id,quantity,unit_price,line_total) VALUES (425,175,1,1,8181.02,8181.02);
INSERT INTO order_items (item_id,order_id,product_id,quantity,unit_price,line_total) VALUES (426,175,45,2,350.02,700.04);
INSERT INTO order_items (item_id,order_id,product_id,quantity,unit_price,line_total) VALUES (427,175,22,3,303.74,911.22);
INSERT INTO order_items (item_id,order_id,product_id,quantity,unit_price,line_total) VALUES (428,175,53,1,179.64,179.64);
INSERT INTO payments (payment_id,order_id,payment_date,amount,method,status) VALUES (136,175,TO_DATE('2023-03-24','YYYY-MM-DD'),9971.92,'CREDIT_CARD','COMPLETED');

INSERT INTO orders (order_id,customer_id,order_date,status,total_amount,shipping_address) VALUES (176,188,TO_DATE('2023-04-15','YYYY-MM-DD'),'CONFIRMED',2441.23,'95 Brandon Camp, Agadir');
INSERT INTO order_items (item_id,order_id,product_id,quantity,unit_price,line_total) VALUES (429,176,9,1,1315.33,1315.33);
INSERT INTO order_items (item_id,order_id,product_id,quantity,unit_price,line_total) VALUES (430,176,25,3,218.27,654.81);
INSERT INTO order_items (item_id,order_id,product_id,quantity,unit_price,line_total) VALUES (431,176,50,3,157.03,471.09);
INSERT INTO payments (payment_id,order_id,payment_date,amount,method,status) VALUES (137,176,TO_DATE('2023-04-16','YYYY-MM-DD'),2441.23,'CREDIT_CARD','COMPLETED');

INSERT INTO orders (order_id,customer_id,order_date,status,total_amount,shipping_address) VALUES (177,157,TO_DATE('2023-06-18','YYYY-MM-DD'),'RETURNED',420.6,'185 Ferrell Crescent, Agadir');
INSERT INTO order_items (item_id,order_id,product_id,quantity,unit_price,line_total) VALUES (432,177,41,1,258.64,258.64);
INSERT INTO order_items (item_id,order_id,product_id,quantity,unit_price,line_total) VALUES (433,177,48,2,80.98,161.96);
INSERT INTO payments (payment_id,order_id,payment_date,amount,method,status) VALUES (138,177,TO_DATE('2023-06-21','YYYY-MM-DD'),420.6,'CASH_ON_DELIVERY','REFUNDED');

INSERT INTO orders (order_id,customer_id,order_date,status,total_amount,shipping_address) VALUES (178,23,TO_DATE('2023-04-13','YYYY-MM-DD'),'SHIPPED',1959.89,'151 Jimmy Plain, Rabat');
INSERT INTO order_items (item_id,order_id,product_id,quantity,unit_price,line_total) VALUES (434,178,23,1,94.41,94.41);
INSERT INTO order_items (item_id,order_id,product_id,quantity,unit_price,line_total) VALUES (435,178,28,1,495.88,495.88);
INSERT INTO order_items (item_id,order_id,product_id,quantity,unit_price,line_total) VALUES (436,178,21,2,482.36,964.72);
INSERT INTO order_items (item_id,order_id,product_id,quantity,unit_price,line_total) VALUES (437,178,51,3,134.96,404.88);
INSERT INTO payments (payment_id,order_id,payment_date,amount,method,status) VALUES (139,178,TO_DATE('2023-04-13','YYYY-MM-DD'),1959.89,'CREDIT_CARD','COMPLETED');

INSERT INTO orders (order_id,customer_id,order_date,status,total_amount,shipping_address) VALUES (179,185,TO_DATE('2023-10-19','YYYY-MM-DD'),'PENDING',719.06,'53 Paul Land, Tangier');
INSERT INTO order_items (item_id,order_id,product_id,quantity,unit_price,line_total) VALUES (438,179,48,2,80.98,161.96);
INSERT INTO order_items (item_id,order_id,product_id,quantity,unit_price,line_total) VALUES (439,179,26,3,185.7,557.1);

INSERT INTO orders (order_id,customer_id,order_date,status,total_amount,shipping_address) VALUES (180,14,TO_DATE('2023-09-03','YYYY-MM-DD'),'RETURNED',799.03,'29 Matthews Stream, Meknes');
INSERT INTO order_items (item_id,order_id,product_id,quantity,unit_price,line_total) VALUES (440,180,32,3,180.13,540.39);
INSERT INTO order_items (item_id,order_id,product_id,quantity,unit_price,line_total) VALUES (441,180,41,1,258.64,258.64);
INSERT INTO payments (payment_id,order_id,payment_date,amount,method,status) VALUES (140,180,TO_DATE('2023-09-03','YYYY-MM-DD'),799.03,'MOBILE_PAYMENT','REFUNDED');

INSERT INTO orders (order_id,customer_id,order_date,status,total_amount,shipping_address) VALUES (181,82,TO_DATE('2023-05-16','YYYY-MM-DD'),'CANCELLED',1599.44,'108 Nicole Shoal, Tetouan');
INSERT INTO order_items (item_id,order_id,product_id,quantity,unit_price,line_total) VALUES (442,181,35,2,428.3,856.6);
INSERT INTO order_items (item_id,order_id,product_id,quantity,unit_price,line_total) VALUES (443,181,44,1,552.99,552.99);
INSERT INTO order_items (item_id,order_id,product_id,quantity,unit_price,line_total) VALUES (444,181,12,1,189.85,189.85);

INSERT INTO orders (order_id,customer_id,order_date,status,total_amount,shipping_address) VALUES (182,151,TO_DATE('2023-03-11','YYYY-MM-DD'),'PENDING',74.23,'56 Martha Ridges, Tangier');
INSERT INTO order_items (item_id,order_id,product_id,quantity,unit_price,line_total) VALUES (445,182,60,1,74.23,74.23);

INSERT INTO orders (order_id,customer_id,order_date,status,total_amount,shipping_address) VALUES (183,102,TO_DATE('2024-06-02','YYYY-MM-DD'),'DELIVERED',13707.78,'197 Crosby Harbors, Kenitra');
INSERT INTO order_items (item_id,order_id,product_id,quantity,unit_price,line_total) VALUES (446,183,28,3,495.88,1487.64);
INSERT INTO order_items (item_id,order_id,product_id,quantity,unit_price,line_total) VALUES (447,183,45,3,350.02,1050.06);
INSERT INTO order_items (item_id,order_id,product_id,quantity,unit_price,line_total) VALUES (448,183,26,3,185.7,557.1);
INSERT INTO order_items (item_id,order_id,product_id,quantity,unit_price,line_total) VALUES (449,183,6,3,3537.66,10612.98);
INSERT INTO payments (payment_id,order_id,payment_date,amount,method,status) VALUES (141,183,TO_DATE('2024-06-03','YYYY-MM-DD'),13707.78,'CREDIT_CARD','COMPLETED');

INSERT INTO orders (order_id,customer_id,order_date,status,total_amount,shipping_address) VALUES (184,131,TO_DATE('2023-07-28','YYYY-MM-DD'),'SHIPPED',3253.41,'84 Hannah Forge, Kenitra');
INSERT INTO order_items (item_id,order_id,product_id,quantity,unit_price,line_total) VALUES (450,184,38,3,541.96,1625.88);
INSERT INTO order_items (item_id,order_id,product_id,quantity,unit_price,line_total) VALUES (451,184,41,3,258.64,775.92);
INSERT INTO order_items (item_id,order_id,product_id,quantity,unit_price,line_total) VALUES (452,184,49,3,218.33,654.99);
INSERT INTO order_items (item_id,order_id,product_id,quantity,unit_price,line_total) VALUES (453,184,54,1,196.62,196.62);
INSERT INTO payments (payment_id,order_id,payment_date,amount,method,status) VALUES (142,184,TO_DATE('2023-07-30','YYYY-MM-DD'),3253.41,'BANK_TRANSFER','COMPLETED');

INSERT INTO orders (order_id,customer_id,order_date,status,total_amount,shipping_address) VALUES (185,62,TO_DATE('2023-03-01','YYYY-MM-DD'),'DELIVERED',559.95,'112 Wallace Freeway, Rabat');
INSERT INTO order_items (item_id,order_id,product_id,quantity,unit_price,line_total) VALUES (454,185,30,3,186.65,559.95);
INSERT INTO payments (payment_id,order_id,payment_date,amount,method,status) VALUES (143,185,TO_DATE('2023-03-01','YYYY-MM-DD'),559.95,'DEBIT_CARD','COMPLETED');

INSERT INTO orders (order_id,customer_id,order_date,status,total_amount,shipping_address) VALUES (186,190,TO_DATE('2023-06-29','YYYY-MM-DD'),'CONFIRMED',16712.06,'182 Garcia Spur, Casablanca');
INSERT INTO order_items (item_id,order_id,product_id,quantity,unit_price,line_total) VALUES (455,186,45,1,350.02,350.02);
INSERT INTO order_items (item_id,order_id,product_id,quantity,unit_price,line_total) VALUES (456,186,1,2,8181.02,16362.04);
INSERT INTO payments (payment_id,order_id,payment_date,amount,method,status) VALUES (144,186,TO_DATE('2023-07-01','YYYY-MM-DD'),16712.06,'DEBIT_CARD','COMPLETED');

INSERT INTO orders (order_id,customer_id,order_date,status,total_amount,shipping_address) VALUES (187,185,TO_DATE('2023-09-23','YYYY-MM-DD'),'SHIPPED',2822.31,'33 Stephens Rue, Agadir');
INSERT INTO order_items (item_id,order_id,product_id,quantity,unit_price,line_total) VALUES (457,187,47,1,801.95,801.95);
INSERT INTO order_items (item_id,order_id,product_id,quantity,unit_price,line_total) VALUES (458,187,57,2,77.66,155.32);
INSERT INTO order_items (item_id,order_id,product_id,quantity,unit_price,line_total) VALUES (459,187,8,2,932.52,1865.04);
INSERT INTO payments (payment_id,order_id,payment_date,amount,method,status) VALUES (145,187,TO_DATE('2023-09-25','YYYY-MM-DD'),2822.31,'DEBIT_CARD','COMPLETED');

INSERT INTO orders (order_id,customer_id,order_date,status,total_amount,shipping_address) VALUES (188,148,TO_DATE('2023-03-20','YYYY-MM-DD'),'RETURNED',1328.68,'131 Brown Harbor, Oujda');
INSERT INTO order_items (item_id,order_id,product_id,quantity,unit_price,line_total) VALUES (460,188,4,3,303.43,910.29);
INSERT INTO order_items (item_id,order_id,product_id,quantity,unit_price,line_total) VALUES (461,188,32,1,180.13,180.13);
INSERT INTO order_items (item_id,order_id,product_id,quantity,unit_price,line_total) VALUES (462,188,55,2,119.13,238.26);
INSERT INTO payments (payment_id,order_id,payment_date,amount,method,status) VALUES (146,188,TO_DATE('2023-03-21','YYYY-MM-DD'),1328.68,'CREDIT_CARD','REFUNDED');

INSERT INTO orders (order_id,customer_id,order_date,status,total_amount,shipping_address) VALUES (189,27,TO_DATE('2023-04-29','YYYY-MM-DD'),'DELIVERED',119.13,'1 Tammy Vista, Kenitra');
INSERT INTO order_items (item_id,order_id,product_id,quantity,unit_price,line_total) VALUES (463,189,55,1,119.13,119.13);
INSERT INTO payments (payment_id,order_id,payment_date,amount,method,status) VALUES (147,189,TO_DATE('2023-04-30','YYYY-MM-DD'),119.13,'CREDIT_CARD','COMPLETED');

INSERT INTO orders (order_id,customer_id,order_date,status,total_amount,shipping_address) VALUES (190,39,TO_DATE('2023-07-03','YYYY-MM-DD'),'PENDING',2763.58,'183 Davis Forest, Kenitra');
INSERT INTO order_items (item_id,order_id,product_id,quantity,unit_price,line_total) VALUES (464,190,15,3,239.15,717.45);
INSERT INTO order_items (item_id,order_id,product_id,quantity,unit_price,line_total) VALUES (465,190,21,2,482.36,964.72);
INSERT INTO order_items (item_id,order_id,product_id,quantity,unit_price,line_total) VALUES (466,190,16,2,168.54,337.08);
INSERT INTO order_items (item_id,order_id,product_id,quantity,unit_price,line_total) VALUES (467,190,27,1,744.33,744.33);

INSERT INTO orders (order_id,customer_id,order_date,status,total_amount,shipping_address) VALUES (191,147,TO_DATE('2024-01-17','YYYY-MM-DD'),'CONFIRMED',189.85,'173 Brent Isle, Kenitra');
INSERT INTO order_items (item_id,order_id,product_id,quantity,unit_price,line_total) VALUES (468,191,12,1,189.85,189.85);
INSERT INTO payments (payment_id,order_id,payment_date,amount,method,status) VALUES (148,191,TO_DATE('2024-01-17','YYYY-MM-DD'),189.85,'MOBILE_PAYMENT','COMPLETED');

INSERT INTO orders (order_id,customer_id,order_date,status,total_amount,shipping_address) VALUES (192,120,TO_DATE('2023-10-17','YYYY-MM-DD'),'DELIVERED',26907.19,'23 Vanessa Turnpike, Agadir');
INSERT INTO order_items (item_id,order_id,product_id,quantity,unit_price,line_total) VALUES (469,192,1,3,8181.02,24543.06);
INSERT INTO order_items (item_id,order_id,product_id,quantity,unit_price,line_total) VALUES (470,192,24,2,402.56,805.12);
INSERT INTO order_items (item_id,order_id,product_id,quantity,unit_price,line_total) VALUES (471,192,13,3,219.72,659.16);
INSERT INTO order_items (item_id,order_id,product_id,quantity,unit_price,line_total) VALUES (472,192,19,3,299.95,899.85);
INSERT INTO payments (payment_id,order_id,payment_date,amount,method,status) VALUES (149,192,TO_DATE('2023-10-18','YYYY-MM-DD'),26907.19,'DEBIT_CARD','COMPLETED');

INSERT INTO orders (order_id,customer_id,order_date,status,total_amount,shipping_address) VALUES (193,127,TO_DATE('2023-07-20','YYYY-MM-DD'),'DELIVERED',3826.22,'2 Casey Track, Marrakech');
INSERT INTO order_items (item_id,order_id,product_id,quantity,unit_price,line_total) VALUES (473,193,2,3,830.55,2491.65);
INSERT INTO order_items (item_id,order_id,product_id,quantity,unit_price,line_total) VALUES (474,193,15,3,239.15,717.45);
INSERT INTO order_items (item_id,order_id,product_id,quantity,unit_price,line_total) VALUES (475,193,35,1,428.3,428.3);
INSERT INTO order_items (item_id,order_id,product_id,quantity,unit_price,line_total) VALUES (476,193,23,2,94.41,188.82);
INSERT INTO payments (payment_id,order_id,payment_date,amount,method,status) VALUES (150,193,TO_DATE('2023-07-20','YYYY-MM-DD'),3826.22,'CASH_ON_DELIVERY','COMPLETED');

INSERT INTO orders (order_id,customer_id,order_date,status,total_amount,shipping_address) VALUES (194,189,TO_DATE('2023-11-11','YYYY-MM-DD'),'CONFIRMED',924.46,'136 Brenda Via, Fes');
INSERT INTO order_items (item_id,order_id,product_id,quantity,unit_price,line_total) VALUES (477,194,27,1,744.33,744.33);
INSERT INTO order_items (item_id,order_id,product_id,quantity,unit_price,line_total) VALUES (478,194,32,1,180.13,180.13);
INSERT INTO payments (payment_id,order_id,payment_date,amount,method,status) VALUES (151,194,TO_DATE('2023-11-13','YYYY-MM-DD'),924.46,'CREDIT_CARD','COMPLETED');

INSERT INTO orders (order_id,customer_id,order_date,status,total_amount,shipping_address) VALUES (195,134,TO_DATE('2024-02-27','YYYY-MM-DD'),'DELIVERED',541.96,'192 Mark Drive, Oujda');
INSERT INTO order_items (item_id,order_id,product_id,quantity,unit_price,line_total) VALUES (479,195,38,1,541.96,541.96);
INSERT INTO payments (payment_id,order_id,payment_date,amount,method,status) VALUES (152,195,TO_DATE('2024-02-28','YYYY-MM-DD'),541.96,'BANK_TRANSFER','COMPLETED');

INSERT INTO orders (order_id,customer_id,order_date,status,total_amount,shipping_address) VALUES (196,152,TO_DATE('2023-03-05','YYYY-MM-DD'),'CANCELLED',2279.09,'61 Joshua Drive, Marrakech');
INSERT INTO order_items (item_id,order_id,product_id,quantity,unit_price,line_total) VALUES (480,196,17,2,237.31,474.62);
INSERT INTO order_items (item_id,order_id,product_id,quantity,unit_price,line_total) VALUES (481,196,55,3,119.13,357.39);
INSERT INTO order_items (item_id,order_id,product_id,quantity,unit_price,line_total) VALUES (482,196,21,3,482.36,1447.08);

INSERT INTO orders (order_id,customer_id,order_date,status,total_amount,shipping_address) VALUES (197,84,TO_DATE('2023-11-22','YYYY-MM-DD'),'RETURNED',219.72,'60 Amber Union, Tangier');
INSERT INTO order_items (item_id,order_id,product_id,quantity,unit_price,line_total) VALUES (483,197,13,1,219.72,219.72);
INSERT INTO payments (payment_id,order_id,payment_date,amount,method,status) VALUES (153,197,TO_DATE('2023-11-22','YYYY-MM-DD'),219.72,'CREDIT_CARD','REFUNDED');

INSERT INTO orders (order_id,customer_id,order_date,status,total_amount,shipping_address) VALUES (198,43,TO_DATE('2024-04-05','YYYY-MM-DD'),'RETURNED',856.6,'105 Daniel Way, Agadir');
INSERT INTO order_items (item_id,order_id,product_id,quantity,unit_price,line_total) VALUES (484,198,35,2,428.3,856.6);
INSERT INTO payments (payment_id,order_id,payment_date,amount,method,status) VALUES (154,198,TO_DATE('2024-04-06','YYYY-MM-DD'),856.6,'DEBIT_CARD','REFUNDED');

INSERT INTO orders (order_id,customer_id,order_date,status,total_amount,shipping_address) VALUES (199,119,TO_DATE('2023-09-29','YYYY-MM-DD'),'CONFIRMED',988.78,'41 David Knolls, Rabat');
INSERT INTO order_items (item_id,order_id,product_id,quantity,unit_price,line_total) VALUES (485,199,53,3,179.64,538.92);
INSERT INTO order_items (item_id,order_id,product_id,quantity,unit_price,line_total) VALUES (486,199,46,1,99.84,99.84);
INSERT INTO order_items (item_id,order_id,product_id,quantity,unit_price,line_total) VALUES (487,199,45,1,350.02,350.02);
INSERT INTO payments (payment_id,order_id,payment_date,amount,method,status) VALUES (155,199,TO_DATE('2023-10-01','YYYY-MM-DD'),988.78,'CREDIT_CARD','COMPLETED');

INSERT INTO orders (order_id,customer_id,order_date,status,total_amount,shipping_address) VALUES (200,92,TO_DATE('2024-02-10','YYYY-MM-DD'),'PENDING',2218.2,'67 Brianna Brook, Tangier');
INSERT INTO order_items (item_id,order_id,product_id,quantity,unit_price,line_total) VALUES (488,200,2,2,830.55,1661.1);
INSERT INTO order_items (item_id,order_id,product_id,quantity,unit_price,line_total) VALUES (489,200,26,3,185.7,557.1);

INSERT INTO orders (order_id,customer_id,order_date,status,total_amount,shipping_address) VALUES (201,192,TO_DATE('2023-09-13','YYYY-MM-DD'),'CONFIRMED',9113.54,'27 Joseph Crossroad, Oujda');
INSERT INTO order_items (item_id,order_id,product_id,quantity,unit_price,line_total) VALUES (490,201,8,1,932.52,932.52);
INSERT INTO order_items (item_id,order_id,product_id,quantity,unit_price,line_total) VALUES (491,201,1,1,8181.02,8181.02);
INSERT INTO payments (payment_id,order_id,payment_date,amount,method,status) VALUES (156,201,TO_DATE('2023-09-14','YYYY-MM-DD'),9113.54,'CREDIT_CARD','COMPLETED');

INSERT INTO orders (order_id,customer_id,order_date,status,total_amount,shipping_address) VALUES (202,176,TO_DATE('2023-03-28','YYYY-MM-DD'),'DELIVERED',659.16,'6 Fox Summit, Rabat');
INSERT INTO order_items (item_id,order_id,product_id,quantity,unit_price,line_total) VALUES (492,202,13,3,219.72,659.16);
INSERT INTO payments (payment_id,order_id,payment_date,amount,method,status) VALUES (157,202,TO_DATE('2023-03-31','YYYY-MM-DD'),659.16,'CASH_ON_DELIVERY','COMPLETED');

INSERT INTO orders (order_id,customer_id,order_date,status,total_amount,shipping_address) VALUES (203,85,TO_DATE('2023-05-06','YYYY-MM-DD'),'PENDING',730.16,'13 Thomas Tunnel, Oujda');
INSERT INTO order_items (item_id,order_id,product_id,quantity,unit_price,line_total) VALUES (493,203,60,2,74.23,148.46);
INSERT INTO order_items (item_id,order_id,product_id,quantity,unit_price,line_total) VALUES (494,203,37,3,193.9,581.7);

INSERT INTO orders (order_id,customer_id,order_date,status,total_amount,shipping_address) VALUES (204,102,TO_DATE('2024-05-23','YYYY-MM-DD'),'PENDING',1235.25,'175 Palmer Coves, Meknes');
INSERT INTO order_items (item_id,order_id,product_id,quantity,unit_price,line_total) VALUES (495,204,12,1,189.85,189.85);
INSERT INTO order_items (item_id,order_id,product_id,quantity,unit_price,line_total) VALUES (496,204,23,2,94.41,188.82);
INSERT INTO order_items (item_id,order_id,product_id,quantity,unit_price,line_total) VALUES (497,204,14,2,335.42,670.84);
INSERT INTO order_items (item_id,order_id,product_id,quantity,unit_price,line_total) VALUES (498,204,59,2,92.87,185.74);

INSERT INTO orders (order_id,customer_id,order_date,status,total_amount,shipping_address) VALUES (205,39,TO_DATE('2023-02-05','YYYY-MM-DD'),'DELIVERED',1628.77,'128 Gordon Ridges, Tangier');
INSERT INTO order_items (item_id,order_id,product_id,quantity,unit_price,line_total) VALUES (499,205,57,1,77.66,77.66);
INSERT INTO order_items (item_id,order_id,product_id,quantity,unit_price,line_total) VALUES (500,205,36,2,279.58,559.16);
INSERT INTO order_items (item_id,order_id,product_id,quantity,unit_price,line_total) VALUES (501,205,31,2,344.26,688.52);
INSERT INTO order_items (item_id,order_id,product_id,quantity,unit_price,line_total) VALUES (502,205,4,1,303.43,303.43);
INSERT INTO payments (payment_id,order_id,payment_date,amount,method,status) VALUES (158,205,TO_DATE('2023-02-08','YYYY-MM-DD'),1628.77,'CREDIT_CARD','COMPLETED');

INSERT INTO orders (order_id,customer_id,order_date,status,total_amount,shipping_address) VALUES (206,135,TO_DATE('2023-09-13','YYYY-MM-DD'),'PENDING',1950.0,'183 Jessica Way, Meknes');
INSERT INTO order_items (item_id,order_id,product_id,quantity,unit_price,line_total) VALUES (503,206,31,2,344.26,688.52);
INSERT INTO order_items (item_id,order_id,product_id,quantity,unit_price,line_total) VALUES (504,206,35,2,428.3,856.6);
INSERT INTO order_items (item_id,order_id,product_id,quantity,unit_price,line_total) VALUES (505,206,51,3,134.96,404.88);

INSERT INTO orders (order_id,customer_id,order_date,status,total_amount,shipping_address) VALUES (207,129,TO_DATE('2023-11-26','YYYY-MM-DD'),'CANCELLED',1447.08,'47 Ellis Burgs, Tangier');
INSERT INTO order_items (item_id,order_id,product_id,quantity,unit_price,line_total) VALUES (506,207,21,3,482.36,1447.08);

INSERT INTO orders (order_id,customer_id,order_date,status,total_amount,shipping_address) VALUES (208,57,TO_DATE('2023-01-31','YYYY-MM-DD'),'DELIVERED',938.14,'121 Yolanda Vista, Casablanca');
INSERT INTO order_items (item_id,order_id,product_id,quantity,unit_price,line_total) VALUES (507,208,50,1,157.03,157.03);
INSERT INTO order_items (item_id,order_id,product_id,quantity,unit_price,line_total) VALUES (508,208,38,1,541.96,541.96);
INSERT INTO order_items (item_id,order_id,product_id,quantity,unit_price,line_total) VALUES (509,208,15,1,239.15,239.15);
INSERT INTO payments (payment_id,order_id,payment_date,amount,method,status) VALUES (159,208,TO_DATE('2023-02-01','YYYY-MM-DD'),938.14,'CREDIT_CARD','COMPLETED');

INSERT INTO orders (order_id,customer_id,order_date,status,total_amount,shipping_address) VALUES (209,189,TO_DATE('2023-02-27','YYYY-MM-DD'),'DELIVERED',389.98,'100 Simmons Coves, Tetouan');
INSERT INTO order_items (item_id,order_id,product_id,quantity,unit_price,line_total) VALUES (510,209,60,1,74.23,74.23);
INSERT INTO order_items (item_id,order_id,product_id,quantity,unit_price,line_total) VALUES (511,209,54,1,196.62,196.62);
INSERT INTO order_items (item_id,order_id,product_id,quantity,unit_price,line_total) VALUES (512,209,55,1,119.13,119.13);
INSERT INTO payments (payment_id,order_id,payment_date,amount,method,status) VALUES (160,209,TO_DATE('2023-03-01','YYYY-MM-DD'),389.98,'CASH_ON_DELIVERY','COMPLETED');

INSERT INTO orders (order_id,customer_id,order_date,status,total_amount,shipping_address) VALUES (210,152,TO_DATE('2023-01-29','YYYY-MM-DD'),'DELIVERED',1046.96,'145 Joseph Mills, Tetouan');
INSERT INTO order_items (item_id,order_id,product_id,quantity,unit_price,line_total) VALUES (513,210,37,2,193.9,387.8);
INSERT INTO order_items (item_id,order_id,product_id,quantity,unit_price,line_total) VALUES (514,210,13,3,219.72,659.16);
INSERT INTO payments (payment_id,order_id,payment_date,amount,method,status) VALUES (161,210,TO_DATE('2023-01-31','YYYY-MM-DD'),1046.96,'CREDIT_CARD','COMPLETED');

INSERT INTO orders (order_id,customer_id,order_date,status,total_amount,shipping_address) VALUES (211,15,TO_DATE('2023-08-27','YYYY-MM-DD'),'DELIVERED',9070.67,'135 Rachel Islands, Casablanca');
INSERT INTO order_items (item_id,order_id,product_id,quantity,unit_price,line_total) VALUES (515,211,1,1,8181.02,8181.02);
INSERT INTO order_items (item_id,order_id,product_id,quantity,unit_price,line_total) VALUES (516,211,22,1,303.74,303.74);
INSERT INTO order_items (item_id,order_id,product_id,quantity,unit_price,line_total) VALUES (517,211,59,2,92.87,185.74);
INSERT INTO order_items (item_id,order_id,product_id,quantity,unit_price,line_total) VALUES (518,211,40,3,133.39,400.17);
INSERT INTO payments (payment_id,order_id,payment_date,amount,method,status) VALUES (162,211,TO_DATE('2023-08-28','YYYY-MM-DD'),9070.67,'MOBILE_PAYMENT','COMPLETED');

INSERT INTO orders (order_id,customer_id,order_date,status,total_amount,shipping_address) VALUES (212,83,TO_DATE('2023-03-02','YYYY-MM-DD'),'PENDING',2336.13,'151 Cameron Harbor, Marrakech');
INSERT INTO order_items (item_id,order_id,product_id,quantity,unit_price,line_total) VALUES (519,212,50,3,157.03,471.09);
INSERT INTO order_items (item_id,order_id,product_id,quantity,unit_price,line_total) VALUES (520,212,8,2,932.52,1865.04);

INSERT INTO orders (order_id,customer_id,order_date,status,total_amount,shipping_address) VALUES (213,19,TO_DATE('2024-01-18','YYYY-MM-DD'),'CANCELLED',4218.74,'26 James Ranch, Tetouan');
INSERT INTO order_items (item_id,order_id,product_id,quantity,unit_price,line_total) VALUES (521,213,20,1,141.0,141.0);
INSERT INTO order_items (item_id,order_id,product_id,quantity,unit_price,line_total) VALUES (522,213,21,3,482.36,1447.08);
INSERT INTO order_items (item_id,order_id,product_id,quantity,unit_price,line_total) VALUES (523,213,9,2,1315.33,2630.66);

INSERT INTO orders (order_id,customer_id,order_date,status,total_amount,shipping_address) VALUES (214,164,TO_DATE('2024-05-13','YYYY-MM-DD'),'DELIVERED',1697.65,'182 Chavez Rapids, Marrakech');
INSERT INTO order_items (item_id,order_id,product_id,quantity,unit_price,line_total) VALUES (524,214,15,1,239.15,239.15);
INSERT INTO order_items (item_id,order_id,product_id,quantity,unit_price,line_total) VALUES (525,214,43,2,187.29,374.58);
INSERT INTO order_items (item_id,order_id,product_id,quantity,unit_price,line_total) VALUES (526,214,38,2,541.96,1083.92);
INSERT INTO payments (payment_id,order_id,payment_date,amount,method,status) VALUES (163,214,TO_DATE('2024-05-15','YYYY-MM-DD'),1697.65,'CREDIT_CARD','COMPLETED');

INSERT INTO orders (order_id,customer_id,order_date,status,total_amount,shipping_address) VALUES (215,180,TO_DATE('2024-02-05','YYYY-MM-DD'),'PENDING',746.12,'155 Garcia Squares, Marrakech');
INSERT INTO order_items (item_id,order_id,product_id,quantity,unit_price,line_total) VALUES (527,215,59,1,92.87,92.87);
INSERT INTO order_items (item_id,order_id,product_id,quantity,unit_price,line_total) VALUES (528,215,52,3,84.36,253.08);
INSERT INTO order_items (item_id,order_id,product_id,quantity,unit_price,line_total) VALUES (529,215,40,3,133.39,400.17);

INSERT INTO orders (order_id,customer_id,order_date,status,total_amount,shipping_address) VALUES (216,27,TO_DATE('2024-05-23','YYYY-MM-DD'),'SHIPPED',337.08,'191 Melissa Run, Agadir');
INSERT INTO order_items (item_id,order_id,product_id,quantity,unit_price,line_total) VALUES (530,216,16,2,168.54,337.08);
INSERT INTO payments (payment_id,order_id,payment_date,amount,method,status) VALUES (164,216,TO_DATE('2024-05-25','YYYY-MM-DD'),337.08,'CREDIT_CARD','COMPLETED');

INSERT INTO orders (order_id,customer_id,order_date,status,total_amount,shipping_address) VALUES (217,23,TO_DATE('2023-12-10','YYYY-MM-DD'),'RETURNED',868.58,'68 Russell Forks, Casablanca');
INSERT INTO order_items (item_id,order_id,product_id,quantity,unit_price,line_total) VALUES (531,217,16,1,168.54,168.54);
INSERT INTO order_items (item_id,order_id,product_id,quantity,unit_price,line_total) VALUES (532,217,45,2,350.02,700.04);
INSERT INTO payments (payment_id,order_id,payment_date,amount,method,status) VALUES (165,217,TO_DATE('2023-12-12','YYYY-MM-DD'),868.58,'CASH_ON_DELIVERY','REFUNDED');

INSERT INTO orders (order_id,customer_id,order_date,status,total_amount,shipping_address) VALUES (218,185,TO_DATE('2023-01-02','YYYY-MM-DD'),'PENDING',3359.29,'113 Morgan Motorway, Meknes');
INSERT INTO order_items (item_id,order_id,product_id,quantity,unit_price,line_total) VALUES (533,218,11,2,305.36,610.72);
INSERT INTO order_items (item_id,order_id,product_id,quantity,unit_price,line_total) VALUES (534,218,57,2,77.66,155.32);
INSERT INTO order_items (item_id,order_id,product_id,quantity,unit_price,line_total) VALUES (535,218,27,3,744.33,2232.99);
INSERT INTO order_items (item_id,order_id,product_id,quantity,unit_price,line_total) VALUES (536,218,32,2,180.13,360.26);

INSERT INTO orders (order_id,customer_id,order_date,status,total_amount,shipping_address) VALUES (219,26,TO_DATE('2024-05-05','YYYY-MM-DD'),'DELIVERED',84.36,'116 Perry Court, Marrakech');
INSERT INTO order_items (item_id,order_id,product_id,quantity,unit_price,line_total) VALUES (537,219,52,1,84.36,84.36);
INSERT INTO payments (payment_id,order_id,payment_date,amount,method,status) VALUES (166,219,TO_DATE('2024-05-07','YYYY-MM-DD'),84.36,'CREDIT_CARD','COMPLETED');

INSERT INTO orders (order_id,customer_id,order_date,status,total_amount,shipping_address) VALUES (220,27,TO_DATE('2023-03-17','YYYY-MM-DD'),'DELIVERED',3034.17,'97 Simmons Shores, Marrakech');
INSERT INTO order_items (item_id,order_id,product_id,quantity,unit_price,line_total) VALUES (538,220,47,3,801.95,2405.85);
INSERT INTO order_items (item_id,order_id,product_id,quantity,unit_price,line_total) VALUES (539,220,5,1,628.32,628.32);
INSERT INTO payments (payment_id,order_id,payment_date,amount,method,status) VALUES (167,220,TO_DATE('2023-03-19','YYYY-MM-DD'),3034.17,'BANK_TRANSFER','COMPLETED');

INSERT INTO orders (order_id,customer_id,order_date,status,total_amount,shipping_address) VALUES (221,124,TO_DATE('2023-02-01','YYYY-MM-DD'),'CANCELLED',2400.17,'156 Brooks Drives, Marrakech');
INSERT INTO order_items (item_id,order_id,product_id,quantity,unit_price,line_total) VALUES (540,221,11,1,305.36,305.36);
INSERT INTO order_items (item_id,order_id,product_id,quantity,unit_price,line_total) VALUES (541,221,4,1,303.43,303.43);
INSERT INTO order_items (item_id,order_id,product_id,quantity,unit_price,line_total) VALUES (542,221,7,2,440.08,880.16);
INSERT INTO order_items (item_id,order_id,product_id,quantity,unit_price,line_total) VALUES (543,221,22,3,303.74,911.22);

INSERT INTO orders (order_id,customer_id,order_date,status,total_amount,shipping_address) VALUES (222,142,TO_DATE('2023-09-29','YYYY-MM-DD'),'DELIVERED',606.86,'61 Jones Village, Tangier');
INSERT INTO order_items (item_id,order_id,product_id,quantity,unit_price,line_total) VALUES (544,222,4,2,303.43,606.86);
INSERT INTO payments (payment_id,order_id,payment_date,amount,method,status) VALUES (168,222,TO_DATE('2023-10-02','YYYY-MM-DD'),606.86,'CREDIT_CARD','COMPLETED');

INSERT INTO orders (order_id,customer_id,order_date,status,total_amount,shipping_address) VALUES (223,110,TO_DATE('2023-03-31','YYYY-MM-DD'),'DELIVERED',1270.63,'123 Christopher Court, Tetouan');
INSERT INTO order_items (item_id,order_id,product_id,quantity,unit_price,line_total) VALUES (545,223,7,1,440.08,440.08);
INSERT INTO order_items (item_id,order_id,product_id,quantity,unit_price,line_total) VALUES (546,223,2,1,830.55,830.55);
INSERT INTO payments (payment_id,order_id,payment_date,amount,method,status) VALUES (169,223,TO_DATE('2023-04-02','YYYY-MM-DD'),1270.63,'MOBILE_PAYMENT','COMPLETED');

INSERT INTO orders (order_id,customer_id,order_date,status,total_amount,shipping_address) VALUES (224,30,TO_DATE('2023-11-12','YYYY-MM-DD'),'CANCELLED',8058.35,'126 Cain Point, Oujda');
INSERT INTO order_items (item_id,order_id,product_id,quantity,unit_price,line_total) VALUES (547,224,6,2,3537.66,7075.32);
INSERT INTO order_items (item_id,order_id,product_id,quantity,unit_price,line_total) VALUES (548,224,42,1,126.43,126.43);
INSERT INTO order_items (item_id,order_id,product_id,quantity,unit_price,line_total) VALUES (549,224,35,2,428.3,856.6);

INSERT INTO orders (order_id,customer_id,order_date,status,total_amount,shipping_address) VALUES (225,98,TO_DATE('2024-01-14','YYYY-MM-DD'),'SHIPPED',2063.82,'12 Brenda Points, Oujda');
INSERT INTO order_items (item_id,order_id,product_id,quantity,unit_price,line_total) VALUES (550,225,29,1,978.59,978.59);
INSERT INTO order_items (item_id,order_id,product_id,quantity,unit_price,line_total) VALUES (551,225,30,2,186.65,373.3);
INSERT INTO order_items (item_id,order_id,product_id,quantity,unit_price,line_total) VALUES (552,225,17,3,237.31,711.93);
INSERT INTO payments (payment_id,order_id,payment_date,amount,method,status) VALUES (170,225,TO_DATE('2024-01-14','YYYY-MM-DD'),2063.82,'CREDIT_CARD','COMPLETED');

INSERT INTO orders (order_id,customer_id,order_date,status,total_amount,shipping_address) VALUES (226,25,TO_DATE('2023-03-29','YYYY-MM-DD'),'DELIVERED',1469.45,'106 Santiago Loop, Kenitra');
INSERT INTO order_items (item_id,order_id,product_id,quantity,unit_price,line_total) VALUES (553,226,36,2,279.58,559.16);
INSERT INTO order_items (item_id,order_id,product_id,quantity,unit_price,line_total) VALUES (554,226,4,3,303.43,910.29);
INSERT INTO payments (payment_id,order_id,payment_date,amount,method,status) VALUES (171,226,TO_DATE('2023-04-01','YYYY-MM-DD'),1469.45,'MOBILE_PAYMENT','COMPLETED');

INSERT INTO orders (order_id,customer_id,order_date,status,total_amount,shipping_address) VALUES (227,122,TO_DATE('2023-08-30','YYYY-MM-DD'),'RETURNED',18696.69,'21 Russo Terrace, Tangier');
INSERT INTO order_items (item_id,order_id,product_id,quantity,unit_price,line_total) VALUES (555,227,58,3,236.24,708.72);
INSERT INTO order_items (item_id,order_id,product_id,quantity,unit_price,line_total) VALUES (556,227,55,3,119.13,357.39);
INSERT INTO order_items (item_id,order_id,product_id,quantity,unit_price,line_total) VALUES (557,227,46,3,99.84,299.52);
INSERT INTO order_items (item_id,order_id,product_id,quantity,unit_price,line_total) VALUES (558,227,3,3,5777.02,17331.06);
INSERT INTO payments (payment_id,order_id,payment_date,amount,method,status) VALUES (172,227,TO_DATE('2023-08-31','YYYY-MM-DD'),18696.69,'CREDIT_CARD','REFUNDED');

INSERT INTO orders (order_id,customer_id,order_date,status,total_amount,shipping_address) VALUES (228,194,TO_DATE('2024-04-04','YYYY-MM-DD'),'SHIPPED',8407.68,'55 Parrish Stravenue, Marrakech');
INSERT INTO order_items (item_id,order_id,product_id,quantity,unit_price,line_total) VALUES (559,228,9,2,1315.33,2630.66);
INSERT INTO order_items (item_id,order_id,product_id,quantity,unit_price,line_total) VALUES (560,228,3,1,5777.02,5777.02);
INSERT INTO payments (payment_id,order_id,payment_date,amount,method,status) VALUES (173,228,TO_DATE('2024-04-07','YYYY-MM-DD'),8407.68,'CREDIT_CARD','COMPLETED');

INSERT INTO orders (order_id,customer_id,order_date,status,total_amount,shipping_address) VALUES (229,38,TO_DATE('2023-09-22','YYYY-MM-DD'),'DELIVERED',2200.11,'23 Tanya Rapid, Rabat');
INSERT INTO order_items (item_id,order_id,product_id,quantity,unit_price,line_total) VALUES (561,229,36,2,279.58,559.16);
INSERT INTO order_items (item_id,order_id,product_id,quantity,unit_price,line_total) VALUES (562,229,26,3,185.7,557.1);
INSERT INTO order_items (item_id,order_id,product_id,quantity,unit_price,line_total) VALUES (563,229,21,2,482.36,964.72);
INSERT INTO order_items (item_id,order_id,product_id,quantity,unit_price,line_total) VALUES (564,229,55,1,119.13,119.13);
INSERT INTO payments (payment_id,order_id,payment_date,amount,method,status) VALUES (174,229,TO_DATE('2023-09-25','YYYY-MM-DD'),2200.11,'CREDIT_CARD','COMPLETED');

INSERT INTO orders (order_id,customer_id,order_date,status,total_amount,shipping_address) VALUES (230,146,TO_DATE('2023-04-13','YYYY-MM-DD'),'CONFIRMED',269.92,'200 Bell Ports, Tetouan');
INSERT INTO order_items (item_id,order_id,product_id,quantity,unit_price,line_total) VALUES (565,230,51,2,134.96,269.92);
INSERT INTO payments (payment_id,order_id,payment_date,amount,method,status) VALUES (175,230,TO_DATE('2023-04-15','YYYY-MM-DD'),269.92,'CASH_ON_DELIVERY','COMPLETED');

INSERT INTO orders (order_id,customer_id,order_date,status,total_amount,shipping_address) VALUES (231,168,TO_DATE('2024-05-12','YYYY-MM-DD'),'RETURNED',2521.32,'45 Eric Orchard, Casablanca');
INSERT INTO order_items (item_id,order_id,product_id,quantity,unit_price,line_total) VALUES (566,231,26,3,185.7,557.1);
INSERT INTO order_items (item_id,order_id,product_id,quantity,unit_price,line_total) VALUES (567,231,10,3,521.35,1564.05);
INSERT INTO order_items (item_id,order_id,product_id,quantity,unit_price,line_total) VALUES (568,231,40,3,133.39,400.17);
INSERT INTO payments (payment_id,order_id,payment_date,amount,method,status) VALUES (176,231,TO_DATE('2024-05-15','YYYY-MM-DD'),2521.32,'CREDIT_CARD','REFUNDED');

INSERT INTO orders (order_id,customer_id,order_date,status,total_amount,shipping_address) VALUES (232,85,TO_DATE('2023-09-01','YYYY-MM-DD'),'PENDING',2627.86,'69 Melanie Keys, Oujda');
INSERT INTO order_items (item_id,order_id,product_id,quantity,unit_price,line_total) VALUES (569,232,2,2,830.55,1661.1);
INSERT INTO order_items (item_id,order_id,product_id,quantity,unit_price,line_total) VALUES (570,232,22,2,303.74,607.48);
INSERT INTO order_items (item_id,order_id,product_id,quantity,unit_price,line_total) VALUES (571,232,53,2,179.64,359.28);

INSERT INTO orders (order_id,customer_id,order_date,status,total_amount,shipping_address) VALUES (233,126,TO_DATE('2023-04-11','YYYY-MM-DD'),'DELIVERED',3153.12,'77 Wilson Harbors, Marrakech');
INSERT INTO order_items (item_id,order_id,product_id,quantity,unit_price,line_total) VALUES (572,233,50,3,157.03,471.09);
INSERT INTO order_items (item_id,order_id,product_id,quantity,unit_price,line_total) VALUES (573,233,53,2,179.64,359.28);
INSERT INTO order_items (item_id,order_id,product_id,quantity,unit_price,line_total) VALUES (574,233,21,3,482.36,1447.08);
INSERT INTO order_items (item_id,order_id,product_id,quantity,unit_price,line_total) VALUES (575,233,18,3,291.89,875.67);
INSERT INTO payments (payment_id,order_id,payment_date,amount,method,status) VALUES (177,233,TO_DATE('2023-04-11','YYYY-MM-DD'),3153.12,'CREDIT_CARD','COMPLETED');

INSERT INTO orders (order_id,customer_id,order_date,status,total_amount,shipping_address) VALUES (234,105,TO_DATE('2024-05-11','YYYY-MM-DD'),'DELIVERED',2307.96,'132 Lindsay Vista, Casablanca');
INSERT INTO order_items (item_id,order_id,product_id,quantity,unit_price,line_total) VALUES (576,234,5,3,628.32,1884.96);
INSERT INTO order_items (item_id,order_id,product_id,quantity,unit_price,line_total) VALUES (577,234,20,3,141.0,423.0);
INSERT INTO payments (payment_id,order_id,payment_date,amount,method,status) VALUES (178,234,TO_DATE('2024-05-14','YYYY-MM-DD'),2307.96,'CREDIT_CARD','COMPLETED');

INSERT INTO orders (order_id,customer_id,order_date,status,total_amount,shipping_address) VALUES (235,146,TO_DATE('2023-01-30','YYYY-MM-DD'),'SHIPPED',168.54,'52 Chelsea Shoals, Fes');
INSERT INTO order_items (item_id,order_id,product_id,quantity,unit_price,line_total) VALUES (578,235,16,1,168.54,168.54);
INSERT INTO payments (payment_id,order_id,payment_date,amount,method,status) VALUES (179,235,TO_DATE('2023-02-02','YYYY-MM-DD'),168.54,'CREDIT_CARD','COMPLETED');

INSERT INTO orders (order_id,customer_id,order_date,status,total_amount,shipping_address) VALUES (236,51,TO_DATE('2023-10-08','YYYY-MM-DD'),'DELIVERED',3303.89,'130 Johnson Groves, Oujda');
INSERT INTO order_items (item_id,order_id,product_id,quantity,unit_price,line_total) VALUES (579,236,41,1,258.64,258.64);
INSERT INTO order_items (item_id,order_id,product_id,quantity,unit_price,line_total) VALUES (580,236,60,1,74.23,74.23);
INSERT INTO order_items (item_id,order_id,product_id,quantity,unit_price,line_total) VALUES (581,236,8,2,932.52,1865.04);
INSERT INTO order_items (item_id,order_id,product_id,quantity,unit_price,line_total) VALUES (582,236,44,2,552.99,1105.98);
INSERT INTO payments (payment_id,order_id,payment_date,amount,method,status) VALUES (180,236,TO_DATE('2023-10-11','YYYY-MM-DD'),3303.89,'CREDIT_CARD','COMPLETED');

INSERT INTO orders (order_id,customer_id,order_date,status,total_amount,shipping_address) VALUES (237,151,TO_DATE('2023-12-25','YYYY-MM-DD'),'DELIVERED',299.95,'67 Dorsey Keys, Marrakech');
INSERT INTO order_items (item_id,order_id,product_id,quantity,unit_price,line_total) VALUES (583,237,19,1,299.95,299.95);
INSERT INTO payments (payment_id,order_id,payment_date,amount,method,status) VALUES (181,237,TO_DATE('2023-12-28','YYYY-MM-DD'),299.95,'CREDIT_CARD','COMPLETED');

INSERT INTO orders (order_id,customer_id,order_date,status,total_amount,shipping_address) VALUES (238,200,TO_DATE('2023-08-08','YYYY-MM-DD'),'DELIVERED',963.07,'174 Howard Divide, Fes');
INSERT INTO order_items (item_id,order_id,product_id,quantity,unit_price,line_total) VALUES (584,238,18,2,291.89,583.78);
INSERT INTO order_items (item_id,order_id,product_id,quantity,unit_price,line_total) VALUES (585,238,42,3,126.43,379.29);
INSERT INTO payments (payment_id,order_id,payment_date,amount,method,status) VALUES (182,238,TO_DATE('2023-08-08','YYYY-MM-DD'),963.07,'CASH_ON_DELIVERY','PENDING');

INSERT INTO orders (order_id,customer_id,order_date,status,total_amount,shipping_address) VALUES (239,175,TO_DATE('2023-01-10','YYYY-MM-DD'),'RETURNED',232.47,'166 Jones Streets, Marrakech');
INSERT INTO order_items (item_id,order_id,product_id,quantity,unit_price,line_total) VALUES (586,239,39,1,148.11,148.11);
INSERT INTO order_items (item_id,order_id,product_id,quantity,unit_price,line_total) VALUES (587,239,52,1,84.36,84.36);
INSERT INTO payments (payment_id,order_id,payment_date,amount,method,status) VALUES (183,239,TO_DATE('2023-01-12','YYYY-MM-DD'),232.47,'BANK_TRANSFER','REFUNDED');

INSERT INTO orders (order_id,customer_id,order_date,status,total_amount,shipping_address) VALUES (240,79,TO_DATE('2023-10-09','YYYY-MM-DD'),'CANCELLED',2560.14,'90 Christopher Pines, Meknes');
INSERT INTO order_items (item_id,order_id,product_id,quantity,unit_price,line_total) VALUES (588,240,17,3,237.31,711.93);
INSERT INTO order_items (item_id,order_id,product_id,quantity,unit_price,line_total) VALUES (589,240,14,3,335.42,1006.26);
INSERT INTO order_items (item_id,order_id,product_id,quantity,unit_price,line_total) VALUES (590,240,30,3,186.65,559.95);
INSERT INTO order_items (item_id,order_id,product_id,quantity,unit_price,line_total) VALUES (591,240,20,2,141.0,282.0);

INSERT INTO orders (order_id,customer_id,order_date,status,total_amount,shipping_address) VALUES (241,150,TO_DATE('2023-04-15','YYYY-MM-DD'),'PENDING',1387.82,'170 Nicholas Motorway, Kenitra');
INSERT INTO order_items (item_id,order_id,product_id,quantity,unit_price,line_total) VALUES (592,241,36,3,279.58,838.74);
INSERT INTO order_items (item_id,order_id,product_id,quantity,unit_price,line_total) VALUES (593,241,42,2,126.43,252.86);
INSERT INTO order_items (item_id,order_id,product_id,quantity,unit_price,line_total) VALUES (594,241,39,2,148.11,296.22);

INSERT INTO orders (order_id,customer_id,order_date,status,total_amount,shipping_address) VALUES (242,176,TO_DATE('2023-04-21','YYYY-MM-DD'),'RETURNED',3356.85,'87 Moore Inlet, Rabat');
INSERT INTO order_items (item_id,order_id,product_id,quantity,unit_price,line_total) VALUES (595,242,41,2,258.64,517.28);
INSERT INTO order_items (item_id,order_id,product_id,quantity,unit_price,line_total) VALUES (596,242,21,2,482.36,964.72);
INSERT INTO order_items (item_id,order_id,product_id,quantity,unit_price,line_total) VALUES (597,242,56,3,624.95,1874.85);
INSERT INTO payments (payment_id,order_id,payment_date,amount,method,status) VALUES (184,242,TO_DATE('2023-04-23','YYYY-MM-DD'),3356.85,'CREDIT_CARD','REFUNDED');

INSERT INTO orders (order_id,customer_id,order_date,status,total_amount,shipping_address) VALUES (243,133,TO_DATE('2023-09-04','YYYY-MM-DD'),'PENDING',6102.88,'104 Frank Port, Tetouan');
INSERT INTO order_items (item_id,order_id,product_id,quantity,unit_price,line_total) VALUES (598,243,44,1,552.99,552.99);
INSERT INTO order_items (item_id,order_id,product_id,quantity,unit_price,line_total) VALUES (599,243,9,3,1315.33,3945.99);
INSERT INTO order_items (item_id,order_id,product_id,quantity,unit_price,line_total) VALUES (600,243,47,2,801.95,1603.9);

INSERT INTO orders (order_id,customer_id,order_date,status,total_amount,shipping_address) VALUES (244,76,TO_DATE('2023-09-23','YYYY-MM-DD'),'CANCELLED',1625.88,'100 Nicole Drives, Meknes');
INSERT INTO order_items (item_id,order_id,product_id,quantity,unit_price,line_total) VALUES (601,244,38,3,541.96,1625.88);

INSERT INTO orders (order_id,customer_id,order_date,status,total_amount,shipping_address) VALUES (245,147,TO_DATE('2023-07-14','YYYY-MM-DD'),'DELIVERED',2574.01,'176 Karen Causeway, Fes');
INSERT INTO order_items (item_id,order_id,product_id,quantity,unit_price,line_total) VALUES (602,245,59,2,92.87,185.74);
INSERT INTO order_items (item_id,order_id,product_id,quantity,unit_price,line_total) VALUES (603,245,43,1,187.29,187.29);
INSERT INTO order_items (item_id,order_id,product_id,quantity,unit_price,line_total) VALUES (604,245,23,3,94.41,283.23);
INSERT INTO order_items (item_id,order_id,product_id,quantity,unit_price,line_total) VALUES (605,245,33,3,639.25,1917.75);
INSERT INTO payments (payment_id,order_id,payment_date,amount,method,status) VALUES (185,245,TO_DATE('2023-07-15','YYYY-MM-DD'),2574.01,'CREDIT_CARD','COMPLETED');

INSERT INTO orders (order_id,customer_id,order_date,status,total_amount,shipping_address) VALUES (246,190,TO_DATE('2023-09-22','YYYY-MM-DD'),'SHIPPED',478.3,'168 Joseph Shore, Agadir');
INSERT INTO order_items (item_id,order_id,product_id,quantity,unit_price,line_total) VALUES (606,246,15,2,239.15,478.3);
INSERT INTO payments (payment_id,order_id,payment_date,amount,method,status) VALUES (186,246,TO_DATE('2023-09-23','YYYY-MM-DD'),478.3,'BANK_TRANSFER','COMPLETED');

INSERT INTO orders (order_id,customer_id,order_date,status,total_amount,shipping_address) VALUES (247,85,TO_DATE('2024-01-16','YYYY-MM-DD'),'DELIVERED',5098.02,'76 Tucker Mills, Tetouan');
INSERT INTO order_items (item_id,order_id,product_id,quantity,unit_price,line_total) VALUES (607,247,55,3,119.13,357.39);
INSERT INTO order_items (item_id,order_id,product_id,quantity,unit_price,line_total) VALUES (608,247,8,3,932.52,2797.56);
INSERT INTO order_items (item_id,order_id,product_id,quantity,unit_price,line_total) VALUES (609,247,31,3,344.26,1032.78);
INSERT INTO order_items (item_id,order_id,product_id,quantity,unit_price,line_total) VALUES (610,247,4,3,303.43,910.29);
INSERT INTO payments (payment_id,order_id,payment_date,amount,method,status) VALUES (187,247,TO_DATE('2024-01-16','YYYY-MM-DD'),5098.02,'DEBIT_CARD','COMPLETED');

INSERT INTO orders (order_id,customer_id,order_date,status,total_amount,shipping_address) VALUES (248,31,TO_DATE('2024-01-26','YYYY-MM-DD'),'DELIVERED',3070.1,'14 Nelson Throughway, Meknes');
INSERT INTO order_items (item_id,order_id,product_id,quantity,unit_price,line_total) VALUES (611,248,9,2,1315.33,2630.66);
INSERT INTO order_items (item_id,order_id,product_id,quantity,unit_price,line_total) VALUES (612,248,13,2,219.72,439.44);
INSERT INTO payments (payment_id,order_id,payment_date,amount,method,status) VALUES (188,248,TO_DATE('2024-01-29','YYYY-MM-DD'),3070.1,'CREDIT_CARD','COMPLETED');

INSERT INTO orders (order_id,customer_id,order_date,status,total_amount,shipping_address) VALUES (249,47,TO_DATE('2023-03-24','YYYY-MM-DD'),'RETURNED',741.0,'162 Michael Creek, Agadir');
INSERT INTO order_items (item_id,order_id,product_id,quantity,unit_price,line_total) VALUES (613,249,21,1,482.36,482.36);
INSERT INTO order_items (item_id,order_id,product_id,quantity,unit_price,line_total) VALUES (614,249,41,1,258.64,258.64);
INSERT INTO payments (payment_id,order_id,payment_date,amount,method,status) VALUES (189,249,TO_DATE('2023-03-27','YYYY-MM-DD'),741.0,'CREDIT_CARD','REFUNDED');

INSERT INTO orders (order_id,customer_id,order_date,status,total_amount,shipping_address) VALUES (250,195,TO_DATE('2023-06-22','YYYY-MM-DD'),'SHIPPED',3945.99,'196 Gregory Ramp, Oujda');
INSERT INTO order_items (item_id,order_id,product_id,quantity,unit_price,line_total) VALUES (615,250,9,3,1315.33,3945.99);
INSERT INTO payments (payment_id,order_id,payment_date,amount,method,status) VALUES (190,250,TO_DATE('2023-06-25','YYYY-MM-DD'),3945.99,'BANK_TRANSFER','COMPLETED');

INSERT INTO orders (order_id,customer_id,order_date,status,total_amount,shipping_address) VALUES (251,123,TO_DATE('2024-01-28','YYYY-MM-DD'),'PENDING',1607.07,'137 Rose Inlet, Casablanca');
INSERT INTO order_items (item_id,order_id,product_id,quantity,unit_price,line_total) VALUES (616,251,47,1,801.95,801.95);
INSERT INTO order_items (item_id,order_id,product_id,quantity,unit_price,line_total) VALUES (617,251,24,2,402.56,805.12);

INSERT INTO orders (order_id,customer_id,order_date,status,total_amount,shipping_address) VALUES (252,194,TO_DATE('2024-06-27','YYYY-MM-DD'),'DELIVERED',775.92,'174 Jeffrey Rapid, Casablanca');
INSERT INTO order_items (item_id,order_id,product_id,quantity,unit_price,line_total) VALUES (618,252,41,3,258.64,775.92);
INSERT INTO payments (payment_id,order_id,payment_date,amount,method,status) VALUES (191,252,TO_DATE('2024-06-28','YYYY-MM-DD'),775.92,'CREDIT_CARD','COMPLETED');

INSERT INTO orders (order_id,customer_id,order_date,status,total_amount,shipping_address) VALUES (253,80,TO_DATE('2023-05-13','YYYY-MM-DD'),'CONFIRMED',1921.28,'129 Adrian Hollow, Meknes');
INSERT INTO order_items (item_id,order_id,product_id,quantity,unit_price,line_total) VALUES (619,253,11,1,305.36,305.36);
INSERT INTO order_items (item_id,order_id,product_id,quantity,unit_price,line_total) VALUES (620,253,5,2,628.32,1256.64);
INSERT INTO order_items (item_id,order_id,product_id,quantity,unit_price,line_total) VALUES (621,253,53,2,179.64,359.28);
INSERT INTO payments (payment_id,order_id,payment_date,amount,method,status) VALUES (192,253,TO_DATE('2023-05-16','YYYY-MM-DD'),1921.28,'BANK_TRANSFER','COMPLETED');

INSERT INTO orders (order_id,customer_id,order_date,status,total_amount,shipping_address) VALUES (254,87,TO_DATE('2024-03-20','YYYY-MM-DD'),'SHIPPED',961.74,'126 Katrina Track, Agadir');
INSERT INTO order_items (item_id,order_id,product_id,quantity,unit_price,line_total) VALUES (622,254,49,2,218.33,436.66);
INSERT INTO order_items (item_id,order_id,product_id,quantity,unit_price,line_total) VALUES (623,254,13,1,219.72,219.72);
INSERT INTO order_items (item_id,order_id,product_id,quantity,unit_price,line_total) VALUES (624,254,11,1,305.36,305.36);
INSERT INTO payments (payment_id,order_id,payment_date,amount,method,status) VALUES (193,254,TO_DATE('2024-03-21','YYYY-MM-DD'),961.74,'BANK_TRANSFER','COMPLETED');

INSERT INTO orders (order_id,customer_id,order_date,status,total_amount,shipping_address) VALUES (255,188,TO_DATE('2023-01-23','YYYY-MM-DD'),'SHIPPED',654.81,'94 Roberts Crest, Rabat');
INSERT INTO order_items (item_id,order_id,product_id,quantity,unit_price,line_total) VALUES (625,255,25,3,218.27,654.81);
INSERT INTO payments (payment_id,order_id,payment_date,amount,method,status) VALUES (194,255,TO_DATE('2023-01-25','YYYY-MM-DD'),654.81,'CASH_ON_DELIVERY','COMPLETED');

INSERT INTO orders (order_id,customer_id,order_date,status,total_amount,shipping_address) VALUES (256,153,TO_DATE('2023-02-19','YYYY-MM-DD'),'CONFIRMED',1488.66,'13 Tyler Meadows, Casablanca');
INSERT INTO order_items (item_id,order_id,product_id,quantity,unit_price,line_total) VALUES (626,256,27,2,744.33,1488.66);
INSERT INTO payments (payment_id,order_id,payment_date,amount,method,status) VALUES (195,256,TO_DATE('2023-02-22','YYYY-MM-DD'),1488.66,'CREDIT_CARD','COMPLETED');

INSERT INTO orders (order_id,customer_id,order_date,status,total_amount,shipping_address) VALUES (257,180,TO_DATE('2023-06-06','YYYY-MM-DD'),'DELIVERED',4612.49,'78 David Place, Casablanca');
INSERT INTO order_items (item_id,order_id,product_id,quantity,unit_price,line_total) VALUES (627,257,43,3,187.29,561.87);
INSERT INTO order_items (item_id,order_id,product_id,quantity,unit_price,line_total) VALUES (628,257,7,3,440.08,1320.24);
INSERT INTO order_items (item_id,order_id,product_id,quantity,unit_price,line_total) VALUES (629,257,34,3,812.83,2438.49);
INSERT INTO order_items (item_id,order_id,product_id,quantity,unit_price,line_total) VALUES (630,257,18,1,291.89,291.89);
INSERT INTO payments (payment_id,order_id,payment_date,amount,method,status) VALUES (196,257,TO_DATE('2023-06-09','YYYY-MM-DD'),4612.49,'CASH_ON_DELIVERY','COMPLETED');

INSERT INTO orders (order_id,customer_id,order_date,status,total_amount,shipping_address) VALUES (258,185,TO_DATE('2023-05-01','YYYY-MM-DD'),'DELIVERED',1833.26,'28 Vincent Village, Rabat');
INSERT INTO order_items (item_id,order_id,product_id,quantity,unit_price,line_total) VALUES (631,258,13,3,219.72,659.16);
INSERT INTO order_items (item_id,order_id,product_id,quantity,unit_price,line_total) VALUES (632,258,39,1,148.11,148.11);
INSERT INTO order_items (item_id,order_id,product_id,quantity,unit_price,line_total) VALUES (633,258,50,2,157.03,314.06);
INSERT INTO order_items (item_id,order_id,product_id,quantity,unit_price,line_total) VALUES (634,258,17,3,237.31,711.93);
INSERT INTO payments (payment_id,order_id,payment_date,amount,method,status) VALUES (197,258,TO_DATE('2023-05-04','YYYY-MM-DD'),1833.26,'CREDIT_CARD','COMPLETED');

INSERT INTO orders (order_id,customer_id,order_date,status,total_amount,shipping_address) VALUES (259,128,TO_DATE('2023-08-01','YYYY-MM-DD'),'RETURNED',24543.06,'61 Jones Wall, Agadir');
INSERT INTO order_items (item_id,order_id,product_id,quantity,unit_price,line_total) VALUES (635,259,1,3,8181.02,24543.06);
INSERT INTO payments (payment_id,order_id,payment_date,amount,method,status) VALUES (198,259,TO_DATE('2023-08-01','YYYY-MM-DD'),24543.06,'MOBILE_PAYMENT','REFUNDED');

INSERT INTO orders (order_id,customer_id,order_date,status,total_amount,shipping_address) VALUES (260,147,TO_DATE('2024-05-20','YYYY-MM-DD'),'SHIPPED',2405.85,'200 Ryan Mount, Rabat');
INSERT INTO order_items (item_id,order_id,product_id,quantity,unit_price,line_total) VALUES (636,260,47,3,801.95,2405.85);
INSERT INTO payments (payment_id,order_id,payment_date,amount,method,status) VALUES (199,260,TO_DATE('2024-05-20','YYYY-MM-DD'),2405.85,'MOBILE_PAYMENT','COMPLETED');

INSERT INTO orders (order_id,customer_id,order_date,status,total_amount,shipping_address) VALUES (261,117,TO_DATE('2023-10-31','YYYY-MM-DD'),'DELIVERED',179.64,'13 Michelle Ports, Oujda');
INSERT INTO order_items (item_id,order_id,product_id,quantity,unit_price,line_total) VALUES (637,261,53,1,179.64,179.64);
INSERT INTO payments (payment_id,order_id,payment_date,amount,method,status) VALUES (200,261,TO_DATE('2023-10-31','YYYY-MM-DD'),179.64,'CASH_ON_DELIVERY','COMPLETED');

INSERT INTO orders (order_id,customer_id,order_date,status,total_amount,shipping_address) VALUES (262,174,TO_DATE('2023-11-17','YYYY-MM-DD'),'CANCELLED',8181.02,'25 Berry Station, Rabat');
INSERT INTO order_items (item_id,order_id,product_id,quantity,unit_price,line_total) VALUES (638,262,1,1,8181.02,8181.02);

INSERT INTO orders (order_id,customer_id,order_date,status,total_amount,shipping_address) VALUES (263,170,TO_DATE('2023-06-24','YYYY-MM-DD'),'DELIVERED',5296.88,'113 Roberts Lodge, Agadir');
INSERT INTO order_items (item_id,order_id,product_id,quantity,unit_price,line_total) VALUES (639,263,57,2,77.66,155.32);
INSERT INTO order_items (item_id,order_id,product_id,quantity,unit_price,line_total) VALUES (640,263,47,2,801.95,1603.9);
INSERT INTO order_items (item_id,order_id,product_id,quantity,unit_price,line_total) VALUES (641,263,6,1,3537.66,3537.66);
INSERT INTO payments (payment_id,order_id,payment_date,amount,method,status) VALUES (201,263,TO_DATE('2023-06-24','YYYY-MM-DD'),5296.88,'DEBIT_CARD','PENDING');

INSERT INTO orders (order_id,customer_id,order_date,status,total_amount,shipping_address) VALUES (264,70,TO_DATE('2024-01-30','YYYY-MM-DD'),'RETURNED',6743.55,'167 Tammy Extension, Meknes');
INSERT INTO order_items (item_id,order_id,product_id,quantity,unit_price,line_total) VALUES (642,264,8,3,932.52,2797.56);
INSERT INTO order_items (item_id,order_id,product_id,quantity,unit_price,line_total) VALUES (643,264,9,3,1315.33,3945.99);
INSERT INTO payments (payment_id,order_id,payment_date,amount,method,status) VALUES (202,264,TO_DATE('2024-01-30','YYYY-MM-DD'),6743.55,'MOBILE_PAYMENT','REFUNDED');

INSERT INTO orders (order_id,customer_id,order_date,status,total_amount,shipping_address) VALUES (265,41,TO_DATE('2023-04-17','YYYY-MM-DD'),'CANCELLED',1469.23,'124 Collier Lake, Tetouan');
INSERT INTO order_items (item_id,order_id,product_id,quantity,unit_price,line_total) VALUES (644,265,12,2,189.85,379.7);
INSERT INTO order_items (item_id,order_id,product_id,quantity,unit_price,line_total) VALUES (645,265,40,3,133.39,400.17);
INSERT INTO order_items (item_id,order_id,product_id,quantity,unit_price,line_total) VALUES (646,265,25,1,218.27,218.27);
INSERT INTO order_items (item_id,order_id,product_id,quantity,unit_price,line_total) VALUES (647,265,50,3,157.03,471.09);

INSERT INTO orders (order_id,customer_id,order_date,status,total_amount,shipping_address) VALUES (266,187,TO_DATE('2023-05-14','YYYY-MM-DD'),'RETURNED',15830.06,'29 Samuel Coves, Oujda');
INSERT INTO order_items (item_id,order_id,product_id,quantity,unit_price,line_total) VALUES (648,266,29,3,978.59,2935.77);
INSERT INTO order_items (item_id,order_id,product_id,quantity,unit_price,line_total) VALUES (649,266,3,2,5777.02,11554.04);
INSERT INTO order_items (item_id,order_id,product_id,quantity,unit_price,line_total) VALUES (650,266,5,1,628.32,628.32);
INSERT INTO order_items (item_id,order_id,product_id,quantity,unit_price,line_total) VALUES (651,266,17,3,237.31,711.93);
INSERT INTO payments (payment_id,order_id,payment_date,amount,method,status) VALUES (203,266,TO_DATE('2023-05-15','YYYY-MM-DD'),15830.06,'MOBILE_PAYMENT','REFUNDED');

INSERT INTO orders (order_id,customer_id,order_date,status,total_amount,shipping_address) VALUES (267,172,TO_DATE('2023-12-13','YYYY-MM-DD'),'CONFIRMED',1316.01,'170 Ryan Locks, Meknes');
INSERT INTO order_items (item_id,order_id,product_id,quantity,unit_price,line_total) VALUES (652,267,31,3,344.26,1032.78);
INSERT INTO order_items (item_id,order_id,product_id,quantity,unit_price,line_total) VALUES (653,267,23,3,94.41,283.23);
INSERT INTO payments (payment_id,order_id,payment_date,amount,method,status) VALUES (204,267,TO_DATE('2023-12-16','YYYY-MM-DD'),1316.01,'CREDIT_CARD','COMPLETED');

INSERT INTO orders (order_id,customer_id,order_date,status,total_amount,shipping_address) VALUES (268,157,TO_DATE('2023-02-25','YYYY-MM-DD'),'PENDING',2034.65,'130 Randy Inlet, Marrakech');
INSERT INTO order_items (item_id,order_id,product_id,quantity,unit_price,line_total) VALUES (654,268,55,1,119.13,119.13);
INSERT INTO order_items (item_id,order_id,product_id,quantity,unit_price,line_total) VALUES (655,268,32,2,180.13,360.26);
INSERT INTO order_items (item_id,order_id,product_id,quantity,unit_price,line_total) VALUES (656,268,56,2,624.95,1249.9);
INSERT INTO order_items (item_id,order_id,product_id,quantity,unit_price,line_total) VALUES (657,268,11,1,305.36,305.36);

INSERT INTO orders (order_id,customer_id,order_date,status,total_amount,shipping_address) VALUES (269,85,TO_DATE('2023-10-12','YYYY-MM-DD'),'PENDING',8311.62,'58 Walker Tunnel, Kenitra');
INSERT INTO order_items (item_id,order_id,product_id,quantity,unit_price,line_total) VALUES (658,269,26,2,185.7,371.4);
INSERT INTO order_items (item_id,order_id,product_id,quantity,unit_price,line_total) VALUES (659,269,53,2,179.64,359.28);
INSERT INTO order_items (item_id,order_id,product_id,quantity,unit_price,line_total) VALUES (660,269,16,3,168.54,505.62);
INSERT INTO order_items (item_id,order_id,product_id,quantity,unit_price,line_total) VALUES (661,269,6,2,3537.66,7075.32);

INSERT INTO orders (order_id,customer_id,order_date,status,total_amount,shipping_address) VALUES (270,23,TO_DATE('2024-05-25','YYYY-MM-DD'),'RETURNED',2565.61,'31 Charles Roads, Agadir');
INSERT INTO order_items (item_id,order_id,product_id,quantity,unit_price,line_total) VALUES (662,270,48,2,80.98,161.96);
INSERT INTO order_items (item_id,order_id,product_id,quantity,unit_price,line_total) VALUES (663,270,42,2,126.43,252.86);
INSERT INTO order_items (item_id,order_id,product_id,quantity,unit_price,line_total) VALUES (664,270,2,1,830.55,830.55);
INSERT INTO order_items (item_id,order_id,product_id,quantity,unit_price,line_total) VALUES (665,270,7,3,440.08,1320.24);
INSERT INTO payments (payment_id,order_id,payment_date,amount,method,status) VALUES (205,270,TO_DATE('2024-05-25','YYYY-MM-DD'),2565.61,'CASH_ON_DELIVERY','REFUNDED');

INSERT INTO orders (order_id,customer_id,order_date,status,total_amount,shipping_address) VALUES (271,155,TO_DATE('2023-11-08','YYYY-MM-DD'),'DELIVERED',1683.59,'88 Alyssa Fields, Oujda');
INSERT INTO order_items (item_id,order_id,product_id,quantity,unit_price,line_total) VALUES (666,271,53,2,179.64,359.28);
INSERT INTO order_items (item_id,order_id,product_id,quantity,unit_price,line_total) VALUES (667,271,4,2,303.43,606.86);
INSERT INTO order_items (item_id,order_id,product_id,quantity,unit_price,line_total) VALUES (668,271,15,3,239.15,717.45);
INSERT INTO payments (payment_id,order_id,payment_date,amount,method,status) VALUES (206,271,TO_DATE('2023-11-11','YYYY-MM-DD'),1683.59,'BANK_TRANSFER','COMPLETED');

INSERT INTO orders (order_id,customer_id,order_date,status,total_amount,shipping_address) VALUES (272,116,TO_DATE('2023-04-27','YYYY-MM-DD'),'CONFIRMED',1554.6,'1 Bell Viaduct, Fes');
INSERT INTO order_items (item_id,order_id,product_id,quantity,unit_price,line_total) VALUES (669,272,23,2,94.41,188.82);
INSERT INTO order_items (item_id,order_id,product_id,quantity,unit_price,line_total) VALUES (670,272,54,3,196.62,589.86);
INSERT INTO order_items (item_id,order_id,product_id,quantity,unit_price,line_total) VALUES (671,272,41,3,258.64,775.92);
INSERT INTO payments (payment_id,order_id,payment_date,amount,method,status) VALUES (207,272,TO_DATE('2023-04-29','YYYY-MM-DD'),1554.6,'BANK_TRANSFER','COMPLETED');

INSERT INTO orders (order_id,customer_id,order_date,status,total_amount,shipping_address) VALUES (273,43,TO_DATE('2024-05-19','YYYY-MM-DD'),'SHIPPED',2351.54,'28 Joel Drive, Meknes');
INSERT INTO order_items (item_id,order_id,product_id,quantity,unit_price,line_total) VALUES (672,273,40,2,133.39,266.78);
INSERT INTO order_items (item_id,order_id,product_id,quantity,unit_price,line_total) VALUES (673,273,13,1,219.72,219.72);
INSERT INTO order_items (item_id,order_id,product_id,quantity,unit_price,line_total) VALUES (674,273,8,2,932.52,1865.04);
INSERT INTO payments (payment_id,order_id,payment_date,amount,method,status) VALUES (208,273,TO_DATE('2024-05-20','YYYY-MM-DD'),2351.54,'BANK_TRANSFER','COMPLETED');

INSERT INTO orders (order_id,customer_id,order_date,status,total_amount,shipping_address) VALUES (274,107,TO_DATE('2023-02-17','YYYY-MM-DD'),'CONFIRMED',25083.45,'118 Gonzalez Rapids, Oujda');
INSERT INTO order_items (item_id,order_id,product_id,quantity,unit_price,line_total) VALUES (675,274,32,3,180.13,540.39);
INSERT INTO order_items (item_id,order_id,product_id,quantity,unit_price,line_total) VALUES (676,274,1,3,8181.02,24543.06);
INSERT INTO payments (payment_id,order_id,payment_date,amount,method,status) VALUES (209,274,TO_DATE('2023-02-17','YYYY-MM-DD'),25083.45,'BANK_TRANSFER','COMPLETED');

INSERT INTO orders (order_id,customer_id,order_date,status,total_amount,shipping_address) VALUES (275,150,TO_DATE('2024-05-09','YYYY-MM-DD'),'SHIPPED',1975.05,'45 Kathleen Shoal, Tetouan');
INSERT INTO order_items (item_id,order_id,product_id,quantity,unit_price,line_total) VALUES (677,275,7,3,440.08,1320.24);
INSERT INTO order_items (item_id,order_id,product_id,quantity,unit_price,line_total) VALUES (678,275,25,3,218.27,654.81);
INSERT INTO payments (payment_id,order_id,payment_date,amount,method,status) VALUES (210,275,TO_DATE('2024-05-11','YYYY-MM-DD'),1975.05,'DEBIT_CARD','COMPLETED');

INSERT INTO orders (order_id,customer_id,order_date,status,total_amount,shipping_address) VALUES (276,156,TO_DATE('2023-09-12','YYYY-MM-DD'),'DELIVERED',5093.3,'88 Gregory Trail, Meknes');
INSERT INTO order_items (item_id,order_id,product_id,quantity,unit_price,line_total) VALUES (679,276,29,1,978.59,978.59);
INSERT INTO order_items (item_id,order_id,product_id,quantity,unit_price,line_total) VALUES (680,276,52,2,84.36,168.72);
INSERT INTO order_items (item_id,order_id,product_id,quantity,unit_price,line_total) VALUES (681,276,9,3,1315.33,3945.99);
INSERT INTO payments (payment_id,order_id,payment_date,amount,method,status) VALUES (211,276,TO_DATE('2023-09-14','YYYY-MM-DD'),5093.3,'CASH_ON_DELIVERY','COMPLETED');

INSERT INTO orders (order_id,customer_id,order_date,status,total_amount,shipping_address) VALUES (277,81,TO_DATE('2023-08-11','YYYY-MM-DD'),'DELIVERED',2031.99,'160 Marshall Port, Fes');
INSERT INTO order_items (item_id,order_id,product_id,quantity,unit_price,line_total) VALUES (682,277,44,3,552.99,1658.97);
INSERT INTO order_items (item_id,order_id,product_id,quantity,unit_price,line_total) VALUES (683,277,23,1,94.41,94.41);
INSERT INTO order_items (item_id,order_id,product_id,quantity,unit_price,line_total) VALUES (684,277,59,3,92.87,278.61);
INSERT INTO payments (payment_id,order_id,payment_date,amount,method,status) VALUES (212,277,TO_DATE('2023-08-12','YYYY-MM-DD'),2031.99,'DEBIT_CARD','COMPLETED');

INSERT INTO orders (order_id,customer_id,order_date,status,total_amount,shipping_address) VALUES (278,83,TO_DATE('2023-04-29','YYYY-MM-DD'),'DELIVERED',2490.03,'123 Maldonado Port, Kenitra');
INSERT INTO order_items (item_id,order_id,product_id,quantity,unit_price,line_total) VALUES (685,278,44,3,552.99,1658.97);
INSERT INTO order_items (item_id,order_id,product_id,quantity,unit_price,line_total) VALUES (686,278,48,2,80.98,161.96);
INSERT INTO order_items (item_id,order_id,product_id,quantity,unit_price,line_total) VALUES (687,278,58,2,236.24,472.48);
INSERT INTO order_items (item_id,order_id,product_id,quantity,unit_price,line_total) VALUES (688,278,54,1,196.62,196.62);
INSERT INTO payments (payment_id,order_id,payment_date,amount,method,status) VALUES (213,278,TO_DATE('2023-04-29','YYYY-MM-DD'),2490.03,'CREDIT_CARD','COMPLETED');

INSERT INTO orders (order_id,customer_id,order_date,status,total_amount,shipping_address) VALUES (279,172,TO_DATE('2023-02-27','YYYY-MM-DD'),'DELIVERED',1152.89,'193 Lin Road, Tangier');
INSERT INTO order_items (item_id,order_id,product_id,quantity,unit_price,line_total) VALUES (689,279,19,2,299.95,599.9);
INSERT INTO order_items (item_id,order_id,product_id,quantity,unit_price,line_total) VALUES (690,279,44,1,552.99,552.99);
INSERT INTO payments (payment_id,order_id,payment_date,amount,method,status) VALUES (214,279,TO_DATE('2023-02-27','YYYY-MM-DD'),1152.89,'BANK_TRANSFER','COMPLETED');

INSERT INTO orders (order_id,customer_id,order_date,status,total_amount,shipping_address) VALUES (280,193,TO_DATE('2023-02-03','YYYY-MM-DD'),'DELIVERED',495.8,'27 Hernandez Cliff, Oujda');
INSERT INTO order_items (item_id,order_id,product_id,quantity,unit_price,line_total) VALUES (691,280,48,3,80.98,242.94);
INSERT INTO order_items (item_id,order_id,product_id,quantity,unit_price,line_total) VALUES (692,280,42,2,126.43,252.86);
INSERT INTO payments (payment_id,order_id,payment_date,amount,method,status) VALUES (215,280,TO_DATE('2023-02-04','YYYY-MM-DD'),495.8,'DEBIT_CARD','COMPLETED');

INSERT INTO orders (order_id,customer_id,order_date,status,total_amount,shipping_address) VALUES (281,179,TO_DATE('2023-10-22','YYYY-MM-DD'),'PENDING',2694.19,'100 Ramos Hollow, Meknes');
INSERT INTO order_items (item_id,order_id,product_id,quantity,unit_price,line_total) VALUES (693,281,51,1,134.96,134.96);
INSERT INTO order_items (item_id,order_id,product_id,quantity,unit_price,line_total) VALUES (694,281,44,1,552.99,552.99);
INSERT INTO order_items (item_id,order_id,product_id,quantity,unit_price,line_total) VALUES (695,281,21,3,482.36,1447.08);
INSERT INTO order_items (item_id,order_id,product_id,quantity,unit_price,line_total) VALUES (696,281,36,2,279.58,559.16);

INSERT INTO orders (order_id,customer_id,order_date,status,total_amount,shipping_address) VALUES (282,52,TO_DATE('2024-03-29','YYYY-MM-DD'),'DELIVERED',1760.93,'194 Vargas Knoll, Agadir');
INSERT INTO order_items (item_id,order_id,product_id,quantity,unit_price,line_total) VALUES (697,282,50,1,157.03,157.03);
INSERT INTO order_items (item_id,order_id,product_id,quantity,unit_price,line_total) VALUES (698,282,47,2,801.95,1603.9);
INSERT INTO payments (payment_id,order_id,payment_date,amount,method,status) VALUES (216,282,TO_DATE('2024-04-01','YYYY-MM-DD'),1760.93,'CREDIT_CARD','COMPLETED');

INSERT INTO orders (order_id,customer_id,order_date,status,total_amount,shipping_address) VALUES (283,48,TO_DATE('2023-06-27','YYYY-MM-DD'),'CONFIRMED',2920.58,'11 Lance Mission, Meknes');
INSERT INTO order_items (item_id,order_id,product_id,quantity,unit_price,line_total) VALUES (699,283,18,1,291.89,291.89);
INSERT INTO order_items (item_id,order_id,product_id,quantity,unit_price,line_total) VALUES (700,283,36,3,279.58,838.74);
INSERT INTO order_items (item_id,order_id,product_id,quantity,unit_price,line_total) VALUES (701,283,17,2,237.31,474.62);
INSERT INTO order_items (item_id,order_id,product_id,quantity,unit_price,line_total) VALUES (702,283,9,1,1315.33,1315.33);
INSERT INTO payments (payment_id,order_id,payment_date,amount,method,status) VALUES (217,283,TO_DATE('2023-06-29','YYYY-MM-DD'),2920.58,'DEBIT_CARD','COMPLETED');

INSERT INTO orders (order_id,customer_id,order_date,status,total_amount,shipping_address) VALUES (284,11,TO_DATE('2023-06-07','YYYY-MM-DD'),'DELIVERED',1004.21,'14 Brian Village, Tetouan');
INSERT INTO order_items (item_id,order_id,product_id,quantity,unit_price,line_total) VALUES (703,284,32,3,180.13,540.39);
INSERT INTO order_items (item_id,order_id,product_id,quantity,unit_price,line_total) VALUES (704,284,51,2,134.96,269.92);
INSERT INTO order_items (item_id,order_id,product_id,quantity,unit_price,line_total) VALUES (705,284,37,1,193.9,193.9);
INSERT INTO payments (payment_id,order_id,payment_date,amount,method,status) VALUES (218,284,TO_DATE('2023-06-09','YYYY-MM-DD'),1004.21,'DEBIT_CARD','PENDING');

INSERT INTO orders (order_id,customer_id,order_date,status,total_amount,shipping_address) VALUES (285,134,TO_DATE('2023-03-11','YYYY-MM-DD'),'SHIPPED',4454.51,'140 Jones Way, Meknes');
INSERT INTO order_items (item_id,order_id,product_id,quantity,unit_price,line_total) VALUES (706,285,6,1,3537.66,3537.66);
INSERT INTO order_items (item_id,order_id,product_id,quantity,unit_price,line_total) VALUES (707,285,23,3,94.41,283.23);
INSERT INTO order_items (item_id,order_id,product_id,quantity,unit_price,line_total) VALUES (708,285,15,2,239.15,478.3);
INSERT INTO order_items (item_id,order_id,product_id,quantity,unit_price,line_total) VALUES (709,285,57,2,77.66,155.32);
INSERT INTO payments (payment_id,order_id,payment_date,amount,method,status) VALUES (219,285,TO_DATE('2023-03-13','YYYY-MM-DD'),4454.51,'CREDIT_CARD','PENDING');

INSERT INTO orders (order_id,customer_id,order_date,status,total_amount,shipping_address) VALUES (286,159,TO_DATE('2024-06-27','YYYY-MM-DD'),'RETURNED',2797.56,'193 Christina Parkways, Kenitra');
INSERT INTO order_items (item_id,order_id,product_id,quantity,unit_price,line_total) VALUES (710,286,8,3,932.52,2797.56);
INSERT INTO payments (payment_id,order_id,payment_date,amount,method,status) VALUES (220,286,TO_DATE('2024-06-29','YYYY-MM-DD'),2797.56,'DEBIT_CARD','REFUNDED');

INSERT INTO orders (order_id,customer_id,order_date,status,total_amount,shipping_address) VALUES (287,165,TO_DATE('2023-09-07','YYYY-MM-DD'),'PENDING',436.54,'98 Ford Plaza, Agadir');
INSERT INTO order_items (item_id,order_id,product_id,quantity,unit_price,line_total) VALUES (711,287,25,2,218.27,436.54);

INSERT INTO orders (order_id,customer_id,order_date,status,total_amount,shipping_address) VALUES (288,139,TO_DATE('2023-10-17','YYYY-MM-DD'),'PENDING',3320.04,'198 Shannon Valleys, Kenitra');
INSERT INTO order_items (item_id,order_id,product_id,quantity,unit_price,line_total) VALUES (712,288,33,2,639.25,1278.5);
INSERT INTO order_items (item_id,order_id,product_id,quantity,unit_price,line_total) VALUES (713,288,52,1,84.36,84.36);
INSERT INTO order_items (item_id,order_id,product_id,quantity,unit_price,line_total) VALUES (714,288,29,2,978.59,1957.18);

INSERT INTO orders (order_id,customer_id,order_date,status,total_amount,shipping_address) VALUES (289,167,TO_DATE('2023-07-17','YYYY-MM-DD'),'DELIVERED',916.08,'22 Marc Mountains, Kenitra');
INSERT INTO order_items (item_id,order_id,product_id,quantity,unit_price,line_total) VALUES (715,289,11,3,305.36,916.08);
INSERT INTO payments (payment_id,order_id,payment_date,amount,method,status) VALUES (221,289,TO_DATE('2023-07-17','YYYY-MM-DD'),916.08,'BANK_TRANSFER','COMPLETED');

INSERT INTO orders (order_id,customer_id,order_date,status,total_amount,shipping_address) VALUES (290,162,TO_DATE('2023-08-07','YYYY-MM-DD'),'CANCELLED',1349.21,'53 Susan Mission, Rabat');
INSERT INTO order_items (item_id,order_id,product_id,quantity,unit_price,line_total) VALUES (716,290,42,3,126.43,379.29);
INSERT INTO order_items (item_id,order_id,product_id,quantity,unit_price,line_total) VALUES (717,290,53,1,179.64,179.64);
INSERT INTO order_items (item_id,order_id,product_id,quantity,unit_price,line_total) VALUES (718,290,5,1,628.32,628.32);
INSERT INTO order_items (item_id,order_id,product_id,quantity,unit_price,line_total) VALUES (719,290,48,2,80.98,161.96);

INSERT INTO orders (order_id,customer_id,order_date,status,total_amount,shipping_address) VALUES (291,184,TO_DATE('2023-12-06','YYYY-MM-DD'),'PENDING',379.7,'19 Lisa Villages, Rabat');
INSERT INTO order_items (item_id,order_id,product_id,quantity,unit_price,line_total) VALUES (720,291,12,2,189.85,379.7);

INSERT INTO orders (order_id,customer_id,order_date,status,total_amount,shipping_address) VALUES (292,143,TO_DATE('2023-03-14','YYYY-MM-DD'),'DELIVERED',4074.86,'105 Haas Corner, Tangier');
INSERT INTO order_items (item_id,order_id,product_id,quantity,unit_price,line_total) VALUES (721,292,29,2,978.59,1957.18);
INSERT INTO order_items (item_id,order_id,product_id,quantity,unit_price,line_total) VALUES (722,292,41,1,258.64,258.64);
INSERT INTO order_items (item_id,order_id,product_id,quantity,unit_price,line_total) VALUES (723,292,26,2,185.7,371.4);
INSERT INTO order_items (item_id,order_id,product_id,quantity,unit_price,line_total) VALUES (724,292,28,3,495.88,1487.64);
INSERT INTO payments (payment_id,order_id,payment_date,amount,method,status) VALUES (222,292,TO_DATE('2023-03-14','YYYY-MM-DD'),4074.86,'DEBIT_CARD','COMPLETED');

INSERT INTO orders (order_id,customer_id,order_date,status,total_amount,shipping_address) VALUES (293,159,TO_DATE('2023-03-06','YYYY-MM-DD'),'PENDING',899.85,'92 Benjamin Station, Rabat');
INSERT INTO order_items (item_id,order_id,product_id,quantity,unit_price,line_total) VALUES (725,293,19,3,299.95,899.85);

INSERT INTO orders (order_id,customer_id,order_date,status,total_amount,shipping_address) VALUES (294,78,TO_DATE('2023-03-30','YYYY-MM-DD'),'DELIVERED',1916.32,'98 Ritter Pine, Oujda');
INSERT INTO order_items (item_id,order_id,product_id,quantity,unit_price,line_total) VALUES (726,294,53,1,179.64,179.64);
INSERT INTO order_items (item_id,order_id,product_id,quantity,unit_price,line_total) VALUES (727,294,43,3,187.29,561.87);
INSERT INTO order_items (item_id,order_id,product_id,quantity,unit_price,line_total) VALUES (728,294,2,1,830.55,830.55);
INSERT INTO order_items (item_id,order_id,product_id,quantity,unit_price,line_total) VALUES (729,294,31,1,344.26,344.26);
INSERT INTO payments (payment_id,order_id,payment_date,amount,method,status) VALUES (223,294,TO_DATE('2023-04-02','YYYY-MM-DD'),1916.32,'CASH_ON_DELIVERY','COMPLETED');

INSERT INTO orders (order_id,customer_id,order_date,status,total_amount,shipping_address) VALUES (295,76,TO_DATE('2023-05-28','YYYY-MM-DD'),'DELIVERED',18263.58,'3 Michael Haven, Agadir');
INSERT INTO order_items (item_id,order_id,product_id,quantity,unit_price,line_total) VALUES (730,295,8,1,932.52,932.52);
INSERT INTO order_items (item_id,order_id,product_id,quantity,unit_price,line_total) VALUES (731,295,3,3,5777.02,17331.06);
INSERT INTO payments (payment_id,order_id,payment_date,amount,method,status) VALUES (224,295,TO_DATE('2023-05-31','YYYY-MM-DD'),18263.58,'DEBIT_CARD','COMPLETED');

INSERT INTO orders (order_id,customer_id,order_date,status,total_amount,shipping_address) VALUES (296,79,TO_DATE('2023-08-04','YYYY-MM-DD'),'DELIVERED',874.91,'106 Ortiz Junction, Fes');
INSERT INTO order_items (item_id,order_id,product_id,quantity,unit_price,line_total) VALUES (732,296,11,1,305.36,305.36);
INSERT INTO order_items (item_id,order_id,product_id,quantity,unit_price,line_total) VALUES (733,296,12,3,189.85,569.55);
INSERT INTO payments (payment_id,order_id,payment_date,amount,method,status) VALUES (225,296,TO_DATE('2023-08-06','YYYY-MM-DD'),874.91,'CREDIT_CARD','COMPLETED');

INSERT INTO orders (order_id,customer_id,order_date,status,total_amount,shipping_address) VALUES (297,146,TO_DATE('2023-02-25','YYYY-MM-DD'),'RETURNED',1527.54,'19 Kristina Rue, Kenitra');
INSERT INTO order_items (item_id,order_id,product_id,quantity,unit_price,line_total) VALUES (734,297,43,1,187.29,187.29);
INSERT INTO order_items (item_id,order_id,product_id,quantity,unit_price,line_total) VALUES (735,297,5,1,628.32,628.32);
INSERT INTO order_items (item_id,order_id,product_id,quantity,unit_price,line_total) VALUES (736,297,17,3,237.31,711.93);
INSERT INTO payments (payment_id,order_id,payment_date,amount,method,status) VALUES (226,297,TO_DATE('2023-02-28','YYYY-MM-DD'),1527.54,'MOBILE_PAYMENT','REFUNDED');

INSERT INTO orders (order_id,customer_id,order_date,status,total_amount,shipping_address) VALUES (298,92,TO_DATE('2023-05-12','YYYY-MM-DD'),'DELIVERED',236.24,'73 Jones Court, Rabat');
INSERT INTO order_items (item_id,order_id,product_id,quantity,unit_price,line_total) VALUES (737,298,58,1,236.24,236.24);
INSERT INTO payments (payment_id,order_id,payment_date,amount,method,status) VALUES (227,298,TO_DATE('2023-05-14','YYYY-MM-DD'),236.24,'DEBIT_CARD','COMPLETED');

INSERT INTO orders (order_id,customer_id,order_date,status,total_amount,shipping_address) VALUES (299,169,TO_DATE('2023-11-10','YYYY-MM-DD'),'SHIPPED',1558.48,'146 Mitchell Stream, Tetouan');
INSERT INTO order_items (item_id,order_id,product_id,quantity,unit_price,line_total) VALUES (738,299,52,1,84.36,84.36);
INSERT INTO order_items (item_id,order_id,product_id,quantity,unit_price,line_total) VALUES (739,299,21,1,482.36,482.36);
INSERT INTO order_items (item_id,order_id,product_id,quantity,unit_price,line_total) VALUES (740,299,28,2,495.88,991.76);
INSERT INTO payments (payment_id,order_id,payment_date,amount,method,status) VALUES (228,299,TO_DATE('2023-11-11','YYYY-MM-DD'),1558.48,'CASH_ON_DELIVERY','COMPLETED');

INSERT INTO orders (order_id,customer_id,order_date,status,total_amount,shipping_address) VALUES (300,165,TO_DATE('2024-03-22','YYYY-MM-DD'),'DELIVERED',1217.14,'35 Mathew Prairie, Agadir');
INSERT INTO order_items (item_id,order_id,product_id,quantity,unit_price,line_total) VALUES (741,300,57,2,77.66,155.32);
INSERT INTO order_items (item_id,order_id,product_id,quantity,unit_price,line_total) VALUES (742,300,31,2,344.26,688.52);
INSERT INTO order_items (item_id,order_id,product_id,quantity,unit_price,line_total) VALUES (743,300,30,2,186.65,373.3);
INSERT INTO payments (payment_id,order_id,payment_date,amount,method,status) VALUES (229,300,TO_DATE('2024-03-25','YYYY-MM-DD'),1217.14,'BANK_TRANSFER','COMPLETED');

INSERT INTO orders (order_id,customer_id,order_date,status,total_amount,shipping_address) VALUES (301,156,TO_DATE('2023-03-25','YYYY-MM-DD'),'DELIVERED',1513.88,'138 Sabrina Inlet, Marrakech');
INSERT INTO order_items (item_id,order_id,product_id,quantity,unit_price,line_total) VALUES (744,301,17,3,237.31,711.93);
INSERT INTO order_items (item_id,order_id,product_id,quantity,unit_price,line_total) VALUES (745,301,47,1,801.95,801.95);
INSERT INTO payments (payment_id,order_id,payment_date,amount,method,status) VALUES (230,301,TO_DATE('2023-03-25','YYYY-MM-DD'),1513.88,'CASH_ON_DELIVERY','COMPLETED');

INSERT INTO orders (order_id,customer_id,order_date,status,total_amount,shipping_address) VALUES (302,162,TO_DATE('2023-02-01','YYYY-MM-DD'),'CANCELLED',559.16,'55 Anderson Station, Tetouan');
INSERT INTO order_items (item_id,order_id,product_id,quantity,unit_price,line_total) VALUES (746,302,36,2,279.58,559.16);

INSERT INTO orders (order_id,customer_id,order_date,status,total_amount,shipping_address) VALUES (303,140,TO_DATE('2024-04-28','YYYY-MM-DD'),'SHIPPED',1179.81,'101 Kyle Lane, Agadir');
INSERT INTO order_items (item_id,order_id,product_id,quantity,unit_price,line_total) VALUES (747,303,58,3,236.24,708.72);
INSERT INTO order_items (item_id,order_id,product_id,quantity,unit_price,line_total) VALUES (748,303,50,3,157.03,471.09);
INSERT INTO payments (payment_id,order_id,payment_date,amount,method,status) VALUES (231,303,TO_DATE('2024-04-30','YYYY-MM-DD'),1179.81,'CREDIT_CARD','COMPLETED');

INSERT INTO orders (order_id,customer_id,order_date,status,total_amount,shipping_address) VALUES (304,24,TO_DATE('2024-02-11','YYYY-MM-DD'),'DELIVERED',610.47,'3 Li Skyway, Kenitra');
INSERT INTO order_items (item_id,order_id,product_id,quantity,unit_price,line_total) VALUES (749,304,55,3,119.13,357.39);
INSERT INTO order_items (item_id,order_id,product_id,quantity,unit_price,line_total) VALUES (750,304,52,3,84.36,253.08);
INSERT INTO payments (payment_id,order_id,payment_date,amount,method,status) VALUES (232,304,TO_DATE('2024-02-12','YYYY-MM-DD'),610.47,'CASH_ON_DELIVERY','COMPLETED');

INSERT INTO orders (order_id,customer_id,order_date,status,total_amount,shipping_address) VALUES (305,41,TO_DATE('2023-07-03','YYYY-MM-DD'),'SHIPPED',478.3,'92 Debbie Manors, Oujda');
INSERT INTO order_items (item_id,order_id,product_id,quantity,unit_price,line_total) VALUES (751,305,15,2,239.15,478.3);
INSERT INTO payments (payment_id,order_id,payment_date,amount,method,status) VALUES (233,305,TO_DATE('2023-07-04','YYYY-MM-DD'),478.3,'CREDIT_CARD','COMPLETED');

INSERT INTO orders (order_id,customer_id,order_date,status,total_amount,shipping_address) VALUES (306,11,TO_DATE('2023-07-31','YYYY-MM-DD'),'DELIVERED',19235.09,'121 Smith Inlet, Meknes');
INSERT INTO order_items (item_id,order_id,product_id,quantity,unit_price,line_total) VALUES (752,306,57,1,77.66,77.66);
INSERT INTO order_items (item_id,order_id,product_id,quantity,unit_price,line_total) VALUES (753,306,3,3,5777.02,17331.06);
INSERT INTO order_items (item_id,order_id,product_id,quantity,unit_price,line_total) VALUES (754,306,42,3,126.43,379.29);
INSERT INTO order_items (item_id,order_id,product_id,quantity,unit_price,line_total) VALUES (755,306,21,3,482.36,1447.08);
INSERT INTO payments (payment_id,order_id,payment_date,amount,method,status) VALUES (234,306,TO_DATE('2023-08-02','YYYY-MM-DD'),19235.09,'CASH_ON_DELIVERY','COMPLETED');

INSERT INTO orders (order_id,customer_id,order_date,status,total_amount,shipping_address) VALUES (307,140,TO_DATE('2023-06-28','YYYY-MM-DD'),'CANCELLED',1625.66,'94 Stephanie Junctions, Meknes');
INSERT INTO order_items (item_id,order_id,product_id,quantity,unit_price,line_total) VALUES (756,307,34,2,812.83,1625.66);

INSERT INTO orders (order_id,customer_id,order_date,status,total_amount,shipping_address) VALUES (308,97,TO_DATE('2023-08-17','YYYY-MM-DD'),'CANCELLED',1541.62,'89 Lee Dam, Agadir');
INSERT INTO order_items (item_id,order_id,product_id,quantity,unit_price,line_total) VALUES (757,308,51,1,134.96,134.96);
INSERT INTO order_items (item_id,order_id,product_id,quantity,unit_price,line_total) VALUES (758,308,31,3,344.26,1032.78);
INSERT INTO order_items (item_id,order_id,product_id,quantity,unit_price,line_total) VALUES (759,308,57,1,77.66,77.66);
INSERT INTO order_items (item_id,order_id,product_id,quantity,unit_price,line_total) VALUES (760,308,39,2,148.11,296.22);

INSERT INTO orders (order_id,customer_id,order_date,status,total_amount,shipping_address) VALUES (309,43,TO_DATE('2023-08-24','YYYY-MM-DD'),'CONFIRMED',1947.67,'165 Chris Vista, Kenitra');
INSERT INTO order_items (item_id,order_id,product_id,quantity,unit_price,line_total) VALUES (761,309,14,1,335.42,335.42);
INSERT INTO order_items (item_id,order_id,product_id,quantity,unit_price,line_total) VALUES (762,309,10,2,521.35,1042.7);
INSERT INTO order_items (item_id,order_id,product_id,quantity,unit_price,line_total) VALUES (763,309,12,3,189.85,569.55);
INSERT INTO payments (payment_id,order_id,payment_date,amount,method,status) VALUES (235,309,TO_DATE('2023-08-24','YYYY-MM-DD'),1947.67,'BANK_TRANSFER','COMPLETED');

INSERT INTO orders (order_id,customer_id,order_date,status,total_amount,shipping_address) VALUES (310,85,TO_DATE('2023-04-27','YYYY-MM-DD'),'RETURNED',2236.6,'123 William Plains, Oujda');
INSERT INTO order_items (item_id,order_id,product_id,quantity,unit_price,line_total) VALUES (764,310,38,3,541.96,1625.88);
INSERT INTO order_items (item_id,order_id,product_id,quantity,unit_price,line_total) VALUES (765,310,11,2,305.36,610.72);
INSERT INTO payments (payment_id,order_id,payment_date,amount,method,status) VALUES (236,310,TO_DATE('2023-04-27','YYYY-MM-DD'),2236.6,'CREDIT_CARD','REFUNDED');

INSERT INTO orders (order_id,customer_id,order_date,status,total_amount,shipping_address) VALUES (311,33,TO_DATE('2023-06-14','YYYY-MM-DD'),'SHIPPED',912.22,'11 Ebony Wells, Kenitra');
INSERT INTO order_items (item_id,order_id,product_id,quantity,unit_price,line_total) VALUES (766,311,4,2,303.43,606.86);
INSERT INTO order_items (item_id,order_id,product_id,quantity,unit_price,line_total) VALUES (767,311,11,1,305.36,305.36);
INSERT INTO payments (payment_id,order_id,payment_date,amount,method,status) VALUES (237,311,TO_DATE('2023-06-17','YYYY-MM-DD'),912.22,'BANK_TRANSFER','COMPLETED');

INSERT INTO orders (order_id,customer_id,order_date,status,total_amount,shipping_address) VALUES (312,5,TO_DATE('2023-10-18','YYYY-MM-DD'),'CONFIRMED',3305.49,'115 Carla Drives, Fes');
INSERT INTO order_items (item_id,order_id,product_id,quantity,unit_price,line_total) VALUES (768,312,56,2,624.95,1249.9);
INSERT INTO order_items (item_id,order_id,product_id,quantity,unit_price,line_total) VALUES (769,312,31,3,344.26,1032.78);
INSERT INTO order_items (item_id,order_id,product_id,quantity,unit_price,line_total) VALUES (770,312,11,1,305.36,305.36);
INSERT INTO order_items (item_id,order_id,product_id,quantity,unit_price,line_total) VALUES (771,312,15,3,239.15,717.45);
INSERT INTO payments (payment_id,order_id,payment_date,amount,method,status) VALUES (238,312,TO_DATE('2023-10-19','YYYY-MM-DD'),3305.49,'BANK_TRANSFER','COMPLETED');

INSERT INTO orders (order_id,customer_id,order_date,status,total_amount,shipping_address) VALUES (313,43,TO_DATE('2023-12-17','YYYY-MM-DD'),'RETURNED',478.3,'152 Henry Square, Tetouan');
INSERT INTO order_items (item_id,order_id,product_id,quantity,unit_price,line_total) VALUES (772,313,15,2,239.15,478.3);
INSERT INTO payments (payment_id,order_id,payment_date,amount,method,status) VALUES (239,313,TO_DATE('2023-12-20','YYYY-MM-DD'),478.3,'CREDIT_CARD','REFUNDED');

INSERT INTO orders (order_id,customer_id,order_date,status,total_amount,shipping_address) VALUES (314,5,TO_DATE('2023-07-27','YYYY-MM-DD'),'CANCELLED',379.7,'156 Jennifer Cape, Marrakech');
INSERT INTO order_items (item_id,order_id,product_id,quantity,unit_price,line_total) VALUES (773,314,12,2,189.85,379.7);

INSERT INTO orders (order_id,customer_id,order_date,status,total_amount,shipping_address) VALUES (315,158,TO_DATE('2023-02-09','YYYY-MM-DD'),'CONFIRMED',856.83,'124 Diaz Stravenue, Rabat');
INSERT INTO order_items (item_id,order_id,product_id,quantity,unit_price,line_total) VALUES (774,315,58,3,236.24,708.72);
INSERT INTO order_items (item_id,order_id,product_id,quantity,unit_price,line_total) VALUES (775,315,39,1,148.11,148.11);
INSERT INTO payments (payment_id,order_id,payment_date,amount,method,status) VALUES (240,315,TO_DATE('2023-02-12','YYYY-MM-DD'),856.83,'DEBIT_CARD','COMPLETED');

INSERT INTO orders (order_id,customer_id,order_date,status,total_amount,shipping_address) VALUES (316,12,TO_DATE('2024-06-26','YYYY-MM-DD'),'CANCELLED',2155.43,'124 Tara Ridge, Fes');
INSERT INTO order_items (item_id,order_id,product_id,quantity,unit_price,line_total) VALUES (776,316,23,3,94.41,283.23);
INSERT INTO order_items (item_id,order_id,product_id,quantity,unit_price,line_total) VALUES (777,316,38,3,541.96,1625.88);
INSERT INTO order_items (item_id,order_id,product_id,quantity,unit_price,line_total) VALUES (778,316,52,1,84.36,84.36);
INSERT INTO order_items (item_id,order_id,product_id,quantity,unit_price,line_total) VALUES (779,316,48,2,80.98,161.96);

INSERT INTO orders (order_id,customer_id,order_date,status,total_amount,shipping_address) VALUES (317,35,TO_DATE('2023-09-18','YYYY-MM-DD'),'RETURNED',879.84,'22 Goodwin Tunnel, Fes');
INSERT INTO order_items (item_id,order_id,product_id,quantity,unit_price,line_total) VALUES (780,317,39,2,148.11,296.22);
INSERT INTO order_items (item_id,order_id,product_id,quantity,unit_price,line_total) VALUES (781,317,57,2,77.66,155.32);
INSERT INTO order_items (item_id,order_id,product_id,quantity,unit_price,line_total) VALUES (782,317,35,1,428.3,428.3);
INSERT INTO payments (payment_id,order_id,payment_date,amount,method,status) VALUES (241,317,TO_DATE('2023-09-18','YYYY-MM-DD'),879.84,'BANK_TRANSFER','REFUNDED');

INSERT INTO orders (order_id,customer_id,order_date,status,total_amount,shipping_address) VALUES (318,2,TO_DATE('2024-06-19','YYYY-MM-DD'),'CONFIRMED',1708.1,'2 Young Garden, Kenitra');
INSERT INTO order_items (item_id,order_id,product_id,quantity,unit_price,line_total) VALUES (783,318,42,2,126.43,252.86);
INSERT INTO order_items (item_id,order_id,product_id,quantity,unit_price,line_total) VALUES (784,318,14,2,335.42,670.84);
INSERT INTO order_items (item_id,order_id,product_id,quantity,unit_price,line_total) VALUES (785,318,45,2,350.02,700.04);
INSERT INTO order_items (item_id,order_id,product_id,quantity,unit_price,line_total) VALUES (786,318,52,1,84.36,84.36);
INSERT INTO payments (payment_id,order_id,payment_date,amount,method,status) VALUES (242,318,TO_DATE('2024-06-20','YYYY-MM-DD'),1708.1,'DEBIT_CARD','COMPLETED');

INSERT INTO orders (order_id,customer_id,order_date,status,total_amount,shipping_address) VALUES (319,67,TO_DATE('2024-03-09','YYYY-MM-DD'),'DELIVERED',2629.32,'71 Sheppard Tunnel, Tetouan');
INSERT INTO order_items (item_id,order_id,product_id,quantity,unit_price,line_total) VALUES (787,319,49,3,218.33,654.99);
INSERT INTO order_items (item_id,order_id,product_id,quantity,unit_price,line_total) VALUES (788,319,14,2,335.42,670.84);
INSERT INTO order_items (item_id,order_id,product_id,quantity,unit_price,line_total) VALUES (789,319,27,1,744.33,744.33);
INSERT INTO order_items (item_id,order_id,product_id,quantity,unit_price,line_total) VALUES (790,319,36,2,279.58,559.16);
INSERT INTO payments (payment_id,order_id,payment_date,amount,method,status) VALUES (243,319,TO_DATE('2024-03-12','YYYY-MM-DD'),2629.32,'CREDIT_CARD','COMPLETED');

INSERT INTO orders (order_id,customer_id,order_date,status,total_amount,shipping_address) VALUES (320,89,TO_DATE('2024-02-12','YYYY-MM-DD'),'SHIPPED',3070.73,'192 Mckee Fields, Rabat');
INSERT INTO order_items (item_id,order_id,product_id,quantity,unit_price,line_total) VALUES (791,320,29,3,978.59,2935.77);
INSERT INTO order_items (item_id,order_id,product_id,quantity,unit_price,line_total) VALUES (792,320,51,1,134.96,134.96);
INSERT INTO payments (payment_id,order_id,payment_date,amount,method,status) VALUES (244,320,TO_DATE('2024-02-12','YYYY-MM-DD'),3070.73,'CREDIT_CARD','COMPLETED');

INSERT INTO orders (order_id,customer_id,order_date,status,total_amount,shipping_address) VALUES (321,87,TO_DATE('2023-02-23','YYYY-MM-DD'),'SHIPPED',84.36,'163 Gregory Ports, Meknes');
INSERT INTO order_items (item_id,order_id,product_id,quantity,unit_price,line_total) VALUES (793,321,52,1,84.36,84.36);
INSERT INTO payments (payment_id,order_id,payment_date,amount,method,status) VALUES (245,321,TO_DATE('2023-02-24','YYYY-MM-DD'),84.36,'DEBIT_CARD','COMPLETED');

INSERT INTO orders (order_id,customer_id,order_date,status,total_amount,shipping_address) VALUES (322,23,TO_DATE('2023-03-07','YYYY-MM-DD'),'DELIVERED',148.11,'95 Murray Haven, Fes');
INSERT INTO order_items (item_id,order_id,product_id,quantity,unit_price,line_total) VALUES (794,322,39,1,148.11,148.11);
INSERT INTO payments (payment_id,order_id,payment_date,amount,method,status) VALUES (246,322,TO_DATE('2023-03-10','YYYY-MM-DD'),148.11,'MOBILE_PAYMENT','COMPLETED');

INSERT INTO orders (order_id,customer_id,order_date,status,total_amount,shipping_address) VALUES (323,168,TO_DATE('2024-06-17','YYYY-MM-DD'),'DELIVERED',697.41,'15 Shaw Manor, Tetouan');
INSERT INTO order_items (item_id,order_id,product_id,quantity,unit_price,line_total) VALUES (795,323,41,2,258.64,517.28);
INSERT INTO order_items (item_id,order_id,product_id,quantity,unit_price,line_total) VALUES (796,323,32,1,180.13,180.13);
INSERT INTO payments (payment_id,order_id,payment_date,amount,method,status) VALUES (247,323,TO_DATE('2024-06-18','YYYY-MM-DD'),697.41,'CASH_ON_DELIVERY','COMPLETED');

INSERT INTO orders (order_id,customer_id,order_date,status,total_amount,shipping_address) VALUES (324,133,TO_DATE('2023-10-20','YYYY-MM-DD'),'DELIVERED',705.53,'154 Lisa Unions, Casablanca');
INSERT INTO order_items (item_id,order_id,product_id,quantity,unit_price,line_total) VALUES (797,324,40,3,133.39,400.17);
INSERT INTO order_items (item_id,order_id,product_id,quantity,unit_price,line_total) VALUES (798,324,11,1,305.36,305.36);
INSERT INTO payments (payment_id,order_id,payment_date,amount,method,status) VALUES (248,324,TO_DATE('2023-10-22','YYYY-MM-DD'),705.53,'CREDIT_CARD','COMPLETED');

INSERT INTO orders (order_id,customer_id,order_date,status,total_amount,shipping_address) VALUES (325,41,TO_DATE('2023-03-30','YYYY-MM-DD'),'DELIVERED',3283.57,'91 Monique Center, Meknes');
INSERT INTO order_items (item_id,order_id,product_id,quantity,unit_price,line_total) VALUES (799,325,26,1,185.7,185.7);
INSERT INTO order_items (item_id,order_id,product_id,quantity,unit_price,line_total) VALUES (800,325,38,3,541.96,1625.88);
INSERT INTO order_items (item_id,order_id,product_id,quantity,unit_price,line_total) VALUES (801,325,13,3,219.72,659.16);
INSERT INTO order_items (item_id,order_id,product_id,quantity,unit_price,line_total) VALUES (802,325,34,1,812.83,812.83);
INSERT INTO payments (payment_id,order_id,payment_date,amount,method,status) VALUES (249,325,TO_DATE('2023-03-30','YYYY-MM-DD'),3283.57,'DEBIT_CARD','COMPLETED');

INSERT INTO orders (order_id,customer_id,order_date,status,total_amount,shipping_address) VALUES (326,144,TO_DATE('2023-12-23','YYYY-MM-DD'),'DELIVERED',595.99,'58 Sawyer Plaza, Tangier');
INSERT INTO order_items (item_id,order_id,product_id,quantity,unit_price,line_total) VALUES (803,326,30,2,186.65,373.3);
INSERT INTO order_items (item_id,order_id,product_id,quantity,unit_price,line_total) VALUES (804,326,60,3,74.23,222.69);
INSERT INTO payments (payment_id,order_id,payment_date,amount,method,status) VALUES (250,326,TO_DATE('2023-12-23','YYYY-MM-DD'),595.99,'CREDIT_CARD','COMPLETED');

INSERT INTO orders (order_id,customer_id,order_date,status,total_amount,shipping_address) VALUES (327,28,TO_DATE('2023-03-16','YYYY-MM-DD'),'DELIVERED',1628.5,'30 Jennifer Path, Agadir');
INSERT INTO order_items (item_id,order_id,product_id,quantity,unit_price,line_total) VALUES (805,327,57,3,77.66,232.98);
INSERT INTO order_items (item_id,order_id,product_id,quantity,unit_price,line_total) VALUES (806,327,35,2,428.3,856.6);
INSERT INTO order_items (item_id,order_id,product_id,quantity,unit_price,line_total) VALUES (807,327,53,3,179.64,538.92);
INSERT INTO payments (payment_id,order_id,payment_date,amount,method,status) VALUES (251,327,TO_DATE('2023-03-19','YYYY-MM-DD'),1628.5,'MOBILE_PAYMENT','COMPLETED');

INSERT INTO orders (order_id,customer_id,order_date,status,total_amount,shipping_address) VALUES (328,198,TO_DATE('2023-09-07','YYYY-MM-DD'),'DELIVERED',3094.89,'175 Justin Track, Oujda');
INSERT INTO order_items (item_id,order_id,product_id,quantity,unit_price,line_total) VALUES (808,328,58,2,236.24,472.48);
INSERT INTO order_items (item_id,order_id,product_id,quantity,unit_price,line_total) VALUES (809,328,38,1,541.96,541.96);
INSERT INTO order_items (item_id,order_id,product_id,quantity,unit_price,line_total) VALUES (810,328,56,2,624.95,1249.9);
INSERT INTO order_items (item_id,order_id,product_id,quantity,unit_price,line_total) VALUES (811,328,2,1,830.55,830.55);
INSERT INTO payments (payment_id,order_id,payment_date,amount,method,status) VALUES (252,328,TO_DATE('2023-09-10','YYYY-MM-DD'),3094.89,'BANK_TRANSFER','PENDING');

INSERT INTO orders (order_id,customer_id,order_date,status,total_amount,shipping_address) VALUES (329,174,TO_DATE('2023-08-24','YYYY-MM-DD'),'DELIVERED',700.04,'91 Joshua Passage, Meknes');
INSERT INTO order_items (item_id,order_id,product_id,quantity,unit_price,line_total) VALUES (812,329,45,2,350.02,700.04);
INSERT INTO payments (payment_id,order_id,payment_date,amount,method,status) VALUES (253,329,TO_DATE('2023-08-25','YYYY-MM-DD'),700.04,'CREDIT_CARD','COMPLETED');

INSERT INTO orders (order_id,customer_id,order_date,status,total_amount,shipping_address) VALUES (330,192,TO_DATE('2023-12-17','YYYY-MM-DD'),'CONFIRMED',2680.04,'46 Mariah Course, Kenitra');
INSERT INTO order_items (item_id,order_id,product_id,quantity,unit_price,line_total) VALUES (813,330,21,3,482.36,1447.08);
INSERT INTO order_items (item_id,order_id,product_id,quantity,unit_price,line_total) VALUES (814,330,23,2,94.41,188.82);
INSERT INTO order_items (item_id,order_id,product_id,quantity,unit_price,line_total) VALUES (815,330,14,1,335.42,335.42);
INSERT INTO order_items (item_id,order_id,product_id,quantity,unit_price,line_total) VALUES (816,330,58,3,236.24,708.72);
INSERT INTO payments (payment_id,order_id,payment_date,amount,method,status) VALUES (254,330,TO_DATE('2023-12-18','YYYY-MM-DD'),2680.04,'DEBIT_CARD','COMPLETED');

INSERT INTO orders (order_id,customer_id,order_date,status,total_amount,shipping_address) VALUES (331,189,TO_DATE('2023-09-05','YYYY-MM-DD'),'DELIVERED',926.94,'59 Lisa Keys, Fes');
INSERT INTO order_items (item_id,order_id,product_id,quantity,unit_price,line_total) VALUES (817,331,54,3,196.62,589.86);
INSERT INTO order_items (item_id,order_id,product_id,quantity,unit_price,line_total) VALUES (818,331,16,2,168.54,337.08);
INSERT INTO payments (payment_id,order_id,payment_date,amount,method,status) VALUES (255,331,TO_DATE('2023-09-06','YYYY-MM-DD'),926.94,'CASH_ON_DELIVERY','COMPLETED');

INSERT INTO orders (order_id,customer_id,order_date,status,total_amount,shipping_address) VALUES (332,21,TO_DATE('2024-05-19','YYYY-MM-DD'),'PENDING',2619.31,'11 Robert Locks, Kenitra');
INSERT INTO order_items (item_id,order_id,product_id,quantity,unit_price,line_total) VALUES (819,332,24,3,402.56,1207.68);
INSERT INTO order_items (item_id,order_id,product_id,quantity,unit_price,line_total) VALUES (820,332,40,2,133.39,266.78);
INSERT INTO order_items (item_id,order_id,product_id,quantity,unit_price,line_total) VALUES (821,332,21,2,482.36,964.72);
INSERT INTO order_items (item_id,order_id,product_id,quantity,unit_price,line_total) VALUES (822,332,32,1,180.13,180.13);

INSERT INTO orders (order_id,customer_id,order_date,status,total_amount,shipping_address) VALUES (333,196,TO_DATE('2024-06-07','YYYY-MM-DD'),'DELIVERED',2232.52,'57 Young Common, Meknes');
INSERT INTO order_items (item_id,order_id,product_id,quantity,unit_price,line_total) VALUES (823,333,4,2,303.43,606.86);
INSERT INTO order_items (item_id,order_id,product_id,quantity,unit_price,line_total) VALUES (824,333,34,2,812.83,1625.66);
INSERT INTO payments (payment_id,order_id,payment_date,amount,method,status) VALUES (256,333,TO_DATE('2024-06-07','YYYY-MM-DD'),2232.52,'DEBIT_CARD','COMPLETED');

INSERT INTO orders (order_id,customer_id,order_date,status,total_amount,shipping_address) VALUES (334,176,TO_DATE('2023-06-28','YYYY-MM-DD'),'RETURNED',26278.45,'179 Walker Island, Rabat');
INSERT INTO order_items (item_id,order_id,product_id,quantity,unit_price,line_total) VALUES (825,334,21,1,482.36,482.36);
INSERT INTO order_items (item_id,order_id,product_id,quantity,unit_price,line_total) VALUES (826,334,45,2,350.02,700.04);
INSERT INTO order_items (item_id,order_id,product_id,quantity,unit_price,line_total) VALUES (827,334,1,3,8181.02,24543.06);
INSERT INTO order_items (item_id,order_id,product_id,quantity,unit_price,line_total) VALUES (828,334,44,1,552.99,552.99);
INSERT INTO payments (payment_id,order_id,payment_date,amount,method,status) VALUES (257,334,TO_DATE('2023-06-30','YYYY-MM-DD'),26278.45,'DEBIT_CARD','REFUNDED');

INSERT INTO orders (order_id,customer_id,order_date,status,total_amount,shipping_address) VALUES (335,67,TO_DATE('2023-07-11','YYYY-MM-DD'),'DELIVERED',1656.52,'69 Mary Run, Fes');
INSERT INTO order_items (item_id,order_id,product_id,quantity,unit_price,line_total) VALUES (829,335,40,2,133.39,266.78);
INSERT INTO order_items (item_id,order_id,product_id,quantity,unit_price,line_total) VALUES (830,335,22,2,303.74,607.48);
INSERT INTO order_items (item_id,order_id,product_id,quantity,unit_price,line_total) VALUES (831,335,24,1,402.56,402.56);
INSERT INTO order_items (item_id,order_id,product_id,quantity,unit_price,line_total) VALUES (832,335,12,2,189.85,379.7);
INSERT INTO payments (payment_id,order_id,payment_date,amount,method,status) VALUES (258,335,TO_DATE('2023-07-13','YYYY-MM-DD'),1656.52,'DEBIT_CARD','COMPLETED');

INSERT INTO orders (order_id,customer_id,order_date,status,total_amount,shipping_address) VALUES (336,116,TO_DATE('2023-07-04','YYYY-MM-DD'),'SHIPPED',1419.08,'176 Moody Dam, Tetouan');
INSERT INTO order_items (item_id,order_id,product_id,quantity,unit_price,line_total) VALUES (833,336,53,3,179.64,538.92);
INSERT INTO order_items (item_id,order_id,product_id,quantity,unit_price,line_total) VALUES (834,336,7,2,440.08,880.16);
INSERT INTO payments (payment_id,order_id,payment_date,amount,method,status) VALUES (259,336,TO_DATE('2023-07-05','YYYY-MM-DD'),1419.08,'BANK_TRANSFER','COMPLETED');

INSERT INTO orders (order_id,customer_id,order_date,status,total_amount,shipping_address) VALUES (337,51,TO_DATE('2023-05-30','YYYY-MM-DD'),'SHIPPED',1284.72,'3 Justin Village, Oujda');
INSERT INTO order_items (item_id,order_id,product_id,quantity,unit_price,line_total) VALUES (835,337,27,1,744.33,744.33);
INSERT INTO order_items (item_id,order_id,product_id,quantity,unit_price,line_total) VALUES (836,337,32,3,180.13,540.39);
INSERT INTO payments (payment_id,order_id,payment_date,amount,method,status) VALUES (260,337,TO_DATE('2023-06-01','YYYY-MM-DD'),1284.72,'CASH_ON_DELIVERY','COMPLETED');

INSERT INTO orders (order_id,customer_id,order_date,status,total_amount,shipping_address) VALUES (338,144,TO_DATE('2023-02-18','YYYY-MM-DD'),'CANCELLED',1277.7,'177 Horton Dam, Rabat');
INSERT INTO order_items (item_id,order_id,product_id,quantity,unit_price,line_total) VALUES (837,338,4,2,303.43,606.86);
INSERT INTO order_items (item_id,order_id,product_id,quantity,unit_price,line_total) VALUES (838,338,14,2,335.42,670.84);

INSERT INTO orders (order_id,customer_id,order_date,status,total_amount,shipping_address) VALUES (339,162,TO_DATE('2023-04-09','YYYY-MM-DD'),'RETURNED',1438.51,'67 West Avenue, Agadir');
INSERT INTO order_items (item_id,order_id,product_id,quantity,unit_price,line_total) VALUES (839,339,24,2,402.56,805.12);
INSERT INTO order_items (item_id,order_id,product_id,quantity,unit_price,line_total) VALUES (840,339,36,2,279.58,559.16);
INSERT INTO order_items (item_id,order_id,product_id,quantity,unit_price,line_total) VALUES (841,339,60,1,74.23,74.23);
INSERT INTO payments (payment_id,order_id,payment_date,amount,method,status) VALUES (261,339,TO_DATE('2023-04-12','YYYY-MM-DD'),1438.51,'CREDIT_CARD','REFUNDED');

INSERT INTO orders (order_id,customer_id,order_date,status,total_amount,shipping_address) VALUES (340,174,TO_DATE('2023-07-23','YYYY-MM-DD'),'SHIPPED',3117.6,'91 Andrew Forge, Tangier');
INSERT INTO order_items (item_id,order_id,product_id,quantity,unit_price,line_total) VALUES (842,340,44,3,552.99,1658.97);
INSERT INTO order_items (item_id,order_id,product_id,quantity,unit_price,line_total) VALUES (843,340,33,2,639.25,1278.5);
INSERT INTO order_items (item_id,order_id,product_id,quantity,unit_price,line_total) VALUES (844,340,32,1,180.13,180.13);
INSERT INTO payments (payment_id,order_id,payment_date,amount,method,status) VALUES (262,340,TO_DATE('2023-07-26','YYYY-MM-DD'),3117.6,'BANK_TRANSFER','COMPLETED');

INSERT INTO orders (order_id,customer_id,order_date,status,total_amount,shipping_address) VALUES (341,38,TO_DATE('2023-06-21','YYYY-MM-DD'),'DELIVERED',8008.51,'162 Ana Stream, Meknes');
INSERT INTO order_items (item_id,order_id,product_id,quantity,unit_price,line_total) VALUES (845,341,55,1,119.13,119.13);
INSERT INTO order_items (item_id,order_id,product_id,quantity,unit_price,line_total) VALUES (846,341,59,2,92.87,185.74);
INSERT INTO order_items (item_id,order_id,product_id,quantity,unit_price,line_total) VALUES (847,341,5,1,628.32,628.32);
INSERT INTO order_items (item_id,order_id,product_id,quantity,unit_price,line_total) VALUES (848,341,6,2,3537.66,7075.32);
INSERT INTO payments (payment_id,order_id,payment_date,amount,method,status) VALUES (263,341,TO_DATE('2023-06-23','YYYY-MM-DD'),8008.51,'BANK_TRANSFER','COMPLETED');

INSERT INTO orders (order_id,customer_id,order_date,status,total_amount,shipping_address) VALUES (342,155,TO_DATE('2024-02-09','YYYY-MM-DD'),'DELIVERED',2058.71,'200 Rodriguez Heights, Oujda');
INSERT INTO order_items (item_id,order_id,product_id,quantity,unit_price,line_total) VALUES (849,342,48,2,80.98,161.96);
INSERT INTO order_items (item_id,order_id,product_id,quantity,unit_price,line_total) VALUES (850,342,38,2,541.96,1083.92);
INSERT INTO order_items (item_id,order_id,product_id,quantity,unit_price,line_total) VALUES (851,342,34,1,812.83,812.83);
INSERT INTO payments (payment_id,order_id,payment_date,amount,method,status) VALUES (264,342,TO_DATE('2024-02-10','YYYY-MM-DD'),2058.71,'CASH_ON_DELIVERY','COMPLETED');

INSERT INTO orders (order_id,customer_id,order_date,status,total_amount,shipping_address) VALUES (343,61,TO_DATE('2023-09-15','YYYY-MM-DD'),'CONFIRMED',2917.01,'43 Kevin Causeway, Fes');
INSERT INTO order_items (item_id,order_id,product_id,quantity,unit_price,line_total) VALUES (852,343,7,2,440.08,880.16);
INSERT INTO order_items (item_id,order_id,product_id,quantity,unit_price,line_total) VALUES (853,343,5,3,628.32,1884.96);
INSERT INTO order_items (item_id,order_id,product_id,quantity,unit_price,line_total) VALUES (854,343,60,1,74.23,74.23);
INSERT INTO order_items (item_id,order_id,product_id,quantity,unit_price,line_total) VALUES (855,343,57,1,77.66,77.66);
INSERT INTO payments (payment_id,order_id,payment_date,amount,method,status) VALUES (265,343,TO_DATE('2023-09-18','YYYY-MM-DD'),2917.01,'DEBIT_CARD','PENDING');

INSERT INTO orders (order_id,customer_id,order_date,status,total_amount,shipping_address) VALUES (344,27,TO_DATE('2023-09-26','YYYY-MM-DD'),'SHIPPED',1346.9,'168 Robert Underpass, Rabat');
INSERT INTO order_items (item_id,order_id,product_id,quantity,unit_price,line_total) VALUES (856,344,20,2,141.0,282.0);
INSERT INTO order_items (item_id,order_id,product_id,quantity,unit_price,line_total) VALUES (857,344,15,2,239.15,478.3);
INSERT INTO order_items (item_id,order_id,product_id,quantity,unit_price,line_total) VALUES (858,344,16,3,168.54,505.62);
INSERT INTO order_items (item_id,order_id,product_id,quantity,unit_price,line_total) VALUES (859,344,48,1,80.98,80.98);
INSERT INTO payments (payment_id,order_id,payment_date,amount,method,status) VALUES (266,344,TO_DATE('2023-09-27','YYYY-MM-DD'),1346.9,'DEBIT_CARD','COMPLETED');

INSERT INTO orders (order_id,customer_id,order_date,status,total_amount,shipping_address) VALUES (345,9,TO_DATE('2024-01-01','YYYY-MM-DD'),'DELIVERED',5089.84,'120 Brown Villages, Oujda');
INSERT INTO order_items (item_id,order_id,product_id,quantity,unit_price,line_total) VALUES (860,345,36,3,279.58,838.74);
INSERT INTO order_items (item_id,order_id,product_id,quantity,unit_price,line_total) VALUES (861,345,29,3,978.59,2935.77);
INSERT INTO order_items (item_id,order_id,product_id,quantity,unit_price,line_total) VALUES (862,345,9,1,1315.33,1315.33);
INSERT INTO payments (payment_id,order_id,payment_date,amount,method,status) VALUES (267,345,TO_DATE('2024-01-04','YYYY-MM-DD'),5089.84,'BANK_TRANSFER','COMPLETED');

INSERT INTO orders (order_id,customer_id,order_date,status,total_amount,shipping_address) VALUES (346,145,TO_DATE('2024-03-21','YYYY-MM-DD'),'DELIVERED',7244.04,'124 Carlson Brook, Agadir');
INSERT INTO order_items (item_id,order_id,product_id,quantity,unit_price,line_total) VALUES (863,346,52,2,84.36,168.72);
INSERT INTO order_items (item_id,order_id,product_id,quantity,unit_price,line_total) VALUES (864,346,6,2,3537.66,7075.32);
INSERT INTO payments (payment_id,order_id,payment_date,amount,method,status) VALUES (268,346,TO_DATE('2024-03-23','YYYY-MM-DD'),7244.04,'DEBIT_CARD','COMPLETED');

INSERT INTO orders (order_id,customer_id,order_date,status,total_amount,shipping_address) VALUES (347,3,TO_DATE('2023-01-01','YYYY-MM-DD'),'SHIPPED',17992.91,'74 Jennifer Highway, Agadir');
INSERT INTO order_items (item_id,order_id,product_id,quantity,unit_price,line_total) VALUES (865,347,35,2,428.3,856.6);
INSERT INTO order_items (item_id,order_id,product_id,quantity,unit_price,line_total) VALUES (866,347,1,2,8181.02,16362.04);
INSERT INTO order_items (item_id,order_id,product_id,quantity,unit_price,line_total) VALUES (867,347,45,2,350.02,700.04);
INSERT INTO order_items (item_id,order_id,product_id,quantity,unit_price,line_total) VALUES (868,347,60,1,74.23,74.23);
INSERT INTO payments (payment_id,order_id,payment_date,amount,method,status) VALUES (269,347,TO_DATE('2023-01-04','YYYY-MM-DD'),17992.91,'CASH_ON_DELIVERY','COMPLETED');

INSERT INTO orders (order_id,customer_id,order_date,status,total_amount,shipping_address) VALUES (348,2,TO_DATE('2024-01-18','YYYY-MM-DD'),'DELIVERED',1873.12,'144 Smith Knoll, Meknes');
INSERT INTO order_items (item_id,order_id,product_id,quantity,unit_price,line_total) VALUES (869,348,26,3,185.7,557.1);
INSERT INTO order_items (item_id,order_id,product_id,quantity,unit_price,line_total) VALUES (870,348,16,3,168.54,505.62);
INSERT INTO order_items (item_id,order_id,product_id,quantity,unit_price,line_total) VALUES (871,348,11,2,305.36,610.72);
INSERT INTO order_items (item_id,order_id,product_id,quantity,unit_price,line_total) VALUES (872,348,46,2,99.84,199.68);
INSERT INTO payments (payment_id,order_id,payment_date,amount,method,status) VALUES (270,348,TO_DATE('2024-01-19','YYYY-MM-DD'),1873.12,'CREDIT_CARD','COMPLETED');

INSERT INTO orders (order_id,customer_id,order_date,status,total_amount,shipping_address) VALUES (349,62,TO_DATE('2024-06-13','YYYY-MM-DD'),'DELIVERED',1083.18,'167 Ashley Ferry, Tangier');
INSERT INTO order_items (item_id,order_id,product_id,quantity,unit_price,line_total) VALUES (873,349,27,1,744.33,744.33);
INSERT INTO order_items (item_id,order_id,product_id,quantity,unit_price,line_total) VALUES (874,349,13,1,219.72,219.72);
INSERT INTO order_items (item_id,order_id,product_id,quantity,unit_price,line_total) VALUES (875,349,55,1,119.13,119.13);
INSERT INTO payments (payment_id,order_id,payment_date,amount,method,status) VALUES (271,349,TO_DATE('2024-06-15','YYYY-MM-DD'),1083.18,'CREDIT_CARD','COMPLETED');

INSERT INTO orders (order_id,customer_id,order_date,status,total_amount,shipping_address) VALUES (350,116,TO_DATE('2023-10-06','YYYY-MM-DD'),'RETURNED',521.35,'83 Alexandra Lake, Fes');
INSERT INTO order_items (item_id,order_id,product_id,quantity,unit_price,line_total) VALUES (876,350,10,1,521.35,521.35);
INSERT INTO payments (payment_id,order_id,payment_date,amount,method,status) VALUES (272,350,TO_DATE('2023-10-06','YYYY-MM-DD'),521.35,'CREDIT_CARD','REFUNDED');

INSERT INTO orders (order_id,customer_id,order_date,status,total_amount,shipping_address) VALUES (351,27,TO_DATE('2023-10-16','YYYY-MM-DD'),'DELIVERED',12998.93,'184 Stephanie Plains, Marrakech');
INSERT INTO order_items (item_id,order_id,product_id,quantity,unit_price,line_total) VALUES (877,351,47,1,801.95,801.95);
INSERT INTO order_items (item_id,order_id,product_id,quantity,unit_price,line_total) VALUES (878,351,1,1,8181.02,8181.02);
INSERT INTO order_items (item_id,order_id,product_id,quantity,unit_price,line_total) VALUES (879,351,15,2,239.15,478.3);
INSERT INTO order_items (item_id,order_id,product_id,quantity,unit_price,line_total) VALUES (880,351,6,1,3537.66,3537.66);
INSERT INTO payments (payment_id,order_id,payment_date,amount,method,status) VALUES (273,351,TO_DATE('2023-10-18','YYYY-MM-DD'),12998.93,'DEBIT_CARD','COMPLETED');

INSERT INTO orders (order_id,customer_id,order_date,status,total_amount,shipping_address) VALUES (352,128,TO_DATE('2024-01-16','YYYY-MM-DD'),'RETURNED',196.62,'85 Peter Mountains, Casablanca');
INSERT INTO order_items (item_id,order_id,product_id,quantity,unit_price,line_total) VALUES (881,352,54,1,196.62,196.62);
INSERT INTO payments (payment_id,order_id,payment_date,amount,method,status) VALUES (274,352,TO_DATE('2024-01-16','YYYY-MM-DD'),196.62,'CREDIT_CARD','REFUNDED');

INSERT INTO orders (order_id,customer_id,order_date,status,total_amount,shipping_address) VALUES (353,101,TO_DATE('2023-03-15','YYYY-MM-DD'),'RETURNED',987.77,'50 Cynthia Landing, Marrakech');
INSERT INTO order_items (item_id,order_id,product_id,quantity,unit_price,line_total) VALUES (882,353,53,1,179.64,179.64);
INSERT INTO order_items (item_id,order_id,product_id,quantity,unit_price,line_total) VALUES (883,353,25,1,218.27,218.27);
INSERT INTO order_items (item_id,order_id,product_id,quantity,unit_price,line_total) VALUES (884,353,54,3,196.62,589.86);
INSERT INTO payments (payment_id,order_id,payment_date,amount,method,status) VALUES (275,353,TO_DATE('2023-03-16','YYYY-MM-DD'),987.77,'DEBIT_CARD','REFUNDED');

INSERT INTO orders (order_id,customer_id,order_date,status,total_amount,shipping_address) VALUES (354,114,TO_DATE('2023-09-11','YYYY-MM-DD'),'PENDING',2438.49,'118 Burgess Knolls, Fes');
INSERT INTO order_items (item_id,order_id,product_id,quantity,unit_price,line_total) VALUES (885,354,34,3,812.83,2438.49);

INSERT INTO orders (order_id,customer_id,order_date,status,total_amount,shipping_address) VALUES (355,54,TO_DATE('2024-04-29','YYYY-MM-DD'),'CANCELLED',2664.49,'83 Michael Street, Tangier');
INSERT INTO order_items (item_id,order_id,product_id,quantity,unit_price,line_total) VALUES (886,355,41,1,258.64,258.64);
INSERT INTO order_items (item_id,order_id,product_id,quantity,unit_price,line_total) VALUES (887,355,47,3,801.95,2405.85);

INSERT INTO orders (order_id,customer_id,order_date,status,total_amount,shipping_address) VALUES (356,141,TO_DATE('2024-06-17','YYYY-MM-DD'),'CONFIRMED',1505.06,'124 Kelsey Street, Tangier');
INSERT INTO order_items (item_id,order_id,product_id,quantity,unit_price,line_total) VALUES (888,356,13,1,219.72,219.72);
INSERT INTO order_items (item_id,order_id,product_id,quantity,unit_price,line_total) VALUES (889,356,24,3,402.56,1207.68);
INSERT INTO order_items (item_id,order_id,product_id,quantity,unit_price,line_total) VALUES (890,356,57,1,77.66,77.66);
INSERT INTO payments (payment_id,order_id,payment_date,amount,method,status) VALUES (276,356,TO_DATE('2024-06-17','YYYY-MM-DD'),1505.06,'CREDIT_CARD','COMPLETED');

INSERT INTO orders (order_id,customer_id,order_date,status,total_amount,shipping_address) VALUES (357,4,TO_DATE('2023-06-21','YYYY-MM-DD'),'DELIVERED',34603.6,'31 Anderson Knoll, Tetouan');
INSERT INTO order_items (item_id,order_id,product_id,quantity,unit_price,line_total) VALUES (891,357,51,3,134.96,404.88);
INSERT INTO order_items (item_id,order_id,product_id,quantity,unit_price,line_total) VALUES (892,357,16,3,168.54,505.62);
INSERT INTO order_items (item_id,order_id,product_id,quantity,unit_price,line_total) VALUES (893,357,1,2,8181.02,16362.04);
INSERT INTO order_items (item_id,order_id,product_id,quantity,unit_price,line_total) VALUES (894,357,3,3,5777.02,17331.06);
INSERT INTO payments (payment_id,order_id,payment_date,amount,method,status) VALUES (277,357,TO_DATE('2023-06-22','YYYY-MM-DD'),34603.6,'DEBIT_CARD','COMPLETED');

INSERT INTO orders (order_id,customer_id,order_date,status,total_amount,shipping_address) VALUES (358,41,TO_DATE('2024-05-26','YYYY-MM-DD'),'CONFIRMED',606.86,'87 Li Extensions, Tetouan');
INSERT INTO order_items (item_id,order_id,product_id,quantity,unit_price,line_total) VALUES (895,358,4,2,303.43,606.86);
INSERT INTO payments (payment_id,order_id,payment_date,amount,method,status) VALUES (278,358,TO_DATE('2024-05-27','YYYY-MM-DD'),606.86,'BANK_TRANSFER','COMPLETED');

INSERT INTO orders (order_id,customer_id,order_date,status,total_amount,shipping_address) VALUES (359,33,TO_DATE('2024-05-14','YYYY-MM-DD'),'DELIVERED',1467.91,'143 Pollard Neck, Agadir');
INSERT INTO order_items (item_id,order_id,product_id,quantity,unit_price,line_total) VALUES (896,359,52,3,84.36,253.08);
INSERT INTO order_items (item_id,order_id,product_id,quantity,unit_price,line_total) VALUES (897,359,58,1,236.24,236.24);
INSERT INTO order_items (item_id,order_id,product_id,quantity,unit_price,line_total) VALUES (898,359,29,1,978.59,978.59);
INSERT INTO payments (payment_id,order_id,payment_date,amount,method,status) VALUES (279,359,TO_DATE('2024-05-17','YYYY-MM-DD'),1467.91,'DEBIT_CARD','COMPLETED');

INSERT INTO orders (order_id,customer_id,order_date,status,total_amount,shipping_address) VALUES (360,11,TO_DATE('2024-05-11','YYYY-MM-DD'),'RETURNED',2253.39,'76 Lisa Circles, Kenitra');
INSERT INTO order_items (item_id,order_id,product_id,quantity,unit_price,line_total) VALUES (899,360,13,2,219.72,439.44);
INSERT INTO order_items (item_id,order_id,product_id,quantity,unit_price,line_total) VALUES (900,360,37,2,193.9,387.8);
INSERT INTO order_items (item_id,order_id,product_id,quantity,unit_price,line_total) VALUES (901,360,12,3,189.85,569.55);
INSERT INTO order_items (item_id,order_id,product_id,quantity,unit_price,line_total) VALUES (902,360,35,2,428.3,856.6);
INSERT INTO payments (payment_id,order_id,payment_date,amount,method,status) VALUES (280,360,TO_DATE('2024-05-13','YYYY-MM-DD'),2253.39,'CASH_ON_DELIVERY','REFUNDED');

INSERT INTO orders (order_id,customer_id,order_date,status,total_amount,shipping_address) VALUES (361,154,TO_DATE('2023-06-14','YYYY-MM-DD'),'CONFIRMED',2481.39,'40 Johnson Flats, Kenitra');
INSERT INTO order_items (item_id,order_id,product_id,quantity,unit_price,line_total) VALUES (903,361,19,2,299.95,599.9);
INSERT INTO order_items (item_id,order_id,product_id,quantity,unit_price,line_total) VALUES (904,361,53,2,179.64,359.28);
INSERT INTO order_items (item_id,order_id,product_id,quantity,unit_price,line_total) VALUES (905,361,17,1,237.31,237.31);
INSERT INTO order_items (item_id,order_id,product_id,quantity,unit_price,line_total) VALUES (906,361,35,3,428.3,1284.9);
INSERT INTO payments (payment_id,order_id,payment_date,amount,method,status) VALUES (281,361,TO_DATE('2023-06-17','YYYY-MM-DD'),2481.39,'BANK_TRANSFER','COMPLETED');

INSERT INTO orders (order_id,customer_id,order_date,status,total_amount,shipping_address) VALUES (362,159,TO_DATE('2024-01-08','YYYY-MM-DD'),'DELIVERED',561.87,'185 Kylie Canyon, Agadir');
INSERT INTO order_items (item_id,order_id,product_id,quantity,unit_price,line_total) VALUES (907,362,43,3,187.29,561.87);
INSERT INTO payments (payment_id,order_id,payment_date,amount,method,status) VALUES (282,362,TO_DATE('2024-01-11','YYYY-MM-DD'),561.87,'CREDIT_CARD','COMPLETED');

INSERT INTO orders (order_id,customer_id,order_date,status,total_amount,shipping_address) VALUES (363,197,TO_DATE('2023-06-07','YYYY-MM-DD'),'DELIVERED',4050.47,'105 Mahoney Passage, Agadir');
INSERT INTO order_items (item_id,order_id,product_id,quantity,unit_price,line_total) VALUES (908,363,8,3,932.52,2797.56);
INSERT INTO order_items (item_id,order_id,product_id,quantity,unit_price,line_total) VALUES (909,363,7,1,440.08,440.08);
INSERT INTO order_items (item_id,order_id,product_id,quantity,unit_price,line_total) VALUES (910,363,34,1,812.83,812.83);
INSERT INTO payments (payment_id,order_id,payment_date,amount,method,status) VALUES (283,363,TO_DATE('2023-06-08','YYYY-MM-DD'),4050.47,'CREDIT_CARD','COMPLETED');

INSERT INTO orders (order_id,customer_id,order_date,status,total_amount,shipping_address) VALUES (364,28,TO_DATE('2024-05-12','YYYY-MM-DD'),'DELIVERED',2861.31,'9 Hays Plains, Rabat');
INSERT INTO order_items (item_id,order_id,product_id,quantity,unit_price,line_total) VALUES (911,364,43,3,187.29,561.87);
INSERT INTO order_items (item_id,order_id,product_id,quantity,unit_price,line_total) VALUES (912,364,32,3,180.13,540.39);
INSERT INTO order_items (item_id,order_id,product_id,quantity,unit_price,line_total) VALUES (913,364,34,2,812.83,1625.66);
INSERT INTO order_items (item_id,order_id,product_id,quantity,unit_price,line_total) VALUES (914,364,40,1,133.39,133.39);
INSERT INTO payments (payment_id,order_id,payment_date,amount,method,status) VALUES (284,364,TO_DATE('2024-05-14','YYYY-MM-DD'),2861.31,'CREDIT_CARD','COMPLETED');

INSERT INTO orders (order_id,customer_id,order_date,status,total_amount,shipping_address) VALUES (365,4,TO_DATE('2023-08-02','YYYY-MM-DD'),'RETURNED',1207.68,'120 King Terrace, Rabat');
INSERT INTO order_items (item_id,order_id,product_id,quantity,unit_price,line_total) VALUES (915,365,24,3,402.56,1207.68);
INSERT INTO payments (payment_id,order_id,payment_date,amount,method,status) VALUES (285,365,TO_DATE('2023-08-05','YYYY-MM-DD'),1207.68,'CASH_ON_DELIVERY','REFUNDED');

INSERT INTO orders (order_id,customer_id,order_date,status,total_amount,shipping_address) VALUES (366,182,TO_DATE('2023-03-01','YYYY-MM-DD'),'DELIVERED',393.24,'11 Justin Wall, Kenitra');
INSERT INTO order_items (item_id,order_id,product_id,quantity,unit_price,line_total) VALUES (916,366,54,2,196.62,393.24);
INSERT INTO payments (payment_id,order_id,payment_date,amount,method,status) VALUES (286,366,TO_DATE('2023-03-01','YYYY-MM-DD'),393.24,'MOBILE_PAYMENT','PENDING');

INSERT INTO orders (order_id,customer_id,order_date,status,total_amount,shipping_address) VALUES (367,25,TO_DATE('2023-04-14','YYYY-MM-DD'),'DELIVERED',1471.99,'99 Michelle Isle, Kenitra');
INSERT INTO order_items (item_id,order_id,product_id,quantity,unit_price,line_total) VALUES (917,367,13,3,219.72,659.16);
INSERT INTO order_items (item_id,order_id,product_id,quantity,unit_price,line_total) VALUES (918,367,34,1,812.83,812.83);
INSERT INTO payments (payment_id,order_id,payment_date,amount,method,status) VALUES (287,367,TO_DATE('2023-04-15','YYYY-MM-DD'),1471.99,'BANK_TRANSFER','COMPLETED');

INSERT INTO orders (order_id,customer_id,order_date,status,total_amount,shipping_address) VALUES (368,192,TO_DATE('2023-04-19','YYYY-MM-DD'),'DELIVERED',2413.5,'180 Martinez Land, Oujda');
INSERT INTO order_items (item_id,order_id,product_id,quantity,unit_price,line_total) VALUES (919,368,57,1,77.66,77.66);
INSERT INTO order_items (item_id,order_id,product_id,quantity,unit_price,line_total) VALUES (920,368,7,3,440.08,1320.24);
INSERT INTO order_items (item_id,order_id,product_id,quantity,unit_price,line_total) VALUES (921,368,11,2,305.36,610.72);
INSERT INTO order_items (item_id,order_id,product_id,quantity,unit_price,line_total) VALUES (922,368,51,3,134.96,404.88);
INSERT INTO payments (payment_id,order_id,payment_date,amount,method,status) VALUES (288,368,TO_DATE('2023-04-21','YYYY-MM-DD'),2413.5,'BANK_TRANSFER','COMPLETED');

INSERT INTO orders (order_id,customer_id,order_date,status,total_amount,shipping_address) VALUES (369,154,TO_DATE('2024-03-29','YYYY-MM-DD'),'DELIVERED',3395.5,'141 Preston Summit, Agadir');
INSERT INTO order_items (item_id,order_id,product_id,quantity,unit_price,line_total) VALUES (923,369,55,3,119.13,357.39);
INSERT INTO order_items (item_id,order_id,product_id,quantity,unit_price,line_total) VALUES (924,369,24,2,402.56,805.12);
INSERT INTO order_items (item_id,order_id,product_id,quantity,unit_price,line_total) VALUES (925,369,27,3,744.33,2232.99);
INSERT INTO payments (payment_id,order_id,payment_date,amount,method,status) VALUES (289,369,TO_DATE('2024-03-31','YYYY-MM-DD'),3395.5,'BANK_TRANSFER','COMPLETED');

INSERT INTO orders (order_id,customer_id,order_date,status,total_amount,shipping_address) VALUES (370,55,TO_DATE('2024-01-20','YYYY-MM-DD'),'DELIVERED',43047.47,'116 Kline Lights, Agadir');
INSERT INTO order_items (item_id,order_id,product_id,quantity,unit_price,line_total) VALUES (926,370,26,2,185.7,371.4);
INSERT INTO order_items (item_id,order_id,product_id,quantity,unit_price,line_total) VALUES (927,370,1,3,8181.02,24543.06);
INSERT INTO order_items (item_id,order_id,product_id,quantity,unit_price,line_total) VALUES (928,370,47,1,801.95,801.95);
INSERT INTO order_items (item_id,order_id,product_id,quantity,unit_price,line_total) VALUES (929,370,3,3,5777.02,17331.06);
INSERT INTO payments (payment_id,order_id,payment_date,amount,method,status) VALUES (290,370,TO_DATE('2024-01-21','YYYY-MM-DD'),43047.47,'MOBILE_PAYMENT','COMPLETED');

INSERT INTO orders (order_id,customer_id,order_date,status,total_amount,shipping_address) VALUES (371,77,TO_DATE('2023-08-16','YYYY-MM-DD'),'DELIVERED',3035.1,'6 Beltran Parks, Agadir');
INSERT INTO order_items (item_id,order_id,product_id,quantity,unit_price,line_total) VALUES (930,371,59,3,92.87,278.61);
INSERT INTO order_items (item_id,order_id,product_id,quantity,unit_price,line_total) VALUES (931,371,36,3,279.58,838.74);
INSERT INTO order_items (item_id,order_id,product_id,quantity,unit_price,line_total) VALUES (932,371,33,3,639.25,1917.75);
INSERT INTO payments (payment_id,order_id,payment_date,amount,method,status) VALUES (291,371,TO_DATE('2023-08-17','YYYY-MM-DD'),3035.1,'CREDIT_CARD','COMPLETED');

INSERT INTO orders (order_id,customer_id,order_date,status,total_amount,shipping_address) VALUES (372,40,TO_DATE('2023-05-22','YYYY-MM-DD'),'DELIVERED',715.61,'150 Richardson Union, Agadir');
INSERT INTO order_items (item_id,order_id,product_id,quantity,unit_price,line_total) VALUES (933,372,15,2,239.15,478.3);
INSERT INTO order_items (item_id,order_id,product_id,quantity,unit_price,line_total) VALUES (934,372,17,1,237.31,237.31);
INSERT INTO payments (payment_id,order_id,payment_date,amount,method,status) VALUES (292,372,TO_DATE('2023-05-25','YYYY-MM-DD'),715.61,'BANK_TRANSFER','COMPLETED');

INSERT INTO orders (order_id,customer_id,order_date,status,total_amount,shipping_address) VALUES (373,20,TO_DATE('2023-11-29','YYYY-MM-DD'),'RETURNED',444.33,'125 Owen Stream, Marrakech');
INSERT INTO order_items (item_id,order_id,product_id,quantity,unit_price,line_total) VALUES (935,373,39,3,148.11,444.33);
INSERT INTO payments (payment_id,order_id,payment_date,amount,method,status) VALUES (293,373,TO_DATE('2023-12-01','YYYY-MM-DD'),444.33,'CREDIT_CARD','REFUNDED');

INSERT INTO orders (order_id,customer_id,order_date,status,total_amount,shipping_address) VALUES (374,148,TO_DATE('2024-01-26','YYYY-MM-DD'),'CONFIRMED',523.78,'198 Miller Rapids, Casablanca');
INSERT INTO order_items (item_id,order_id,product_id,quantity,unit_price,line_total) VALUES (936,374,23,2,94.41,188.82);
INSERT INTO order_items (item_id,order_id,product_id,quantity,unit_price,line_total) VALUES (937,374,57,2,77.66,155.32);
INSERT INTO order_items (item_id,order_id,product_id,quantity,unit_price,line_total) VALUES (938,374,53,1,179.64,179.64);
INSERT INTO payments (payment_id,order_id,payment_date,amount,method,status) VALUES (294,374,TO_DATE('2024-01-27','YYYY-MM-DD'),523.78,'BANK_TRANSFER','COMPLETED');

INSERT INTO orders (order_id,customer_id,order_date,status,total_amount,shipping_address) VALUES (375,3,TO_DATE('2024-01-27','YYYY-MM-DD'),'PENDING',1447.08,'135 Amy Islands, Tangier');
INSERT INTO order_items (item_id,order_id,product_id,quantity,unit_price,line_total) VALUES (939,375,21,3,482.36,1447.08);

INSERT INTO orders (order_id,customer_id,order_date,status,total_amount,shipping_address) VALUES (376,145,TO_DATE('2023-06-03','YYYY-MM-DD'),'DELIVERED',2474.34,'179 Christopher Shore, Kenitra');
INSERT INTO order_items (item_id,order_id,product_id,quantity,unit_price,line_total) VALUES (940,376,10,3,521.35,1564.05);
INSERT INTO order_items (item_id,order_id,product_id,quantity,unit_price,line_total) VALUES (941,376,4,3,303.43,910.29);
INSERT INTO payments (payment_id,order_id,payment_date,amount,method,status) VALUES (295,376,TO_DATE('2023-06-06','YYYY-MM-DD'),2474.34,'MOBILE_PAYMENT','COMPLETED');

INSERT INTO orders (order_id,customer_id,order_date,status,total_amount,shipping_address) VALUES (377,148,TO_DATE('2024-05-31','YYYY-MM-DD'),'CONFIRMED',1027.71,'111 Parker Rapids, Fes');
INSERT INTO order_items (item_id,order_id,product_id,quantity,unit_price,line_total) VALUES (942,377,51,1,134.96,134.96);
INSERT INTO order_items (item_id,order_id,product_id,quantity,unit_price,line_total) VALUES (943,377,26,2,185.7,371.4);
INSERT INTO order_items (item_id,order_id,product_id,quantity,unit_price,line_total) VALUES (944,377,10,1,521.35,521.35);
INSERT INTO payments (payment_id,order_id,payment_date,amount,method,status) VALUES (296,377,TO_DATE('2024-06-03','YYYY-MM-DD'),1027.71,'BANK_TRANSFER','COMPLETED');

INSERT INTO orders (order_id,customer_id,order_date,status,total_amount,shipping_address) VALUES (378,103,TO_DATE('2023-09-26','YYYY-MM-DD'),'CONFIRMED',5021.39,'129 Jackson Mills, Meknes');
INSERT INTO order_items (item_id,order_id,product_id,quantity,unit_price,line_total) VALUES (945,378,50,1,157.03,157.03);
INSERT INTO order_items (item_id,order_id,product_id,quantity,unit_price,line_total) VALUES (946,378,45,2,350.02,700.04);
INSERT INTO order_items (item_id,order_id,product_id,quantity,unit_price,line_total) VALUES (947,378,9,3,1315.33,3945.99);
INSERT INTO order_items (item_id,order_id,product_id,quantity,unit_price,line_total) VALUES (948,378,49,1,218.33,218.33);
INSERT INTO payments (payment_id,order_id,payment_date,amount,method,status) VALUES (297,378,TO_DATE('2023-09-29','YYYY-MM-DD'),5021.39,'DEBIT_CARD','COMPLETED');

INSERT INTO orders (order_id,customer_id,order_date,status,total_amount,shipping_address) VALUES (379,144,TO_DATE('2024-06-20','YYYY-MM-DD'),'DELIVERED',2441.09,'19 West Stream, Fes');
INSERT INTO order_items (item_id,order_id,product_id,quantity,unit_price,line_total) VALUES (949,379,50,3,157.03,471.09);
INSERT INTO order_items (item_id,order_id,product_id,quantity,unit_price,line_total) VALUES (950,379,28,3,495.88,1487.64);
INSERT INTO order_items (item_id,order_id,product_id,quantity,unit_price,line_total) VALUES (951,379,21,1,482.36,482.36);
INSERT INTO payments (payment_id,order_id,payment_date,amount,method,status) VALUES (298,379,TO_DATE('2024-06-20','YYYY-MM-DD'),2441.09,'BANK_TRANSFER','COMPLETED');

INSERT INTO orders (order_id,customer_id,order_date,status,total_amount,shipping_address) VALUES (380,90,TO_DATE('2023-07-15','YYYY-MM-DD'),'DELIVERED',314.06,'153 Mendez Mews, Agadir');
INSERT INTO order_items (item_id,order_id,product_id,quantity,unit_price,line_total) VALUES (952,380,50,2,157.03,314.06);
INSERT INTO payments (payment_id,order_id,payment_date,amount,method,status) VALUES (299,380,TO_DATE('2023-07-16','YYYY-MM-DD'),314.06,'MOBILE_PAYMENT','COMPLETED');

INSERT INTO orders (order_id,customer_id,order_date,status,total_amount,shipping_address) VALUES (381,114,TO_DATE('2023-05-30','YYYY-MM-DD'),'RETURNED',1760.67,'60 Fowler Turnpike, Casablanca');
INSERT INTO order_items (item_id,order_id,product_id,quantity,unit_price,line_total) VALUES (953,381,44,1,552.99,552.99);
INSERT INTO order_items (item_id,order_id,product_id,quantity,unit_price,line_total) VALUES (954,381,24,3,402.56,1207.68);
INSERT INTO payments (payment_id,order_id,payment_date,amount,method,status) VALUES (300,381,TO_DATE('2023-05-30','YYYY-MM-DD'),1760.67,'CREDIT_CARD','REFUNDED');

INSERT INTO orders (order_id,customer_id,order_date,status,total_amount,shipping_address) VALUES (382,14,TO_DATE('2023-09-06','YYYY-MM-DD'),'SHIPPED',2733.8,'4 Charles Route, Tangier');
INSERT INTO order_items (item_id,order_id,product_id,quantity,unit_price,line_total) VALUES (955,382,45,2,350.02,700.04);
INSERT INTO order_items (item_id,order_id,product_id,quantity,unit_price,line_total) VALUES (956,382,52,2,84.36,168.72);
INSERT INTO order_items (item_id,order_id,product_id,quantity,unit_price,line_total) VALUES (957,382,8,2,932.52,1865.04);
INSERT INTO payments (payment_id,order_id,payment_date,amount,method,status) VALUES (301,382,TO_DATE('2023-09-06','YYYY-MM-DD'),2733.8,'DEBIT_CARD','COMPLETED');

INSERT INTO orders (order_id,customer_id,order_date,status,total_amount,shipping_address) VALUES (383,55,TO_DATE('2023-07-28','YYYY-MM-DD'),'DELIVERED',724.6,'124 Cox Unions, Kenitra');
INSERT INTO order_items (item_id,order_id,product_id,quantity,unit_price,line_total) VALUES (958,383,45,1,350.02,350.02);
INSERT INTO order_items (item_id,order_id,product_id,quantity,unit_price,line_total) VALUES (959,383,43,2,187.29,374.58);
INSERT INTO payments (payment_id,order_id,payment_date,amount,method,status) VALUES (302,383,TO_DATE('2023-07-28','YYYY-MM-DD'),724.6,'CREDIT_CARD','COMPLETED');

INSERT INTO orders (order_id,customer_id,order_date,status,total_amount,shipping_address) VALUES (384,52,TO_DATE('2023-10-05','YYYY-MM-DD'),'PENDING',1256.64,'168 Stephanie Divide, Oujda');
INSERT INTO order_items (item_id,order_id,product_id,quantity,unit_price,line_total) VALUES (960,384,5,2,628.32,1256.64);

INSERT INTO orders (order_id,customer_id,order_date,status,total_amount,shipping_address) VALUES (385,170,TO_DATE('2023-10-05','YYYY-MM-DD'),'DELIVERED',1580.42,'5 Johnson Cliff, Rabat');
INSERT INTO order_items (item_id,order_id,product_id,quantity,unit_price,line_total) VALUES (961,385,56,2,624.95,1249.9);
INSERT INTO order_items (item_id,order_id,product_id,quantity,unit_price,line_total) VALUES (962,385,57,1,77.66,77.66);
INSERT INTO order_items (item_id,order_id,product_id,quantity,unit_price,line_total) VALUES (963,385,42,2,126.43,252.86);
INSERT INTO payments (payment_id,order_id,payment_date,amount,method,status) VALUES (303,385,TO_DATE('2023-10-05','YYYY-MM-DD'),1580.42,'MOBILE_PAYMENT','COMPLETED');

INSERT INTO orders (order_id,customer_id,order_date,status,total_amount,shipping_address) VALUES (386,153,TO_DATE('2024-06-28','YYYY-MM-DD'),'CONFIRMED',2314.43,'51 Kimberly Lakes, Marrakech');
INSERT INTO order_items (item_id,order_id,product_id,quantity,unit_price,line_total) VALUES (964,386,36,1,279.58,279.58);
INSERT INTO order_items (item_id,order_id,product_id,quantity,unit_price,line_total) VALUES (965,386,60,1,74.23,74.23);
INSERT INTO order_items (item_id,order_id,product_id,quantity,unit_price,line_total) VALUES (966,386,46,3,99.84,299.52);
INSERT INTO order_items (item_id,order_id,product_id,quantity,unit_price,line_total) VALUES (967,386,2,2,830.55,1661.1);
INSERT INTO payments (payment_id,order_id,payment_date,amount,method,status) VALUES (304,386,TO_DATE('2024-06-30','YYYY-MM-DD'),2314.43,'DEBIT_CARD','COMPLETED');

INSERT INTO orders (order_id,customer_id,order_date,status,total_amount,shipping_address) VALUES (387,5,TO_DATE('2023-12-22','YYYY-MM-DD'),'DELIVERED',2670.07,'161 Reyes Port, Agadir');
INSERT INTO order_items (item_id,order_id,product_id,quantity,unit_price,line_total) VALUES (968,387,16,1,168.54,168.54);
INSERT INTO order_items (item_id,order_id,product_id,quantity,unit_price,line_total) VALUES (969,387,33,3,639.25,1917.75);
INSERT INTO order_items (item_id,order_id,product_id,quantity,unit_price,line_total) VALUES (970,387,18,2,291.89,583.78);
INSERT INTO payments (payment_id,order_id,payment_date,amount,method,status) VALUES (305,387,TO_DATE('2023-12-25','YYYY-MM-DD'),2670.07,'CASH_ON_DELIVERY','COMPLETED');

INSERT INTO orders (order_id,customer_id,order_date,status,total_amount,shipping_address) VALUES (388,8,TO_DATE('2023-10-14','YYYY-MM-DD'),'DELIVERED',17339.4,'88 Cassie Springs, Marrakech');
INSERT INTO order_items (item_id,order_id,product_id,quantity,unit_price,line_total) VALUES (971,388,43,2,187.29,374.58);
INSERT INTO order_items (item_id,order_id,product_id,quantity,unit_price,line_total) VALUES (972,388,9,3,1315.33,3945.99);
INSERT INTO order_items (item_id,order_id,product_id,quantity,unit_price,line_total) VALUES (973,388,6,3,3537.66,10612.98);
INSERT INTO order_items (item_id,order_id,product_id,quantity,unit_price,line_total) VALUES (974,388,47,3,801.95,2405.85);
INSERT INTO payments (payment_id,order_id,payment_date,amount,method,status) VALUES (306,388,TO_DATE('2023-10-15','YYYY-MM-DD'),17339.4,'DEBIT_CARD','COMPLETED');

INSERT INTO orders (order_id,customer_id,order_date,status,total_amount,shipping_address) VALUES (389,110,TO_DATE('2023-11-16','YYYY-MM-DD'),'DELIVERED',714.71,'139 Rush Landing, Oujda');
INSERT INTO order_items (item_id,order_id,product_id,quantity,unit_price,line_total) VALUES (975,389,14,1,335.42,335.42);
INSERT INTO order_items (item_id,order_id,product_id,quantity,unit_price,line_total) VALUES (976,389,42,3,126.43,379.29);
INSERT INTO payments (payment_id,order_id,payment_date,amount,method,status) VALUES (307,389,TO_DATE('2023-11-17','YYYY-MM-DD'),714.71,'CASH_ON_DELIVERY','COMPLETED');

INSERT INTO orders (order_id,customer_id,order_date,status,total_amount,shipping_address) VALUES (390,181,TO_DATE('2024-06-20','YYYY-MM-DD'),'SHIPPED',453.52,'198 Hines Ports, Meknes');
INSERT INTO order_items (item_id,order_id,product_id,quantity,unit_price,line_total) VALUES (977,390,42,3,126.43,379.29);
INSERT INTO order_items (item_id,order_id,product_id,quantity,unit_price,line_total) VALUES (978,390,60,1,74.23,74.23);
INSERT INTO payments (payment_id,order_id,payment_date,amount,method,status) VALUES (308,390,TO_DATE('2024-06-22','YYYY-MM-DD'),453.52,'CREDIT_CARD','COMPLETED');

INSERT INTO orders (order_id,customer_id,order_date,status,total_amount,shipping_address) VALUES (391,185,TO_DATE('2023-05-02','YYYY-MM-DD'),'SHIPPED',436.66,'38 Alyssa Locks, Agadir');
INSERT INTO order_items (item_id,order_id,product_id,quantity,unit_price,line_total) VALUES (979,391,49,2,218.33,436.66);
INSERT INTO payments (payment_id,order_id,payment_date,amount,method,status) VALUES (309,391,TO_DATE('2023-05-05','YYYY-MM-DD'),436.66,'MOBILE_PAYMENT','COMPLETED');

INSERT INTO orders (order_id,customer_id,order_date,status,total_amount,shipping_address) VALUES (392,191,TO_DATE('2023-10-08','YYYY-MM-DD'),'SHIPPED',3061.2,'28 Banks Gateway, Fes');
INSERT INTO order_items (item_id,order_id,product_id,quantity,unit_price,line_total) VALUES (980,392,12,3,189.85,569.55);
INSERT INTO order_items (item_id,order_id,product_id,quantity,unit_price,line_total) VALUES (981,392,2,3,830.55,2491.65);
INSERT INTO payments (payment_id,order_id,payment_date,amount,method,status) VALUES (310,392,TO_DATE('2023-10-10','YYYY-MM-DD'),3061.2,'BANK_TRANSFER','COMPLETED');

INSERT INTO orders (order_id,customer_id,order_date,status,total_amount,shipping_address) VALUES (393,153,TO_DATE('2023-08-26','YYYY-MM-DD'),'DELIVERED',700.04,'92 Anthony Ferry, Casablanca');
INSERT INTO order_items (item_id,order_id,product_id,quantity,unit_price,line_total) VALUES (982,393,45,2,350.02,700.04);
INSERT INTO payments (payment_id,order_id,payment_date,amount,method,status) VALUES (311,393,TO_DATE('2023-08-27','YYYY-MM-DD'),700.04,'DEBIT_CARD','COMPLETED');

INSERT INTO orders (order_id,customer_id,order_date,status,total_amount,shipping_address) VALUES (394,183,TO_DATE('2024-01-18','YYYY-MM-DD'),'SHIPPED',2624.07,'126 Holmes Points, Meknes');
INSERT INTO order_items (item_id,order_id,product_id,quantity,unit_price,line_total) VALUES (983,394,9,1,1315.33,1315.33);
INSERT INTO order_items (item_id,order_id,product_id,quantity,unit_price,line_total) VALUES (984,394,11,2,305.36,610.72);
INSERT INTO order_items (item_id,order_id,product_id,quantity,unit_price,line_total) VALUES (985,394,13,1,219.72,219.72);
INSERT INTO order_items (item_id,order_id,product_id,quantity,unit_price,line_total) VALUES (986,394,15,2,239.15,478.3);
INSERT INTO payments (payment_id,order_id,payment_date,amount,method,status) VALUES (312,394,TO_DATE('2024-01-21','YYYY-MM-DD'),2624.07,'CREDIT_CARD','COMPLETED');

INSERT INTO orders (order_id,customer_id,order_date,status,total_amount,shipping_address) VALUES (395,52,TO_DATE('2023-07-29','YYYY-MM-DD'),'CONFIRMED',2751.29,'113 Jose Green, Marrakech');
INSERT INTO order_items (item_id,order_id,product_id,quantity,unit_price,line_total) VALUES (987,395,45,1,350.02,350.02);
INSERT INTO order_items (item_id,order_id,product_id,quantity,unit_price,line_total) VALUES (988,395,21,2,482.36,964.72);
INSERT INTO order_items (item_id,order_id,product_id,quantity,unit_price,line_total) VALUES (989,395,56,2,624.95,1249.9);
INSERT INTO order_items (item_id,order_id,product_id,quantity,unit_price,line_total) VALUES (990,395,30,1,186.65,186.65);
INSERT INTO payments (payment_id,order_id,payment_date,amount,method,status) VALUES (313,395,TO_DATE('2023-08-01','YYYY-MM-DD'),2751.29,'BANK_TRANSFER','COMPLETED');

INSERT INTO orders (order_id,customer_id,order_date,status,total_amount,shipping_address) VALUES (396,191,TO_DATE('2024-06-21','YYYY-MM-DD'),'PENDING',12512.59,'28 Lewis Ridge, Kenitra');
INSERT INTO order_items (item_id,order_id,product_id,quantity,unit_price,line_total) VALUES (991,396,30,1,186.65,186.65);
INSERT INTO order_items (item_id,order_id,product_id,quantity,unit_price,line_total) VALUES (992,396,53,3,179.64,538.92);
INSERT INTO order_items (item_id,order_id,product_id,quantity,unit_price,line_total) VALUES (993,396,57,3,77.66,232.98);
INSERT INTO order_items (item_id,order_id,product_id,quantity,unit_price,line_total) VALUES (994,396,3,2,5777.02,11554.04);

INSERT INTO orders (order_id,customer_id,order_date,status,total_amount,shipping_address) VALUES (397,189,TO_DATE('2023-02-10','YYYY-MM-DD'),'CANCELLED',439.44,'196 Benson Overpass, Kenitra');
INSERT INTO order_items (item_id,order_id,product_id,quantity,unit_price,line_total) VALUES (995,397,13,2,219.72,439.44);

INSERT INTO orders (order_id,customer_id,order_date,status,total_amount,shipping_address) VALUES (398,113,TO_DATE('2024-02-12','YYYY-MM-DD'),'DELIVERED',1787.59,'119 David Walk, Tangier');
INSERT INTO order_items (item_id,order_id,product_id,quantity,unit_price,line_total) VALUES (996,398,28,3,495.88,1487.64);
INSERT INTO order_items (item_id,order_id,product_id,quantity,unit_price,line_total) VALUES (997,398,19,1,299.95,299.95);
INSERT INTO payments (payment_id,order_id,payment_date,amount,method,status) VALUES (314,398,TO_DATE('2024-02-13','YYYY-MM-DD'),1787.59,'DEBIT_CARD','COMPLETED');

INSERT INTO orders (order_id,customer_id,order_date,status,total_amount,shipping_address) VALUES (399,24,TO_DATE('2024-05-27','YYYY-MM-DD'),'CONFIRMED',1860.06,'200 Shannon Station, Marrakech');
INSERT INTO order_items (item_id,order_id,product_id,quantity,unit_price,line_total) VALUES (998,399,26,2,185.7,371.4);
INSERT INTO order_items (item_id,order_id,product_id,quantity,unit_price,line_total) VALUES (999,399,27,2,744.33,1488.66);
INSERT INTO payments (payment_id,order_id,payment_date,amount,method,status) VALUES (315,399,TO_DATE('2024-05-27','YYYY-MM-DD'),1860.06,'CREDIT_CARD','COMPLETED');

INSERT INTO orders (order_id,customer_id,order_date,status,total_amount,shipping_address) VALUES (400,183,TO_DATE('2023-07-26','YYYY-MM-DD'),'RETURNED',1455.1,'65 Osborn Valleys, Rabat');
INSERT INTO order_items (item_id,order_id,product_id,quantity,unit_price,line_total) VALUES (1000,400,45,3,350.02,1050.06);
INSERT INTO order_items (item_id,order_id,product_id,quantity,unit_price,line_total) VALUES (1001,400,42,1,126.43,126.43);
INSERT INTO order_items (item_id,order_id,product_id,quantity,unit_price,line_total) VALUES (1002,400,59,3,92.87,278.61);
INSERT INTO payments (payment_id,order_id,payment_date,amount,method,status) VALUES (316,400,TO_DATE('2023-07-26','YYYY-MM-DD'),1455.1,'CREDIT_CARD','REFUNDED');

INSERT INTO orders (order_id,customer_id,order_date,status,total_amount,shipping_address) VALUES (401,181,TO_DATE('2024-04-05','YYYY-MM-DD'),'DELIVERED',3256.4,'135 Contreras Station, Rabat');
INSERT INTO order_items (item_id,order_id,product_id,quantity,unit_price,line_total) VALUES (1003,401,47,1,801.95,801.95);
INSERT INTO order_items (item_id,order_id,product_id,quantity,unit_price,line_total) VALUES (1004,401,51,2,134.96,269.92);
INSERT INTO order_items (item_id,order_id,product_id,quantity,unit_price,line_total) VALUES (1005,401,33,3,639.25,1917.75);
INSERT INTO order_items (item_id,order_id,product_id,quantity,unit_price,line_total) VALUES (1006,401,40,2,133.39,266.78);
INSERT INTO payments (payment_id,order_id,payment_date,amount,method,status) VALUES (317,401,TO_DATE('2024-04-05','YYYY-MM-DD'),3256.4,'CASH_ON_DELIVERY','COMPLETED');

INSERT INTO orders (order_id,customer_id,order_date,status,total_amount,shipping_address) VALUES (402,145,TO_DATE('2023-06-03','YYYY-MM-DD'),'SHIPPED',1488.66,'46 Andrea Highway, Marrakech');
INSERT INTO order_items (item_id,order_id,product_id,quantity,unit_price,line_total) VALUES (1007,402,27,2,744.33,1488.66);
INSERT INTO payments (payment_id,order_id,payment_date,amount,method,status) VALUES (318,402,TO_DATE('2023-06-05','YYYY-MM-DD'),1488.66,'BANK_TRANSFER','PENDING');

INSERT INTO orders (order_id,customer_id,order_date,status,total_amount,shipping_address) VALUES (403,74,TO_DATE('2023-07-05','YYYY-MM-DD'),'CONFIRMED',266.78,'52 York Station, Marrakech');
INSERT INTO order_items (item_id,order_id,product_id,quantity,unit_price,line_total) VALUES (1008,403,40,2,133.39,266.78);
INSERT INTO payments (payment_id,order_id,payment_date,amount,method,status) VALUES (319,403,TO_DATE('2023-07-05','YYYY-MM-DD'),266.78,'DEBIT_CARD','COMPLETED');

INSERT INTO orders (order_id,customer_id,order_date,status,total_amount,shipping_address) VALUES (404,140,TO_DATE('2023-01-06','YYYY-MM-DD'),'RETURNED',7309.19,'56 Laura Pass, Fes');
INSERT INTO order_items (item_id,order_id,product_id,quantity,unit_price,line_total) VALUES (1009,404,30,3,186.65,559.95);
INSERT INTO order_items (item_id,order_id,product_id,quantity,unit_price,line_total) VALUES (1010,404,27,3,744.33,2232.99);
INSERT INTO order_items (item_id,order_id,product_id,quantity,unit_price,line_total) VALUES (1011,404,29,1,978.59,978.59);
INSERT INTO order_items (item_id,order_id,product_id,quantity,unit_price,line_total) VALUES (1012,404,6,1,3537.66,3537.66);
INSERT INTO payments (payment_id,order_id,payment_date,amount,method,status) VALUES (320,404,TO_DATE('2023-01-08','YYYY-MM-DD'),7309.19,'BANK_TRANSFER','REFUNDED');

INSERT INTO orders (order_id,customer_id,order_date,status,total_amount,shipping_address) VALUES (405,143,TO_DATE('2023-08-01','YYYY-MM-DD'),'PENDING',252.86,'38 David Flats, Marrakech');
INSERT INTO order_items (item_id,order_id,product_id,quantity,unit_price,line_total) VALUES (1013,405,42,2,126.43,252.86);

INSERT INTO orders (order_id,customer_id,order_date,status,total_amount,shipping_address) VALUES (406,10,TO_DATE('2023-05-29','YYYY-MM-DD'),'PENDING',7471.93,'155 Joel Park, Tetouan');
INSERT INTO order_items (item_id,order_id,product_id,quantity,unit_price,line_total) VALUES (1014,406,22,1,303.74,303.74);
INSERT INTO order_items (item_id,order_id,product_id,quantity,unit_price,line_total) VALUES (1015,406,59,1,92.87,92.87);
INSERT INTO order_items (item_id,order_id,product_id,quantity,unit_price,line_total) VALUES (1016,406,6,2,3537.66,7075.32);

INSERT INTO orders (order_id,customer_id,order_date,status,total_amount,shipping_address) VALUES (407,46,TO_DATE('2023-06-15','YYYY-MM-DD'),'DELIVERED',721.91,'170 Michael Ports, Tetouan');
INSERT INTO order_items (item_id,order_id,product_id,quantity,unit_price,line_total) VALUES (1017,407,30,3,186.65,559.95);
INSERT INTO order_items (item_id,order_id,product_id,quantity,unit_price,line_total) VALUES (1018,407,48,2,80.98,161.96);
INSERT INTO payments (payment_id,order_id,payment_date,amount,method,status) VALUES (321,407,TO_DATE('2023-06-15','YYYY-MM-DD'),721.91,'CREDIT_CARD','COMPLETED');

INSERT INTO orders (order_id,customer_id,order_date,status,total_amount,shipping_address) VALUES (408,95,TO_DATE('2024-01-24','YYYY-MM-DD'),'CONFIRMED',599.9,'141 Mcdonald Plaza, Meknes');
INSERT INTO order_items (item_id,order_id,product_id,quantity,unit_price,line_total) VALUES (1019,408,19,2,299.95,599.9);
INSERT INTO payments (payment_id,order_id,payment_date,amount,method,status) VALUES (322,408,TO_DATE('2024-01-25','YYYY-MM-DD'),599.9,'CREDIT_CARD','COMPLETED');

INSERT INTO orders (order_id,customer_id,order_date,status,total_amount,shipping_address) VALUES (409,85,TO_DATE('2024-06-23','YYYY-MM-DD'),'CANCELLED',1043.68,'54 Cheryl Corners, Kenitra');
INSERT INTO order_items (item_id,order_id,product_id,quantity,unit_price,line_total) VALUES (1020,409,40,1,133.39,133.39);
INSERT INTO order_items (item_id,order_id,product_id,quantity,unit_price,line_total) VALUES (1021,409,4,3,303.43,910.29);

INSERT INTO orders (order_id,customer_id,order_date,status,total_amount,shipping_address) VALUES (410,187,TO_DATE('2024-06-25','YYYY-MM-DD'),'CONFIRMED',1645.37,'186 Kyle Stravenue, Oujda');
INSERT INTO order_items (item_id,order_id,product_id,quantity,unit_price,line_total) VALUES (1022,410,28,2,495.88,991.76);
INSERT INTO order_items (item_id,order_id,product_id,quantity,unit_price,line_total) VALUES (1023,410,39,2,148.11,296.22);
INSERT INTO order_items (item_id,order_id,product_id,quantity,unit_price,line_total) VALUES (1024,410,55,3,119.13,357.39);
INSERT INTO payments (payment_id,order_id,payment_date,amount,method,status) VALUES (323,410,TO_DATE('2024-06-27','YYYY-MM-DD'),1645.37,'MOBILE_PAYMENT','COMPLETED');

INSERT INTO orders (order_id,customer_id,order_date,status,total_amount,shipping_address) VALUES (411,128,TO_DATE('2024-06-16','YYYY-MM-DD'),'RETURNED',399.79,'47 Fox Trafficway, Oujda');
INSERT INTO order_items (item_id,order_id,product_id,quantity,unit_price,line_total) VALUES (1025,411,46,1,99.84,99.84);
INSERT INTO order_items (item_id,order_id,product_id,quantity,unit_price,line_total) VALUES (1026,411,19,1,299.95,299.95);
INSERT INTO payments (payment_id,order_id,payment_date,amount,method,status) VALUES (324,411,TO_DATE('2024-06-16','YYYY-MM-DD'),399.79,'CREDIT_CARD','REFUNDED');

INSERT INTO orders (order_id,customer_id,order_date,status,total_amount,shipping_address) VALUES (412,161,TO_DATE('2023-05-01','YYYY-MM-DD'),'DELIVERED',18567.95,'107 Morrow Cliffs, Tetouan');
INSERT INTO order_items (item_id,order_id,product_id,quantity,unit_price,line_total) VALUES (1027,412,3,3,5777.02,17331.06);
INSERT INTO order_items (item_id,order_id,product_id,quantity,unit_price,line_total) VALUES (1028,412,22,1,303.74,303.74);
INSERT INTO order_items (item_id,order_id,product_id,quantity,unit_price,line_total) VALUES (1029,412,23,1,94.41,94.41);
INSERT INTO order_items (item_id,order_id,product_id,quantity,unit_price,line_total) VALUES (1030,412,36,3,279.58,838.74);
INSERT INTO payments (payment_id,order_id,payment_date,amount,method,status) VALUES (325,412,TO_DATE('2023-05-02','YYYY-MM-DD'),18567.95,'BANK_TRANSFER','COMPLETED');

INSERT INTO orders (order_id,customer_id,order_date,status,total_amount,shipping_address) VALUES (413,18,TO_DATE('2023-11-12','YYYY-MM-DD'),'DELIVERED',18698.17,'141 Teresa Row, Kenitra');
INSERT INTO order_items (item_id,order_id,product_id,quantity,unit_price,line_total) VALUES (1031,413,50,3,157.03,471.09);
INSERT INTO order_items (item_id,order_id,product_id,quantity,unit_price,line_total) VALUES (1032,413,1,2,8181.02,16362.04);
INSERT INTO order_items (item_id,order_id,product_id,quantity,unit_price,line_total) VALUES (1033,413,8,2,932.52,1865.04);
INSERT INTO payments (payment_id,order_id,payment_date,amount,method,status) VALUES (326,413,TO_DATE('2023-11-15','YYYY-MM-DD'),18698.17,'BANK_TRANSFER','COMPLETED');

INSERT INTO orders (order_id,customer_id,order_date,status,total_amount,shipping_address) VALUES (414,8,TO_DATE('2023-06-29','YYYY-MM-DD'),'DELIVERED',6568.61,'87 Shannon Springs, Agadir');
INSERT INTO order_items (item_id,order_id,product_id,quantity,unit_price,line_total) VALUES (1034,414,59,3,92.87,278.61);
INSERT INTO order_items (item_id,order_id,product_id,quantity,unit_price,line_total) VALUES (1035,414,31,1,344.26,344.26);
INSERT INTO order_items (item_id,order_id,product_id,quantity,unit_price,line_total) VALUES (1036,414,52,2,84.36,168.72);
INSERT INTO order_items (item_id,order_id,product_id,quantity,unit_price,line_total) VALUES (1037,414,3,1,5777.02,5777.02);
INSERT INTO payments (payment_id,order_id,payment_date,amount,method,status) VALUES (327,414,TO_DATE('2023-07-02','YYYY-MM-DD'),6568.61,'CASH_ON_DELIVERY','COMPLETED');

INSERT INTO orders (order_id,customer_id,order_date,status,total_amount,shipping_address) VALUES (415,86,TO_DATE('2024-04-18','YYYY-MM-DD'),'CANCELLED',4452.62,'134 Anderson Village, Casablanca');
INSERT INTO order_items (item_id,order_id,product_id,quantity,unit_price,line_total) VALUES (1038,415,37,2,193.9,387.8);
INSERT INTO order_items (item_id,order_id,product_id,quantity,unit_price,line_total) VALUES (1039,415,47,3,801.95,2405.85);
INSERT INTO order_items (item_id,order_id,product_id,quantity,unit_price,line_total) VALUES (1040,415,44,3,552.99,1658.97);

INSERT INTO orders (order_id,customer_id,order_date,status,total_amount,shipping_address) VALUES (416,5,TO_DATE('2023-08-02','YYYY-MM-DD'),'DELIVERED',685.13,'17 Katrina Curve, Agadir');
INSERT INTO order_items (item_id,order_id,product_id,quantity,unit_price,line_total) VALUES (1041,416,18,1,291.89,291.89);
INSERT INTO order_items (item_id,order_id,product_id,quantity,unit_price,line_total) VALUES (1042,416,54,2,196.62,393.24);
INSERT INTO payments (payment_id,order_id,payment_date,amount,method,status) VALUES (328,416,TO_DATE('2023-08-05','YYYY-MM-DD'),685.13,'BANK_TRANSFER','COMPLETED');

INSERT INTO orders (order_id,customer_id,order_date,status,total_amount,shipping_address) VALUES (417,147,TO_DATE('2024-02-03','YYYY-MM-DD'),'SHIPPED',1383.37,'30 Shaw Ways, Tetouan');
INSERT INTO order_items (item_id,order_id,product_id,quantity,unit_price,line_total) VALUES (1043,417,46,3,99.84,299.52);
INSERT INTO order_items (item_id,order_id,product_id,quantity,unit_price,line_total) VALUES (1044,417,55,1,119.13,119.13);
INSERT INTO order_items (item_id,order_id,product_id,quantity,unit_price,line_total) VALUES (1045,417,21,2,482.36,964.72);
INSERT INTO payments (payment_id,order_id,payment_date,amount,method,status) VALUES (329,417,TO_DATE('2024-02-06','YYYY-MM-DD'),1383.37,'CREDIT_CARD','COMPLETED');

INSERT INTO orders (order_id,customer_id,order_date,status,total_amount,shipping_address) VALUES (418,96,TO_DATE('2024-04-07','YYYY-MM-DD'),'DELIVERED',1524.93,'135 Marie Path, Fes');
INSERT INTO order_items (item_id,order_id,product_id,quantity,unit_price,line_total) VALUES (1046,418,12,1,189.85,189.85);
INSERT INTO order_items (item_id,order_id,product_id,quantity,unit_price,line_total) VALUES (1047,418,8,1,932.52,932.52);
INSERT INTO order_items (item_id,order_id,product_id,quantity,unit_price,line_total) VALUES (1048,418,24,1,402.56,402.56);
INSERT INTO payments (payment_id,order_id,payment_date,amount,method,status) VALUES (330,418,TO_DATE('2024-04-10','YYYY-MM-DD'),1524.93,'DEBIT_CARD','COMPLETED');

INSERT INTO orders (order_id,customer_id,order_date,status,total_amount,shipping_address) VALUES (419,129,TO_DATE('2023-06-07','YYYY-MM-DD'),'DELIVERED',3168.16,'124 Kevin Estates, Agadir');
INSERT INTO order_items (item_id,order_id,product_id,quantity,unit_price,line_total) VALUES (1049,419,50,1,157.03,157.03);
INSERT INTO order_items (item_id,order_id,product_id,quantity,unit_price,line_total) VALUES (1050,419,21,3,482.36,1447.08);
INSERT INTO order_items (item_id,order_id,product_id,quantity,unit_price,line_total) VALUES (1051,419,10,3,521.35,1564.05);
INSERT INTO payments (payment_id,order_id,payment_date,amount,method,status) VALUES (331,419,TO_DATE('2023-06-08','YYYY-MM-DD'),3168.16,'CREDIT_CARD','COMPLETED');

INSERT INTO orders (order_id,customer_id,order_date,status,total_amount,shipping_address) VALUES (420,100,TO_DATE('2024-06-18','YYYY-MM-DD'),'CONFIRMED',1658.97,'80 Donovan Fork, Casablanca');
INSERT INTO order_items (item_id,order_id,product_id,quantity,unit_price,line_total) VALUES (1052,420,44,3,552.99,1658.97);
INSERT INTO payments (payment_id,order_id,payment_date,amount,method,status) VALUES (332,420,TO_DATE('2024-06-18','YYYY-MM-DD'),1658.97,'DEBIT_CARD','COMPLETED');

INSERT INTO orders (order_id,customer_id,order_date,status,total_amount,shipping_address) VALUES (421,27,TO_DATE('2024-06-17','YYYY-MM-DD'),'DELIVERED',1088.94,'148 Meza Path, Casablanca');
INSERT INTO order_items (item_id,order_id,product_id,quantity,unit_price,line_total) VALUES (1053,421,41,2,258.64,517.28);
INSERT INTO order_items (item_id,order_id,product_id,quantity,unit_price,line_total) VALUES (1054,421,58,1,236.24,236.24);
INSERT INTO order_items (item_id,order_id,product_id,quantity,unit_price,line_total) VALUES (1055,421,14,1,335.42,335.42);
INSERT INTO payments (payment_id,order_id,payment_date,amount,method,status) VALUES (333,421,TO_DATE('2024-06-19','YYYY-MM-DD'),1088.94,'CREDIT_CARD','COMPLETED');

INSERT INTO orders (order_id,customer_id,order_date,status,total_amount,shipping_address) VALUES (422,113,TO_DATE('2023-05-01','YYYY-MM-DD'),'DELIVERED',27474.01,'41 Singleton Glen, Marrakech');
INSERT INTO order_items (item_id,order_id,product_id,quantity,unit_price,line_total) VALUES (1056,422,8,3,932.52,2797.56);
INSERT INTO order_items (item_id,order_id,product_id,quantity,unit_price,line_total) VALUES (1057,422,1,3,8181.02,24543.06);
INSERT INTO order_items (item_id,order_id,product_id,quantity,unit_price,line_total) VALUES (1058,422,40,1,133.39,133.39);
INSERT INTO payments (payment_id,order_id,payment_date,amount,method,status) VALUES (334,422,TO_DATE('2023-05-02','YYYY-MM-DD'),27474.01,'DEBIT_CARD','COMPLETED');

INSERT INTO orders (order_id,customer_id,order_date,status,total_amount,shipping_address) VALUES (423,70,TO_DATE('2023-05-25','YYYY-MM-DD'),'DELIVERED',2166.96,'63 Cynthia Plaza, Tetouan');
INSERT INTO order_items (item_id,order_id,product_id,quantity,unit_price,line_total) VALUES (1059,423,5,3,628.32,1884.96);
INSERT INTO order_items (item_id,order_id,product_id,quantity,unit_price,line_total) VALUES (1060,423,20,2,141.0,282.0);
INSERT INTO payments (payment_id,order_id,payment_date,amount,method,status) VALUES (335,423,TO_DATE('2023-05-28','YYYY-MM-DD'),2166.96,'CREDIT_CARD','COMPLETED');

INSERT INTO orders (order_id,customer_id,order_date,status,total_amount,shipping_address) VALUES (424,173,TO_DATE('2023-02-21','YYYY-MM-DD'),'CONFIRMED',991.76,'14 Martinez Hollow, Meknes');
INSERT INTO order_items (item_id,order_id,product_id,quantity,unit_price,line_total) VALUES (1061,424,28,2,495.88,991.76);
INSERT INTO payments (payment_id,order_id,payment_date,amount,method,status) VALUES (336,424,TO_DATE('2023-02-22','YYYY-MM-DD'),991.76,'BANK_TRANSFER','COMPLETED');

INSERT INTO orders (order_id,customer_id,order_date,status,total_amount,shipping_address) VALUES (425,162,TO_DATE('2024-04-01','YYYY-MM-DD'),'DELIVERED',954.51,'86 Wayne Extension, Tangier');
INSERT INTO order_items (item_id,order_id,product_id,quantity,unit_price,line_total) VALUES (1062,425,46,3,99.84,299.52);
INSERT INTO order_items (item_id,order_id,product_id,quantity,unit_price,line_total) VALUES (1063,425,49,3,218.33,654.99);
INSERT INTO payments (payment_id,order_id,payment_date,amount,method,status) VALUES (337,425,TO_DATE('2024-04-01','YYYY-MM-DD'),954.51,'MOBILE_PAYMENT','COMPLETED');

INSERT INTO orders (order_id,customer_id,order_date,status,total_amount,shipping_address) VALUES (426,120,TO_DATE('2023-05-15','YYYY-MM-DD'),'CONFIRMED',1614.25,'25 George Road, Oujda');
INSERT INTO order_items (item_id,order_id,product_id,quantity,unit_price,line_total) VALUES (1064,426,20,2,141.0,282.0);
INSERT INTO order_items (item_id,order_id,product_id,quantity,unit_price,line_total) VALUES (1065,426,44,2,552.99,1105.98);
INSERT INTO order_items (item_id,order_id,product_id,quantity,unit_price,line_total) VALUES (1066,426,42,1,126.43,126.43);
INSERT INTO order_items (item_id,order_id,product_id,quantity,unit_price,line_total) VALUES (1067,426,46,1,99.84,99.84);
INSERT INTO payments (payment_id,order_id,payment_date,amount,method,status) VALUES (338,426,TO_DATE('2023-05-16','YYYY-MM-DD'),1614.25,'CASH_ON_DELIVERY','COMPLETED');

INSERT INTO orders (order_id,customer_id,order_date,status,total_amount,shipping_address) VALUES (427,94,TO_DATE('2024-02-06','YYYY-MM-DD'),'SHIPPED',3786.39,'84 Kirby Port, Agadir');
INSERT INTO order_items (item_id,order_id,product_id,quantity,unit_price,line_total) VALUES (1068,427,32,1,180.13,180.13);
INSERT INTO order_items (item_id,order_id,product_id,quantity,unit_price,line_total) VALUES (1069,427,2,2,830.55,1661.1);
INSERT INTO order_items (item_id,order_id,product_id,quantity,unit_price,line_total) VALUES (1070,427,5,2,628.32,1256.64);
INSERT INTO order_items (item_id,order_id,product_id,quantity,unit_price,line_total) VALUES (1071,427,31,2,344.26,688.52);
INSERT INTO payments (payment_id,order_id,payment_date,amount,method,status) VALUES (339,427,TO_DATE('2024-02-07','YYYY-MM-DD'),3786.39,'CREDIT_CARD','COMPLETED');

INSERT INTO orders (order_id,customer_id,order_date,status,total_amount,shipping_address) VALUES (428,148,TO_DATE('2023-05-11','YYYY-MM-DD'),'CONFIRMED',1447.08,'183 Marcia Burgs, Meknes');
INSERT INTO order_items (item_id,order_id,product_id,quantity,unit_price,line_total) VALUES (1072,428,21,3,482.36,1447.08);
INSERT INTO payments (payment_id,order_id,payment_date,amount,method,status) VALUES (340,428,TO_DATE('2023-05-11','YYYY-MM-DD'),1447.08,'CASH_ON_DELIVERY','COMPLETED');

INSERT INTO orders (order_id,customer_id,order_date,status,total_amount,shipping_address) VALUES (429,103,TO_DATE('2024-02-28','YYYY-MM-DD'),'DELIVERED',780.8,'63 Brandon Row, Tetouan');
INSERT INTO order_items (item_id,order_id,product_id,quantity,unit_price,line_total) VALUES (1073,429,31,1,344.26,344.26);
INSERT INTO order_items (item_id,order_id,product_id,quantity,unit_price,line_total) VALUES (1074,429,25,2,218.27,436.54);
INSERT INTO payments (payment_id,order_id,payment_date,amount,method,status) VALUES (341,429,TO_DATE('2024-02-29','YYYY-MM-DD'),780.8,'CASH_ON_DELIVERY','COMPLETED');

INSERT INTO orders (order_id,customer_id,order_date,status,total_amount,shipping_address) VALUES (430,112,TO_DATE('2023-12-17','YYYY-MM-DD'),'DELIVERED',242.94,'170 Curtis Trafficway, Marrakech');
INSERT INTO order_items (item_id,order_id,product_id,quantity,unit_price,line_total) VALUES (1075,430,48,3,80.98,242.94);
INSERT INTO payments (payment_id,order_id,payment_date,amount,method,status) VALUES (342,430,TO_DATE('2023-12-20','YYYY-MM-DD'),242.94,'CREDIT_CARD','COMPLETED');

INSERT INTO orders (order_id,customer_id,order_date,status,total_amount,shipping_address) VALUES (431,84,TO_DATE('2023-04-10','YYYY-MM-DD'),'RETURNED',4167.32,'79 Montgomery Burgs, Marrakech');
INSERT INTO order_items (item_id,order_id,product_id,quantity,unit_price,line_total) VALUES (1076,431,5,3,628.32,1884.96);
INSERT INTO order_items (item_id,order_id,product_id,quantity,unit_price,line_total) VALUES (1077,431,39,2,148.11,296.22);
INSERT INTO order_items (item_id,order_id,product_id,quantity,unit_price,line_total) VALUES (1078,431,7,2,440.08,880.16);
INSERT INTO order_items (item_id,order_id,product_id,quantity,unit_price,line_total) VALUES (1079,431,44,2,552.99,1105.98);
INSERT INTO payments (payment_id,order_id,payment_date,amount,method,status) VALUES (343,431,TO_DATE('2023-04-10','YYYY-MM-DD'),4167.32,'CREDIT_CARD','REFUNDED');

INSERT INTO orders (order_id,customer_id,order_date,status,total_amount,shipping_address) VALUES (432,36,TO_DATE('2023-01-01','YYYY-MM-DD'),'SHIPPED',763.83,'116 Small Plains, Marrakech');
INSERT INTO order_items (item_id,order_id,product_id,quantity,unit_price,line_total) VALUES (1080,432,25,2,218.27,436.54);
INSERT INTO order_items (item_id,order_id,product_id,quantity,unit_price,line_total) VALUES (1081,432,40,1,133.39,133.39);
INSERT INTO order_items (item_id,order_id,product_id,quantity,unit_price,line_total) VALUES (1082,432,37,1,193.9,193.9);
INSERT INTO payments (payment_id,order_id,payment_date,amount,method,status) VALUES (344,432,TO_DATE('2023-01-03','YYYY-MM-DD'),763.83,'CREDIT_CARD','COMPLETED');

INSERT INTO orders (order_id,customer_id,order_date,status,total_amount,shipping_address) VALUES (433,174,TO_DATE('2023-11-08','YYYY-MM-DD'),'CANCELLED',400.17,'23 May Hollow, Agadir');
INSERT INTO order_items (item_id,order_id,product_id,quantity,unit_price,line_total) VALUES (1083,433,40,3,133.39,400.17);

INSERT INTO orders (order_id,customer_id,order_date,status,total_amount,shipping_address) VALUES (434,104,TO_DATE('2023-05-11','YYYY-MM-DD'),'DELIVERED',24543.06,'95 Sanchez Valley, Casablanca');
INSERT INTO order_items (item_id,order_id,product_id,quantity,unit_price,line_total) VALUES (1084,434,1,3,8181.02,24543.06);
INSERT INTO payments (payment_id,order_id,payment_date,amount,method,status) VALUES (345,434,TO_DATE('2023-05-13','YYYY-MM-DD'),24543.06,'CREDIT_CARD','COMPLETED');

INSERT INTO orders (order_id,customer_id,order_date,status,total_amount,shipping_address) VALUES (435,8,TO_DATE('2023-08-29','YYYY-MM-DD'),'CANCELLED',1193.32,'101 Evans Cliffs, Tetouan');
INSERT INTO order_items (item_id,order_id,product_id,quantity,unit_price,line_total) VALUES (1085,435,46,2,99.84,199.68);
INSERT INTO order_items (item_id,order_id,product_id,quantity,unit_price,line_total) VALUES (1086,435,25,2,218.27,436.54);
INSERT INTO order_items (item_id,order_id,product_id,quantity,unit_price,line_total) VALUES (1087,435,26,3,185.7,557.1);

INSERT INTO orders (order_id,customer_id,order_date,status,total_amount,shipping_address) VALUES (436,55,TO_DATE('2023-06-27','YYYY-MM-DD'),'RETURNED',2297.09,'49 Eric Mall, Marrakech');
INSERT INTO order_items (item_id,order_id,product_id,quantity,unit_price,line_total) VALUES (1088,436,54,1,196.62,196.62);
INSERT INTO order_items (item_id,order_id,product_id,quantity,unit_price,line_total) VALUES (1089,436,60,2,74.23,148.46);
INSERT INTO order_items (item_id,order_id,product_id,quantity,unit_price,line_total) VALUES (1090,436,24,3,402.56,1207.68);
INSERT INTO order_items (item_id,order_id,product_id,quantity,unit_price,line_total) VALUES (1091,436,27,1,744.33,744.33);
INSERT INTO payments (payment_id,order_id,payment_date,amount,method,status) VALUES (346,436,TO_DATE('2023-06-28','YYYY-MM-DD'),2297.09,'CREDIT_CARD','REFUNDED');

INSERT INTO orders (order_id,customer_id,order_date,status,total_amount,shipping_address) VALUES (437,166,TO_DATE('2023-01-17','YYYY-MM-DD'),'SHIPPED',10338.35,'169 Marshall Junctions, Oujda');
INSERT INTO order_items (item_id,order_id,product_id,quantity,unit_price,line_total) VALUES (1092,437,9,2,1315.33,2630.66);
INSERT INTO order_items (item_id,order_id,product_id,quantity,unit_price,line_total) VALUES (1093,437,6,2,3537.66,7075.32);
INSERT INTO order_items (item_id,order_id,product_id,quantity,unit_price,line_total) VALUES (1094,437,42,3,126.43,379.29);
INSERT INTO order_items (item_id,order_id,product_id,quantity,unit_price,line_total) VALUES (1095,437,52,3,84.36,253.08);
INSERT INTO payments (payment_id,order_id,payment_date,amount,method,status) VALUES (347,437,TO_DATE('2023-01-20','YYYY-MM-DD'),10338.35,'BANK_TRANSFER','COMPLETED');

INSERT INTO orders (order_id,customer_id,order_date,status,total_amount,shipping_address) VALUES (438,109,TO_DATE('2024-04-05','YYYY-MM-DD'),'CANCELLED',940.21,'58 Larry Stravenue, Agadir');
INSERT INTO order_items (item_id,order_id,product_id,quantity,unit_price,line_total) VALUES (1096,438,28,1,495.88,495.88);
INSERT INTO order_items (item_id,order_id,product_id,quantity,unit_price,line_total) VALUES (1097,438,39,3,148.11,444.33);

INSERT INTO orders (order_id,customer_id,order_date,status,total_amount,shipping_address) VALUES (439,128,TO_DATE('2023-08-31','YYYY-MM-DD'),'DELIVERED',18063.12,'140 Gross Wall, Meknes');
INSERT INTO order_items (item_id,order_id,product_id,quantity,unit_price,line_total) VALUES (1098,439,3,3,5777.02,17331.06);
INSERT INTO order_items (item_id,order_id,product_id,quantity,unit_price,line_total) VALUES (1099,439,37,2,193.9,387.8);
INSERT INTO order_items (item_id,order_id,product_id,quantity,unit_price,line_total) VALUES (1100,439,31,1,344.26,344.26);
INSERT INTO payments (payment_id,order_id,payment_date,amount,method,status) VALUES (348,439,TO_DATE('2023-09-03','YYYY-MM-DD'),18063.12,'MOBILE_PAYMENT','COMPLETED');

INSERT INTO orders (order_id,customer_id,order_date,status,total_amount,shipping_address) VALUES (440,187,TO_DATE('2024-06-23','YYYY-MM-DD'),'DELIVERED',2438.49,'133 Hester Curve, Oujda');
INSERT INTO order_items (item_id,order_id,product_id,quantity,unit_price,line_total) VALUES (1101,440,34,3,812.83,2438.49);
INSERT INTO payments (payment_id,order_id,payment_date,amount,method,status) VALUES (349,440,TO_DATE('2024-06-23','YYYY-MM-DD'),2438.49,'CREDIT_CARD','COMPLETED');

INSERT INTO orders (order_id,customer_id,order_date,status,total_amount,shipping_address) VALUES (441,170,TO_DATE('2023-03-21','YYYY-MM-DD'),'DELIVERED',25713.72,'14 Robertson Coves, Tetouan');
INSERT INTO order_items (item_id,order_id,product_id,quantity,unit_price,line_total) VALUES (1102,441,35,2,428.3,856.6);
INSERT INTO order_items (item_id,order_id,product_id,quantity,unit_price,line_total) VALUES (1103,441,50,2,157.03,314.06);
INSERT INTO order_items (item_id,order_id,product_id,quantity,unit_price,line_total) VALUES (1104,441,1,3,8181.02,24543.06);
INSERT INTO payments (payment_id,order_id,payment_date,amount,method,status) VALUES (350,441,TO_DATE('2023-03-24','YYYY-MM-DD'),25713.72,'BANK_TRANSFER','COMPLETED');

INSERT INTO orders (order_id,customer_id,order_date,status,total_amount,shipping_address) VALUES (442,91,TO_DATE('2023-10-29','YYYY-MM-DD'),'DELIVERED',2320.56,'10 Allen Crossing, Marrakech');
INSERT INTO order_items (item_id,order_id,product_id,quantity,unit_price,line_total) VALUES (1105,442,47,2,801.95,1603.9);
INSERT INTO order_items (item_id,order_id,product_id,quantity,unit_price,line_total) VALUES (1106,442,51,1,134.96,134.96);
INSERT INTO order_items (item_id,order_id,product_id,quantity,unit_price,line_total) VALUES (1107,442,37,3,193.9,581.7);
INSERT INTO payments (payment_id,order_id,payment_date,amount,method,status) VALUES (351,442,TO_DATE('2023-11-01','YYYY-MM-DD'),2320.56,'BANK_TRANSFER','COMPLETED');

INSERT INTO orders (order_id,customer_id,order_date,status,total_amount,shipping_address) VALUES (443,169,TO_DATE('2023-10-26','YYYY-MM-DD'),'PENDING',3945.99,'125 Cole Divide, Tangier');
INSERT INTO order_items (item_id,order_id,product_id,quantity,unit_price,line_total) VALUES (1108,443,9,3,1315.33,3945.99);

INSERT INTO orders (order_id,customer_id,order_date,status,total_amount,shipping_address) VALUES (444,20,TO_DATE('2023-10-12','YYYY-MM-DD'),'DELIVERED',886.59,'158 Brent Lights, Marrakech');
INSERT INTO order_items (item_id,order_id,product_id,quantity,unit_price,line_total) VALUES (1109,444,18,1,291.89,291.89);
INSERT INTO order_items (item_id,order_id,product_id,quantity,unit_price,line_total) VALUES (1110,444,55,3,119.13,357.39);
INSERT INTO order_items (item_id,order_id,product_id,quantity,unit_price,line_total) VALUES (1111,444,17,1,237.31,237.31);
INSERT INTO payments (payment_id,order_id,payment_date,amount,method,status) VALUES (352,444,TO_DATE('2023-10-13','YYYY-MM-DD'),886.59,'MOBILE_PAYMENT','COMPLETED');

INSERT INTO orders (order_id,customer_id,order_date,status,total_amount,shipping_address) VALUES (445,169,TO_DATE('2024-04-02','YYYY-MM-DD'),'DELIVERED',730.24,'67 Wright Way, Marrakech');
INSERT INTO order_items (item_id,order_id,product_id,quantity,unit_price,line_total) VALUES (1112,445,32,3,180.13,540.39);
INSERT INTO order_items (item_id,order_id,product_id,quantity,unit_price,line_total) VALUES (1113,445,12,1,189.85,189.85);
INSERT INTO payments (payment_id,order_id,payment_date,amount,method,status) VALUES (353,445,TO_DATE('2024-04-04','YYYY-MM-DD'),730.24,'MOBILE_PAYMENT','PENDING');

INSERT INTO orders (order_id,customer_id,order_date,status,total_amount,shipping_address) VALUES (446,153,TO_DATE('2023-06-07','YYYY-MM-DD'),'RETURNED',4077.35,'198 Lisa Ports, Meknes');
INSERT INTO order_items (item_id,order_id,product_id,quantity,unit_price,line_total) VALUES (1114,446,16,3,168.54,505.62);
INSERT INTO order_items (item_id,order_id,product_id,quantity,unit_price,line_total) VALUES (1115,446,43,1,187.29,187.29);
INSERT INTO order_items (item_id,order_id,product_id,quantity,unit_price,line_total) VALUES (1116,446,29,1,978.59,978.59);
INSERT INTO order_items (item_id,order_id,product_id,quantity,unit_price,line_total) VALUES (1117,446,47,3,801.95,2405.85);
INSERT INTO payments (payment_id,order_id,payment_date,amount,method,status) VALUES (354,446,TO_DATE('2023-06-09','YYYY-MM-DD'),4077.35,'CREDIT_CARD','REFUNDED');

INSERT INTO orders (order_id,customer_id,order_date,status,total_amount,shipping_address) VALUES (447,68,TO_DATE('2023-04-29','YYYY-MM-DD'),'PENDING',1990.73,'119 Lee Estate, Marrakech');
INSERT INTO order_items (item_id,order_id,product_id,quantity,unit_price,line_total) VALUES (1118,447,31,3,344.26,1032.78);
INSERT INTO order_items (item_id,order_id,product_id,quantity,unit_price,line_total) VALUES (1119,447,20,1,141.0,141.0);
INSERT INTO order_items (item_id,order_id,product_id,quantity,unit_price,line_total) VALUES (1120,447,48,2,80.98,161.96);
INSERT INTO order_items (item_id,order_id,product_id,quantity,unit_price,line_total) VALUES (1121,447,49,3,218.33,654.99);

INSERT INTO orders (order_id,customer_id,order_date,status,total_amount,shipping_address) VALUES (448,181,TO_DATE('2024-02-04','YYYY-MM-DD'),'RETURNED',17353.35,'38 Ferrell Mountain, Tangier');
INSERT INTO order_items (item_id,order_id,product_id,quantity,unit_price,line_total) VALUES (1122,448,1,2,8181.02,16362.04);
INSERT INTO order_items (item_id,order_id,product_id,quantity,unit_price,line_total) VALUES (1123,448,19,2,299.95,599.9);
INSERT INTO order_items (item_id,order_id,product_id,quantity,unit_price,line_total) VALUES (1124,448,60,3,74.23,222.69);
INSERT INTO order_items (item_id,order_id,product_id,quantity,unit_price,line_total) VALUES (1125,448,52,2,84.36,168.72);
INSERT INTO payments (payment_id,order_id,payment_date,amount,method,status) VALUES (355,448,TO_DATE('2024-02-04','YYYY-MM-DD'),17353.35,'CREDIT_CARD','REFUNDED');

INSERT INTO orders (order_id,customer_id,order_date,status,total_amount,shipping_address) VALUES (449,137,TO_DATE('2023-12-29','YYYY-MM-DD'),'CANCELLED',1140.6,'167 Koch Parks, Tetouan');
INSERT INTO order_items (item_id,order_id,product_id,quantity,unit_price,line_total) VALUES (1126,449,22,1,303.74,303.74);
INSERT INTO order_items (item_id,order_id,product_id,quantity,unit_price,line_total) VALUES (1127,449,18,2,291.89,583.78);
INSERT INTO order_items (item_id,order_id,product_id,quantity,unit_price,line_total) VALUES (1128,449,52,3,84.36,253.08);

INSERT INTO orders (order_id,customer_id,order_date,status,total_amount,shipping_address) VALUES (450,150,TO_DATE('2024-02-05','YYYY-MM-DD'),'RETURNED',3349.71,'188 Christopher Lock, Fes');
INSERT INTO order_items (item_id,order_id,product_id,quantity,unit_price,line_total) VALUES (1129,450,34,3,812.83,2438.49);
INSERT INTO order_items (item_id,order_id,product_id,quantity,unit_price,line_total) VALUES (1130,450,22,3,303.74,911.22);
INSERT INTO payments (payment_id,order_id,payment_date,amount,method,status) VALUES (356,450,TO_DATE('2024-02-06','YYYY-MM-DD'),3349.71,'DEBIT_CARD','REFUNDED');

INSERT INTO orders (order_id,customer_id,order_date,status,total_amount,shipping_address) VALUES (451,3,TO_DATE('2023-01-09','YYYY-MM-DD'),'CONFIRMED',812.83,'106 Levy Forge, Casablanca');
INSERT INTO order_items (item_id,order_id,product_id,quantity,unit_price,line_total) VALUES (1131,451,34,1,812.83,812.83);
INSERT INTO payments (payment_id,order_id,payment_date,amount,method,status) VALUES (357,451,TO_DATE('2023-01-12','YYYY-MM-DD'),812.83,'DEBIT_CARD','COMPLETED');

INSERT INTO orders (order_id,customer_id,order_date,status,total_amount,shipping_address) VALUES (452,65,TO_DATE('2023-07-17','YYYY-MM-DD'),'PENDING',910.29,'159 Williams Haven, Casablanca');
INSERT INTO order_items (item_id,order_id,product_id,quantity,unit_price,line_total) VALUES (1132,452,4,3,303.43,910.29);

INSERT INTO orders (order_id,customer_id,order_date,status,total_amount,shipping_address) VALUES (453,169,TO_DATE('2023-08-11','YYYY-MM-DD'),'CONFIRMED',1216.68,'23 Harper Ville, Rabat');
INSERT INTO order_items (item_id,order_id,product_id,quantity,unit_price,line_total) VALUES (1133,453,25,3,218.27,654.81);
INSERT INTO order_items (item_id,order_id,product_id,quantity,unit_price,line_total) VALUES (1134,453,43,3,187.29,561.87);
INSERT INTO payments (payment_id,order_id,payment_date,amount,method,status) VALUES (358,453,TO_DATE('2023-08-12','YYYY-MM-DD'),1216.68,'CASH_ON_DELIVERY','COMPLETED');

INSERT INTO orders (order_id,customer_id,order_date,status,total_amount,shipping_address) VALUES (454,65,TO_DATE('2023-10-29','YYYY-MM-DD'),'RETURNED',2404.18,'164 Mitchell Branch, Rabat');
INSERT INTO order_items (item_id,order_id,product_id,quantity,unit_price,line_total) VALUES (1135,454,60,3,74.23,222.69);
INSERT INTO order_items (item_id,order_id,product_id,quantity,unit_price,line_total) VALUES (1136,454,18,3,291.89,875.67);
INSERT INTO order_items (item_id,order_id,product_id,quantity,unit_price,line_total) VALUES (1137,454,50,2,157.03,314.06);
INSERT INTO order_items (item_id,order_id,product_id,quantity,unit_price,line_total) VALUES (1138,454,28,2,495.88,991.76);
INSERT INTO payments (payment_id,order_id,payment_date,amount,method,status) VALUES (359,454,TO_DATE('2023-10-30','YYYY-MM-DD'),2404.18,'CASH_ON_DELIVERY','REFUNDED');

INSERT INTO orders (order_id,customer_id,order_date,status,total_amount,shipping_address) VALUES (455,71,TO_DATE('2023-03-05','YYYY-MM-DD'),'CANCELLED',474.62,'86 Ryan Greens, Meknes');
INSERT INTO order_items (item_id,order_id,product_id,quantity,unit_price,line_total) VALUES (1139,455,17,2,237.31,474.62);

INSERT INTO orders (order_id,customer_id,order_date,status,total_amount,shipping_address) VALUES (456,46,TO_DATE('2024-03-27','YYYY-MM-DD'),'CONFIRMED',1369.48,'52 Gallagher Lakes, Oujda');
INSERT INTO order_items (item_id,order_id,product_id,quantity,unit_price,line_total) VALUES (1140,456,12,1,189.85,189.85);
INSERT INTO order_items (item_id,order_id,product_id,quantity,unit_price,line_total) VALUES (1141,456,42,3,126.43,379.29);
INSERT INTO order_items (item_id,order_id,product_id,quantity,unit_price,line_total) VALUES (1142,456,32,2,180.13,360.26);
INSERT INTO order_items (item_id,order_id,product_id,quantity,unit_price,line_total) VALUES (1143,456,7,1,440.08,440.08);
INSERT INTO payments (payment_id,order_id,payment_date,amount,method,status) VALUES (360,456,TO_DATE('2024-03-27','YYYY-MM-DD'),1369.48,'MOBILE_PAYMENT','COMPLETED');

INSERT INTO orders (order_id,customer_id,order_date,status,total_amount,shipping_address) VALUES (457,27,TO_DATE('2023-02-05','YYYY-MM-DD'),'CONFIRMED',3784.3,'147 Richard Port, Rabat');
INSERT INTO order_items (item_id,order_id,product_id,quantity,unit_price,line_total) VALUES (1144,457,50,2,157.03,314.06);
INSERT INTO order_items (item_id,order_id,product_id,quantity,unit_price,line_total) VALUES (1145,457,29,1,978.59,978.59);
INSERT INTO order_items (item_id,order_id,product_id,quantity,unit_price,line_total) VALUES (1146,457,2,3,830.55,2491.65);
INSERT INTO payments (payment_id,order_id,payment_date,amount,method,status) VALUES (361,457,TO_DATE('2023-02-05','YYYY-MM-DD'),3784.3,'MOBILE_PAYMENT','COMPLETED');

INSERT INTO orders (order_id,customer_id,order_date,status,total_amount,shipping_address) VALUES (458,69,TO_DATE('2023-06-05','YYYY-MM-DD'),'DELIVERED',1917.75,'148 Michael Heights, Meknes');
INSERT INTO order_items (item_id,order_id,product_id,quantity,unit_price,line_total) VALUES (1147,458,33,3,639.25,1917.75);
INSERT INTO payments (payment_id,order_id,payment_date,amount,method,status) VALUES (362,458,TO_DATE('2023-06-08','YYYY-MM-DD'),1917.75,'DEBIT_CARD','COMPLETED');

INSERT INTO orders (order_id,customer_id,order_date,status,total_amount,shipping_address) VALUES (459,187,TO_DATE('2023-03-13','YYYY-MM-DD'),'DELIVERED',3686.2,'99 Paul Mission, Casablanca');
INSERT INTO order_items (item_id,order_id,product_id,quantity,unit_price,line_total) VALUES (1148,459,8,2,932.52,1865.04);
INSERT INTO order_items (item_id,order_id,product_id,quantity,unit_price,line_total) VALUES (1149,459,37,2,193.9,387.8);
INSERT INTO order_items (item_id,order_id,product_id,quantity,unit_price,line_total) VALUES (1150,459,35,3,428.3,1284.9);
INSERT INTO order_items (item_id,order_id,product_id,quantity,unit_price,line_total) VALUES (1151,459,60,2,74.23,148.46);
INSERT INTO payments (payment_id,order_id,payment_date,amount,method,status) VALUES (363,459,TO_DATE('2023-03-16','YYYY-MM-DD'),3686.2,'CREDIT_CARD','PENDING');

INSERT INTO orders (order_id,customer_id,order_date,status,total_amount,shipping_address) VALUES (460,166,TO_DATE('2023-04-03','YYYY-MM-DD'),'DELIVERED',393.24,'88 Bryan Road, Kenitra');
INSERT INTO order_items (item_id,order_id,product_id,quantity,unit_price,line_total) VALUES (1152,460,54,2,196.62,393.24);
INSERT INTO payments (payment_id,order_id,payment_date,amount,method,status) VALUES (364,460,TO_DATE('2023-04-05','YYYY-MM-DD'),393.24,'BANK_TRANSFER','COMPLETED');

INSERT INTO orders (order_id,customer_id,order_date,status,total_amount,shipping_address) VALUES (461,11,TO_DATE('2024-01-29','YYYY-MM-DD'),'DELIVERED',2661.34,'179 David Court, Tangier');
INSERT INTO order_items (item_id,order_id,product_id,quantity,unit_price,line_total) VALUES (1153,461,58,2,236.24,472.48);
INSERT INTO order_items (item_id,order_id,product_id,quantity,unit_price,line_total) VALUES (1154,461,7,2,440.08,880.16);
INSERT INTO order_items (item_id,order_id,product_id,quantity,unit_price,line_total) VALUES (1155,461,41,1,258.64,258.64);
INSERT INTO order_items (item_id,order_id,product_id,quantity,unit_price,line_total) VALUES (1156,461,45,3,350.02,1050.06);
INSERT INTO payments (payment_id,order_id,payment_date,amount,method,status) VALUES (365,461,TO_DATE('2024-02-01','YYYY-MM-DD'),2661.34,'BANK_TRANSFER','COMPLETED');

INSERT INTO orders (order_id,customer_id,order_date,status,total_amount,shipping_address) VALUES (462,50,TO_DATE('2023-01-26','YYYY-MM-DD'),'DELIVERED',404.88,'100 Brooks Junction, Oujda');
INSERT INTO order_items (item_id,order_id,product_id,quantity,unit_price,line_total) VALUES (1157,462,51,3,134.96,404.88);
INSERT INTO payments (payment_id,order_id,payment_date,amount,method,status) VALUES (366,462,TO_DATE('2023-01-28','YYYY-MM-DD'),404.88,'DEBIT_CARD','PENDING');

INSERT INTO orders (order_id,customer_id,order_date,status,total_amount,shipping_address) VALUES (463,116,TO_DATE('2023-01-17','YYYY-MM-DD'),'PENDING',6848.89,'15 Fischer Flat, Agadir');
INSERT INTO order_items (item_id,order_id,product_id,quantity,unit_price,line_total) VALUES (1158,463,51,2,134.96,269.92);
INSERT INTO order_items (item_id,order_id,product_id,quantity,unit_price,line_total) VALUES (1159,463,47,1,801.95,801.95);
INSERT INTO order_items (item_id,order_id,product_id,quantity,unit_price,line_total) VALUES (1160,463,3,1,5777.02,5777.02);

INSERT INTO orders (order_id,customer_id,order_date,status,total_amount,shipping_address) VALUES (464,168,TO_DATE('2024-06-19','YYYY-MM-DD'),'RETURNED',1959.19,'39 Porter Cape, Kenitra');
INSERT INTO order_items (item_id,order_id,product_id,quantity,unit_price,line_total) VALUES (1161,464,60,1,74.23,74.23);
INSERT INTO order_items (item_id,order_id,product_id,quantity,unit_price,line_total) VALUES (1162,464,5,3,628.32,1884.96);
INSERT INTO payments (payment_id,order_id,payment_date,amount,method,status) VALUES (367,464,TO_DATE('2024-06-20','YYYY-MM-DD'),1959.19,'DEBIT_CARD','REFUNDED');

INSERT INTO orders (order_id,customer_id,order_date,status,total_amount,shipping_address) VALUES (465,5,TO_DATE('2024-04-27','YYYY-MM-DD'),'PENDING',24732.91,'180 Derrick Isle, Fes');
INSERT INTO order_items (item_id,order_id,product_id,quantity,unit_price,line_total) VALUES (1163,465,1,3,8181.02,24543.06);
INSERT INTO order_items (item_id,order_id,product_id,quantity,unit_price,line_total) VALUES (1164,465,12,1,189.85,189.85);

INSERT INTO orders (order_id,customer_id,order_date,status,total_amount,shipping_address) VALUES (466,79,TO_DATE('2023-04-10','YYYY-MM-DD'),'RETURNED',179.64,'44 Stone Drive, Tetouan');
INSERT INTO order_items (item_id,order_id,product_id,quantity,unit_price,line_total) VALUES (1165,466,53,1,179.64,179.64);
INSERT INTO payments (payment_id,order_id,payment_date,amount,method,status) VALUES (368,466,TO_DATE('2023-04-10','YYYY-MM-DD'),179.64,'DEBIT_CARD','REFUNDED');

INSERT INTO orders (order_id,customer_id,order_date,status,total_amount,shipping_address) VALUES (467,158,TO_DATE('2023-08-14','YYYY-MM-DD'),'CONFIRMED',808.28,'110 Mark Ridge, Fes');
INSERT INTO order_items (item_id,order_id,product_id,quantity,unit_price,line_total) VALUES (1166,467,52,3,84.36,253.08);
INSERT INTO order_items (item_id,order_id,product_id,quantity,unit_price,line_total) VALUES (1167,467,54,2,196.62,393.24);
INSERT INTO order_items (item_id,order_id,product_id,quantity,unit_price,line_total) VALUES (1168,467,48,2,80.98,161.96);
INSERT INTO payments (payment_id,order_id,payment_date,amount,method,status) VALUES (369,467,TO_DATE('2023-08-14','YYYY-MM-DD'),808.28,'MOBILE_PAYMENT','COMPLETED');

INSERT INTO orders (order_id,customer_id,order_date,status,total_amount,shipping_address) VALUES (468,36,TO_DATE('2023-11-26','YYYY-MM-DD'),'DELIVERED',1560.38,'152 Martin Ridges, Casablanca');
INSERT INTO order_items (item_id,order_id,product_id,quantity,unit_price,line_total) VALUES (1169,468,22,1,303.74,303.74);
INSERT INTO order_items (item_id,order_id,product_id,quantity,unit_price,line_total) VALUES (1170,468,5,2,628.32,1256.64);
INSERT INTO payments (payment_id,order_id,payment_date,amount,method,status) VALUES (370,468,TO_DATE('2023-11-27','YYYY-MM-DD'),1560.38,'CASH_ON_DELIVERY','COMPLETED');

INSERT INTO orders (order_id,customer_id,order_date,status,total_amount,shipping_address) VALUES (469,95,TO_DATE('2023-06-18','YYYY-MM-DD'),'RETURNED',1315.33,'149 Wheeler Parkways, Fes');
INSERT INTO order_items (item_id,order_id,product_id,quantity,unit_price,line_total) VALUES (1171,469,9,1,1315.33,1315.33);
INSERT INTO payments (payment_id,order_id,payment_date,amount,method,status) VALUES (371,469,TO_DATE('2023-06-21','YYYY-MM-DD'),1315.33,'CASH_ON_DELIVERY','REFUNDED');

INSERT INTO orders (order_id,customer_id,order_date,status,total_amount,shipping_address) VALUES (470,5,TO_DATE('2024-05-13','YYYY-MM-DD'),'CONFIRMED',10835.67,'2 Erickson Hills, Casablanca');
INSERT INTO order_items (item_id,order_id,product_id,quantity,unit_price,line_total) VALUES (1172,470,60,3,74.23,222.69);
INSERT INTO order_items (item_id,order_id,product_id,quantity,unit_price,line_total) VALUES (1173,470,6,3,3537.66,10612.98);
INSERT INTO payments (payment_id,order_id,payment_date,amount,method,status) VALUES (372,470,TO_DATE('2024-05-15','YYYY-MM-DD'),10835.67,'DEBIT_CARD','COMPLETED');

INSERT INTO orders (order_id,customer_id,order_date,status,total_amount,shipping_address) VALUES (471,198,TO_DATE('2024-05-02','YYYY-MM-DD'),'SHIPPED',4024.41,'37 Cabrera Land, Fes');
INSERT INTO order_items (item_id,order_id,product_id,quantity,unit_price,line_total) VALUES (1174,471,34,1,812.83,812.83);
INSERT INTO order_items (item_id,order_id,product_id,quantity,unit_price,line_total) VALUES (1175,471,29,1,978.59,978.59);
INSERT INTO order_items (item_id,order_id,product_id,quantity,unit_price,line_total) VALUES (1176,471,27,3,744.33,2232.99);
INSERT INTO payments (payment_id,order_id,payment_date,amount,method,status) VALUES (373,471,TO_DATE('2024-05-02','YYYY-MM-DD'),4024.41,'BANK_TRANSFER','COMPLETED');

INSERT INTO orders (order_id,customer_id,order_date,status,total_amount,shipping_address) VALUES (472,157,TO_DATE('2023-04-01','YYYY-MM-DD'),'DELIVERED',279.58,'108 Nunez Mall, Agadir');
INSERT INTO order_items (item_id,order_id,product_id,quantity,unit_price,line_total) VALUES (1177,472,36,1,279.58,279.58);
INSERT INTO payments (payment_id,order_id,payment_date,amount,method,status) VALUES (374,472,TO_DATE('2023-04-02','YYYY-MM-DD'),279.58,'CREDIT_CARD','COMPLETED');

INSERT INTO orders (order_id,customer_id,order_date,status,total_amount,shipping_address) VALUES (473,25,TO_DATE('2024-01-06','YYYY-MM-DD'),'DELIVERED',595.32,'198 Robles Stream, Oujda');
INSERT INTO order_items (item_id,order_id,product_id,quantity,unit_price,line_total) VALUES (1178,473,18,1,291.89,291.89);
INSERT INTO order_items (item_id,order_id,product_id,quantity,unit_price,line_total) VALUES (1179,473,4,1,303.43,303.43);
INSERT INTO payments (payment_id,order_id,payment_date,amount,method,status) VALUES (375,473,TO_DATE('2024-01-07','YYYY-MM-DD'),595.32,'BANK_TRANSFER','PENDING');

INSERT INTO orders (order_id,customer_id,order_date,status,total_amount,shipping_address) VALUES (474,122,TO_DATE('2024-05-24','YYYY-MM-DD'),'SHIPPED',910.29,'172 Candice Greens, Marrakech');
INSERT INTO order_items (item_id,order_id,product_id,quantity,unit_price,line_total) VALUES (1180,474,4,3,303.43,910.29);
INSERT INTO payments (payment_id,order_id,payment_date,amount,method,status) VALUES (376,474,TO_DATE('2024-05-26','YYYY-MM-DD'),910.29,'CREDIT_CARD','COMPLETED');

INSERT INTO orders (order_id,customer_id,order_date,status,total_amount,shipping_address) VALUES (475,86,TO_DATE('2024-04-09','YYYY-MM-DD'),'PENDING',222.69,'190 Jennifer Prairie, Rabat');
INSERT INTO order_items (item_id,order_id,product_id,quantity,unit_price,line_total) VALUES (1181,475,60,3,74.23,222.69);

INSERT INTO orders (order_id,customer_id,order_date,status,total_amount,shipping_address) VALUES (476,46,TO_DATE('2023-06-11','YYYY-MM-DD'),'PENDING',628.32,'132 Jackson Roads, Oujda');
INSERT INTO order_items (item_id,order_id,product_id,quantity,unit_price,line_total) VALUES (1182,476,5,1,628.32,628.32);

INSERT INTO orders (order_id,customer_id,order_date,status,total_amount,shipping_address) VALUES (477,185,TO_DATE('2024-03-31','YYYY-MM-DD'),'DELIVERED',1567.85,'51 Hernandez Springs, Meknes');
INSERT INTO order_items (item_id,order_id,product_id,quantity,unit_price,line_total) VALUES (1183,477,15,2,239.15,478.3);
INSERT INTO order_items (item_id,order_id,product_id,quantity,unit_price,line_total) VALUES (1184,477,50,1,157.03,157.03);
INSERT INTO order_items (item_id,order_id,product_id,quantity,unit_price,line_total) VALUES (1185,477,8,1,932.52,932.52);
INSERT INTO payments (payment_id,order_id,payment_date,amount,method,status) VALUES (377,477,TO_DATE('2024-04-01','YYYY-MM-DD'),1567.85,'BANK_TRANSFER','COMPLETED');

INSERT INTO orders (order_id,customer_id,order_date,status,total_amount,shipping_address) VALUES (478,97,TO_DATE('2023-08-14','YYYY-MM-DD'),'CONFIRMED',2049.52,'150 Anthony Squares, Oujda');
INSERT INTO order_items (item_id,order_id,product_id,quantity,unit_price,line_total) VALUES (1186,478,4,1,303.43,303.43);
INSERT INTO order_items (item_id,order_id,product_id,quantity,unit_price,line_total) VALUES (1187,478,57,3,77.66,232.98);
INSERT INTO order_items (item_id,order_id,product_id,quantity,unit_price,line_total) VALUES (1188,478,28,2,495.88,991.76);
INSERT INTO order_items (item_id,order_id,product_id,quantity,unit_price,line_total) VALUES (1189,478,10,1,521.35,521.35);
INSERT INTO payments (payment_id,order_id,payment_date,amount,method,status) VALUES (378,478,TO_DATE('2023-08-17','YYYY-MM-DD'),2049.52,'DEBIT_CARD','COMPLETED');

INSERT INTO orders (order_id,customer_id,order_date,status,total_amount,shipping_address) VALUES (479,50,TO_DATE('2024-01-03','YYYY-MM-DD'),'DELIVERED',17681.08,'86 James Mill, Fes');
INSERT INTO order_items (item_id,order_id,product_id,quantity,unit_price,line_total) VALUES (1190,479,3,3,5777.02,17331.06);
INSERT INTO order_items (item_id,order_id,product_id,quantity,unit_price,line_total) VALUES (1191,479,45,1,350.02,350.02);
INSERT INTO payments (payment_id,order_id,payment_date,amount,method,status) VALUES (379,479,TO_DATE('2024-01-05','YYYY-MM-DD'),17681.08,'CREDIT_CARD','COMPLETED');

INSERT INTO orders (order_id,customer_id,order_date,status,total_amount,shipping_address) VALUES (480,118,TO_DATE('2024-03-04','YYYY-MM-DD'),'SHIPPED',1495.37,'57 Barnes Loop, Agadir');
INSERT INTO order_items (item_id,order_id,product_id,quantity,unit_price,line_total) VALUES (1192,480,39,3,148.11,444.33);
INSERT INTO order_items (item_id,order_id,product_id,quantity,unit_price,line_total) VALUES (1193,480,11,3,305.36,916.08);
INSERT INTO order_items (item_id,order_id,product_id,quantity,unit_price,line_total) VALUES (1194,480,51,1,134.96,134.96);
INSERT INTO payments (payment_id,order_id,payment_date,amount,method,status) VALUES (380,480,TO_DATE('2024-03-05','YYYY-MM-DD'),1495.37,'CREDIT_CARD','COMPLETED');

INSERT INTO orders (order_id,customer_id,order_date,status,total_amount,shipping_address) VALUES (481,126,TO_DATE('2023-08-10','YYYY-MM-DD'),'RETURNED',1603.9,'72 Robert Trail, Oujda');
INSERT INTO order_items (item_id,order_id,product_id,quantity,unit_price,line_total) VALUES (1195,481,47,2,801.95,1603.9);
INSERT INTO payments (payment_id,order_id,payment_date,amount,method,status) VALUES (381,481,TO_DATE('2023-08-11','YYYY-MM-DD'),1603.9,'CREDIT_CARD','REFUNDED');

INSERT INTO orders (order_id,customer_id,order_date,status,total_amount,shipping_address) VALUES (482,112,TO_DATE('2023-08-16','YYYY-MM-DD'),'SHIPPED',19750.31,'2 Salas Street, Tetouan');
INSERT INTO order_items (item_id,order_id,product_id,quantity,unit_price,line_total) VALUES (1196,482,3,3,5777.02,17331.06);
INSERT INTO order_items (item_id,order_id,product_id,quantity,unit_price,line_total) VALUES (1197,482,31,1,344.26,344.26);
INSERT INTO order_items (item_id,order_id,product_id,quantity,unit_price,line_total) VALUES (1198,482,47,2,801.95,1603.9);
INSERT INTO order_items (item_id,order_id,product_id,quantity,unit_price,line_total) VALUES (1199,482,50,3,157.03,471.09);
INSERT INTO payments (payment_id,order_id,payment_date,amount,method,status) VALUES (382,482,TO_DATE('2023-08-19','YYYY-MM-DD'),19750.31,'DEBIT_CARD','COMPLETED');

INSERT INTO orders (order_id,customer_id,order_date,status,total_amount,shipping_address) VALUES (483,26,TO_DATE('2024-04-08','YYYY-MM-DD'),'RETURNED',1050.06,'22 Janice Path, Fes');
INSERT INTO order_items (item_id,order_id,product_id,quantity,unit_price,line_total) VALUES (1200,483,45,3,350.02,1050.06);
INSERT INTO payments (payment_id,order_id,payment_date,amount,method,status) VALUES (383,483,TO_DATE('2024-04-11','YYYY-MM-DD'),1050.06,'MOBILE_PAYMENT','REFUNDED');

INSERT INTO orders (order_id,customer_id,order_date,status,total_amount,shipping_address) VALUES (484,34,TO_DATE('2024-01-03','YYYY-MM-DD'),'DELIVERED',1661.1,'166 Ann Shore, Fes');
INSERT INTO order_items (item_id,order_id,product_id,quantity,unit_price,line_total) VALUES (1201,484,2,2,830.55,1661.1);
INSERT INTO payments (payment_id,order_id,payment_date,amount,method,status) VALUES (384,484,TO_DATE('2024-01-05','YYYY-MM-DD'),1661.1,'CREDIT_CARD','COMPLETED');

INSERT INTO orders (order_id,customer_id,order_date,status,total_amount,shipping_address) VALUES (485,147,TO_DATE('2023-01-25','YYYY-MM-DD'),'RETURNED',1349.74,'198 Fox Island, Oujda');
INSERT INTO order_items (item_id,order_id,product_id,quantity,unit_price,line_total) VALUES (1202,485,56,2,624.95,1249.9);
INSERT INTO order_items (item_id,order_id,product_id,quantity,unit_price,line_total) VALUES (1203,485,46,1,99.84,99.84);
INSERT INTO payments (payment_id,order_id,payment_date,amount,method,status) VALUES (385,485,TO_DATE('2023-01-27','YYYY-MM-DD'),1349.74,'BANK_TRANSFER','REFUNDED');

INSERT INTO orders (order_id,customer_id,order_date,status,total_amount,shipping_address) VALUES (486,181,TO_DATE('2023-01-02','YYYY-MM-DD'),'CONFIRMED',14079.55,'177 Steve Place, Meknes');
INSERT INTO order_items (item_id,order_id,product_id,quantity,unit_price,line_total) VALUES (1204,486,34,2,812.83,1625.66);
INSERT INTO order_items (item_id,order_id,product_id,quantity,unit_price,line_total) VALUES (1205,486,3,2,5777.02,11554.04);
INSERT INTO order_items (item_id,order_id,product_id,quantity,unit_price,line_total) VALUES (1206,486,19,3,299.95,899.85);
INSERT INTO payments (payment_id,order_id,payment_date,amount,method,status) VALUES (386,486,TO_DATE('2023-01-03','YYYY-MM-DD'),14079.55,'CASH_ON_DELIVERY','COMPLETED');

INSERT INTO orders (order_id,customer_id,order_date,status,total_amount,shipping_address) VALUES (487,86,TO_DATE('2023-02-26','YYYY-MM-DD'),'DELIVERED',18642.87,'29 Payne Springs, Casablanca');
INSERT INTO order_items (item_id,order_id,product_id,quantity,unit_price,line_total) VALUES (1207,487,24,2,402.56,805.12);
INSERT INTO order_items (item_id,order_id,product_id,quantity,unit_price,line_total) VALUES (1208,487,30,2,186.65,373.3);
INSERT INTO order_items (item_id,order_id,product_id,quantity,unit_price,line_total) VALUES (1209,487,40,1,133.39,133.39);
INSERT INTO order_items (item_id,order_id,product_id,quantity,unit_price,line_total) VALUES (1210,487,3,3,5777.02,17331.06);
INSERT INTO payments (payment_id,order_id,payment_date,amount,method,status) VALUES (387,487,TO_DATE('2023-02-26','YYYY-MM-DD'),18642.87,'BANK_TRANSFER','COMPLETED');

INSERT INTO orders (order_id,customer_id,order_date,status,total_amount,shipping_address) VALUES (488,36,TO_DATE('2023-12-09','YYYY-MM-DD'),'DELIVERED',2712.1,'30 Bishop Fields, Kenitra');
INSERT INTO order_items (item_id,order_id,product_id,quantity,unit_price,line_total) VALUES (1211,488,48,3,80.98,242.94);
INSERT INTO order_items (item_id,order_id,product_id,quantity,unit_price,line_total) VALUES (1212,488,49,1,218.33,218.33);
INSERT INTO order_items (item_id,order_id,product_id,quantity,unit_price,line_total) VALUES (1213,488,38,3,541.96,1625.88);
INSERT INTO order_items (item_id,order_id,product_id,quantity,unit_price,line_total) VALUES (1214,488,56,1,624.95,624.95);
INSERT INTO payments (payment_id,order_id,payment_date,amount,method,status) VALUES (388,488,TO_DATE('2023-12-11','YYYY-MM-DD'),2712.1,'DEBIT_CARD','COMPLETED');

INSERT INTO orders (order_id,customer_id,order_date,status,total_amount,shipping_address) VALUES (489,175,TO_DATE('2024-03-09','YYYY-MM-DD'),'DELIVERED',3399.13,'17 Joshua Hills, Casablanca');
INSERT INTO order_items (item_id,order_id,product_id,quantity,unit_price,line_total) VALUES (1215,489,23,3,94.41,283.23);
INSERT INTO order_items (item_id,order_id,product_id,quantity,unit_price,line_total) VALUES (1216,489,29,3,978.59,2935.77);
INSERT INTO order_items (item_id,order_id,product_id,quantity,unit_price,line_total) VALUES (1217,489,32,1,180.13,180.13);
INSERT INTO payments (payment_id,order_id,payment_date,amount,method,status) VALUES (389,489,TO_DATE('2024-03-12','YYYY-MM-DD'),3399.13,'BANK_TRANSFER','COMPLETED');

INSERT INTO orders (order_id,customer_id,order_date,status,total_amount,shipping_address) VALUES (490,137,TO_DATE('2023-10-27','YYYY-MM-DD'),'RETURNED',439.44,'95 Shelly Hills, Tetouan');
INSERT INTO order_items (item_id,order_id,product_id,quantity,unit_price,line_total) VALUES (1218,490,13,2,219.72,439.44);
INSERT INTO payments (payment_id,order_id,payment_date,amount,method,status) VALUES (390,490,TO_DATE('2023-10-27','YYYY-MM-DD'),439.44,'CREDIT_CARD','REFUNDED');

INSERT INTO orders (order_id,customer_id,order_date,status,total_amount,shipping_address) VALUES (491,46,TO_DATE('2023-10-23','YYYY-MM-DD'),'CONFIRMED',2736.41,'43 Bush Spurs, Rabat');
INSERT INTO order_items (item_id,order_id,product_id,quantity,unit_price,line_total) VALUES (1219,491,8,2,932.52,1865.04);
INSERT INTO order_items (item_id,order_id,product_id,quantity,unit_price,line_total) VALUES (1220,491,45,1,350.02,350.02);
INSERT INTO order_items (item_id,order_id,product_id,quantity,unit_price,line_total) VALUES (1221,491,10,1,521.35,521.35);
INSERT INTO payments (payment_id,order_id,payment_date,amount,method,status) VALUES (391,491,TO_DATE('2023-10-23','YYYY-MM-DD'),2736.41,'CREDIT_CARD','PENDING');

INSERT INTO orders (order_id,customer_id,order_date,status,total_amount,shipping_address) VALUES (492,139,TO_DATE('2023-05-16','YYYY-MM-DD'),'RETURNED',1337.91,'108 Stewart Keys, Agadir');
INSERT INTO order_items (item_id,order_id,product_id,quantity,unit_price,line_total) VALUES (1222,492,48,1,80.98,80.98);
INSERT INTO order_items (item_id,order_id,product_id,quantity,unit_price,line_total) VALUES (1223,492,42,1,126.43,126.43);
INSERT INTO order_items (item_id,order_id,product_id,quantity,unit_price,line_total) VALUES (1224,492,2,1,830.55,830.55);
INSERT INTO order_items (item_id,order_id,product_id,quantity,unit_price,line_total) VALUES (1225,492,19,1,299.95,299.95);
INSERT INTO payments (payment_id,order_id,payment_date,amount,method,status) VALUES (392,492,TO_DATE('2023-05-18','YYYY-MM-DD'),1337.91,'DEBIT_CARD','REFUNDED');

INSERT INTO orders (order_id,customer_id,order_date,status,total_amount,shipping_address) VALUES (493,88,TO_DATE('2023-12-01','YYYY-MM-DD'),'RETURNED',2217.43,'171 Roberts Ports, Tetouan');
INSERT INTO order_items (item_id,order_id,product_id,quantity,unit_price,line_total) VALUES (1226,493,30,2,186.65,373.3);
INSERT INTO order_items (item_id,order_id,product_id,quantity,unit_price,line_total) VALUES (1227,493,20,1,141.0,141.0);
INSERT INTO order_items (item_id,order_id,product_id,quantity,unit_price,line_total) VALUES (1228,493,37,2,193.9,387.8);
INSERT INTO order_items (item_id,order_id,product_id,quantity,unit_price,line_total) VALUES (1229,493,9,1,1315.33,1315.33);
INSERT INTO payments (payment_id,order_id,payment_date,amount,method,status) VALUES (393,493,TO_DATE('2023-12-04','YYYY-MM-DD'),2217.43,'DEBIT_CARD','REFUNDED');

INSERT INTO orders (order_id,customer_id,order_date,status,total_amount,shipping_address) VALUES (494,74,TO_DATE('2023-02-18','YYYY-MM-DD'),'SHIPPED',1356.93,'73 Huang Locks, Agadir');
INSERT INTO order_items (item_id,order_id,product_id,quantity,unit_price,line_total) VALUES (1230,494,11,3,305.36,916.08);
INSERT INTO order_items (item_id,order_id,product_id,quantity,unit_price,line_total) VALUES (1231,494,40,2,133.39,266.78);
INSERT INTO order_items (item_id,order_id,product_id,quantity,unit_price,line_total) VALUES (1232,494,60,1,74.23,74.23);
INSERT INTO order_items (item_id,order_id,product_id,quantity,unit_price,line_total) VALUES (1233,494,46,1,99.84,99.84);
INSERT INTO payments (payment_id,order_id,payment_date,amount,method,status) VALUES (394,494,TO_DATE('2023-02-19','YYYY-MM-DD'),1356.93,'CREDIT_CARD','COMPLETED');

INSERT INTO orders (order_id,customer_id,order_date,status,total_amount,shipping_address) VALUES (495,82,TO_DATE('2023-05-10','YYYY-MM-DD'),'RETURNED',1285.84,'95 Blevins Unions, Tangier');
INSERT INTO order_items (item_id,order_id,product_id,quantity,unit_price,line_total) VALUES (1234,495,14,3,335.42,1006.26);
INSERT INTO order_items (item_id,order_id,product_id,quantity,unit_price,line_total) VALUES (1235,495,36,1,279.58,279.58);
INSERT INTO payments (payment_id,order_id,payment_date,amount,method,status) VALUES (395,495,TO_DATE('2023-05-12','YYYY-MM-DD'),1285.84,'MOBILE_PAYMENT','REFUNDED');

INSERT INTO orders (order_id,customer_id,order_date,status,total_amount,shipping_address) VALUES (496,38,TO_DATE('2024-01-17','YYYY-MM-DD'),'RETURNED',2881.33,'42 Kelly Heights, Kenitra');
INSERT INTO order_items (item_id,order_id,product_id,quantity,unit_price,line_total) VALUES (1236,496,8,2,932.52,1865.04);
INSERT INTO order_items (item_id,order_id,product_id,quantity,unit_price,line_total) VALUES (1237,496,59,2,92.87,185.74);
INSERT INTO order_items (item_id,order_id,product_id,quantity,unit_price,line_total) VALUES (1238,496,2,1,830.55,830.55);
INSERT INTO payments (payment_id,order_id,payment_date,amount,method,status) VALUES (396,496,TO_DATE('2024-01-20','YYYY-MM-DD'),2881.33,'MOBILE_PAYMENT','REFUNDED');

INSERT INTO orders (order_id,customer_id,order_date,status,total_amount,shipping_address) VALUES (497,40,TO_DATE('2023-01-05','YYYY-MM-DD'),'DELIVERED',1361.9,'122 Michael Mills, Tangier');
INSERT INTO order_items (item_id,order_id,product_id,quantity,unit_price,line_total) VALUES (1239,497,49,1,218.33,218.33);
INSERT INTO order_items (item_id,order_id,product_id,quantity,unit_price,line_total) VALUES (1240,497,37,3,193.9,581.7);
INSERT INTO order_items (item_id,order_id,product_id,quantity,unit_price,line_total) VALUES (1241,497,43,3,187.29,561.87);
INSERT INTO payments (payment_id,order_id,payment_date,amount,method,status) VALUES (397,497,TO_DATE('2023-01-08','YYYY-MM-DD'),1361.9,'DEBIT_CARD','COMPLETED');

INSERT INTO orders (order_id,customer_id,order_date,status,total_amount,shipping_address) VALUES (498,123,TO_DATE('2023-02-11','YYYY-MM-DD'),'SHIPPED',1468.73,'30 Burgess Forest, Kenitra');
INSERT INTO order_items (item_id,order_id,product_id,quantity,unit_price,line_total) VALUES (1242,498,2,1,830.55,830.55);
INSERT INTO order_items (item_id,order_id,product_id,quantity,unit_price,line_total) VALUES (1243,498,26,2,185.7,371.4);
INSERT INTO order_items (item_id,order_id,product_id,quantity,unit_price,line_total) VALUES (1244,498,40,2,133.39,266.78);
INSERT INTO payments (payment_id,order_id,payment_date,amount,method,status) VALUES (398,498,TO_DATE('2023-02-11','YYYY-MM-DD'),1468.73,'DEBIT_CARD','COMPLETED');

INSERT INTO orders (order_id,customer_id,order_date,status,total_amount,shipping_address) VALUES (499,50,TO_DATE('2024-06-23','YYYY-MM-DD'),'DELIVERED',10612.98,'51 Maria Groves, Tangier');
INSERT INTO order_items (item_id,order_id,product_id,quantity,unit_price,line_total) VALUES (1245,499,6,3,3537.66,10612.98);
INSERT INTO payments (payment_id,order_id,payment_date,amount,method,status) VALUES (399,499,TO_DATE('2024-06-26','YYYY-MM-DD'),10612.98,'BANK_TRANSFER','PENDING');

INSERT INTO orders (order_id,customer_id,order_date,status,total_amount,shipping_address) VALUES (500,132,TO_DATE('2024-02-08','YYYY-MM-DD'),'DELIVERED',278.61,'82 Taylor Ridges, Oujda');
INSERT INTO order_items (item_id,order_id,product_id,quantity,unit_price,line_total) VALUES (1246,500,59,3,92.87,278.61);
INSERT INTO payments (payment_id,order_id,payment_date,amount,method,status) VALUES (400,500,TO_DATE('2024-02-10','YYYY-MM-DD'),278.61,'DEBIT_CARD','COMPLETED');

COMMIT;

-- Totals: 200 customers, 50 products,
-- 500 orders, ~1246 order items, ~400 payments